loan_id,as_of_date,default_flag,annual_income,debt_to_income,loan_amount,interest_rate,term_months,employment_length,credit_history_length,region,fairness_group
ln_e5d172c70983,2024-09-30,0,70770.99,32.64,32448.31,20.132,36,1-3y,13.74,west,A
ln_6a889292c5cd,2024-09-30,0,36292.31,20.53,24744.92,12.462,36,<1y,12.98,south,A
ln_28635a4af28a,2024-09-30,1,55576.82,20.59,12870.76,13.195,36,1-3y,14.69,north,B
ln_28812b0fe550,2024-09-30,0,36837.53,19.0,32106.22,13.303,36,5-10y,12.8,east,A
ln_0650e391bb94,2024-09-30,0,35212.75,22.71,22879.0,14.656,36,5-10y,11.6,west,A
ln_1c21cc64af57,2024-09-30,1,50153.5,39.29,7157.51,21.192,36,1-3y,5.46,north,A
ln_86e29bd66463,2024-09-30,0,71412.78,19.75,37112.91,15.092,36,10y+,13.96,north,A
ln_5e0319b73a6e,2024-09-30,0,34177.9,29.64,36225.28,17.937,36,1-3y,10.42,south,B
ln_7ada022da75f,2024-09-30,0,49141.99,33.85,39080.6,16.226,36,<1y,11.82,north,A
ln_3ab132f87001,2024-09-30,1,48856.25,35.34,10025.54,22.419,36,3-5y,12.41,north,B
ln_6f8053b3702d,2024-09-30,0,57183.05,32.34,10433.28,23.363,36,3-5y,7.73,south,A
ln_a998652618c2,2024-09-30,1,28391.9,38.21,20254.82,24.689,36,3-5y,8.02,north,B
ln_0b2c7e0aacfb,2024-09-30,0,68145.55,30.71,10047.02,17.805,60,10y+,13.13,north,B
ln_12748b52cc07,2024-09-30,1,27746.36,39.7,6188.59,21.748,60,3-5y,10.94,east,B
ln_ca804ad81d1c,2024-09-30,1,22998.11,46.46,2387.03,24.562,36,1-3y,16.55,north,B
ln_aeac0f09a347,2024-09-30,0,31244.59,30.08,30566.12,20.286,36,<1y,9.32,south,B
ln_611eaf6ba82e,2024-09-30,0,40399.4,34.24,11627.44,14.529,36,1-3y,18.22,north,A
ln_ab27964c5e35,2024-09-30,1,41936.36,40.26,8521.51,21.456,36,<1y,11.29,south,B
ln_957381ccc026,2024-09-30,0,54257.9,28.19,16465.73,18.879,36,1-3y,18.3,south,A
ln_c397d6f40351,2024-09-30,0,57508.2,27.13,28249.94,16.276,60,<1y,10.42,north,B
ln_0a5541caf65b,2024-09-30,1,52443.92,32.47,20205.53,18.08,36,<1y,7.1,north,B
ln_bc36a5f7fd22,2024-09-30,1,39936.94,23.6,6269.03,16.833,36,1-3y,9.63,south,B
ln_f7d933599581,2024-09-30,0,85390.52,29.64,52795.27,17.489,60,1-3y,9.92,east,B
ln_2dc0c0547d8d,2024-09-30,0,38163.87,24.23,17604.77,16.819,36,10y+,12.35,south,A
ln_2d0b2ba0e0f4,2024-09-30,1,36761.11,24.75,8267.17,15.714,36,10y+,12.84,west,B
ln_fd0eebe7c6e9,2024-09-30,1,42986.91,28.69,14657.61,19.739,60,<1y,7.68,north,A
ln_4631f7b26c33,2024-09-30,1,88262.72,24.69,3744.88,17.569,60,<1y,9.32,north,A
ln_e8e13674d351,2024-09-30,0,53139.94,39.86,5520.09,21.075,60,3-5y,11.44,east,A
ln_ad5fd6c873c4,2024-09-30,1,71657.43,32.08,9323.02,20.909,36,<1y,8.7,south,B
ln_7a6a8ca597d5,2024-09-30,1,75446.06,27.81,32993.06,18.544,36,1-3y,12.44,east,A
ln_8db434444162,2024-09-30,1,63425.87,36.32,19073.24,18.749,36,<1y,5.77,west,B
ln_0cc6da314e0b,2024-09-30,1,33803.3,49.66,23952.47,25.814,36,3-5y,20.72,north,B
ln_9631a550f02d,2024-09-30,0,103571.85,32.63,9894.64,18.363,60,1-3y,11.57,south,A
ln_d96d218a2d59,2024-09-30,0,49950.56,14.75,20744.85,15.58,36,1-3y,9.88,north,A
ln_d25db83d665a,2024-09-30,1,70223.41,34.76,8992.82,21.342,36,1-3y,8.04,west,A
ln_fbdbeb93883c,2024-09-30,0,39150.85,25.27,16311.19,16.504,36,<1y,14.94,north,A
ln_7f5ee8f51f31,2024-09-30,0,42528.37,32.82,23928.47,17.971,36,1-3y,19.76,north,A
ln_0c9054e8351d,2024-09-30,0,33945.24,21.8,17608.09,14.556,36,<1y,18.47,north,A
ln_e99e0312d209,2024-09-30,1,85626.25,32.84,14863.42,19.272,60,<1y,5.27,north,B
ln_46347bf31816,2024-09-30,1,85406.6,20.84,20992.49,18.72,36,1-3y,7.92,south,B
ln_9e362c851c87,2024-09-30,1,22259.52,32.87,12361.84,20.478,36,1-3y,9.05,south,A
ln_4f4abdfb8cf4,2024-09-30,0,92613.57,30.08,10465.03,19.95,36,10y+,13.34,west,B
ln_ad532a30d3b3,2024-09-30,0,107204.63,21.27,23240.05,14.585,36,3-5y,6.63,east,A
ln_8bd869efcd34,2024-09-30,1,31066.97,21.01,11402.63,16.273,36,<1y,14.33,east,B
ln_94da07247d03,2024-09-30,0,39451.8,31.21,16746.8,18.914,36,<1y,15.22,west,A
ln_b726eb66fced,2024-09-30,1,40234.47,42.68,16010.18,21.694,36,1-3y,12.71,west,A
ln_f87c68557e97,2024-09-30,0,43074.26,14.53,2942.74,14.403,36,<1y,6.11,west,A
ln_cc8f193d8cb5,2024-09-30,0,44048.04,35.86,17758.47,17.069,36,3-5y,8.29,north,B
ln_d0e5c3746338,2024-09-30,0,66032.36,36.61,8344.66,18.383,36,1-3y,11.48,west,A
ln_e552d0c5c27f,2024-09-30,1,36423.43,31.5,34612.77,20.742,36,1-3y,14.13,south,A
ln_930b48ea36a0,2024-09-30,0,37999.52,23.45,14750.55,18.372,60,5-10y,18.96,east,A
ln_3f7bf0fc0209,2024-09-30,0,113954.43,31.26,31015.02,13.475,36,<1y,12.23,west,A
ln_8717b107bd4a,2024-09-30,0,77395.82,31.28,23122.72,17.481,36,5-10y,8.06,south,A
ln_5ad742348121,2024-09-30,0,78866.0,37.24,5778.43,21.998,36,1-3y,9.14,south,A
ln_af34a40bc63f,2024-09-30,0,50587.93,25.36,40736.72,18.302,60,3-5y,6.19,west,A
ln_ae3646832e20,2024-09-30,1,40567.33,31.99,10325.35,21.895,36,1-3y,12.8,west,B
ln_feb7a870db69,2024-09-30,0,50280.4,21.87,13850.14,14.185,60,<1y,16.52,west,A
ln_2d674fcf0e2e,2024-09-30,0,32759.56,29.61,10939.32,18.536,36,<1y,10.19,north,A
ln_644d41cc03f2,2024-09-30,0,65839.44,31.36,20833.45,17.06,36,<1y,13.89,north,A
ln_7b218eed12db,2024-09-30,0,77989.68,20.9,7865.8,13.986,36,3-5y,11.68,west,A
ln_828e4cf6e598,2024-09-30,0,46573.29,24.38,4223.94,15.929,36,1-3y,11.71,north,A
ln_e8de8bc80b84,2024-09-30,1,52904.01,24.5,30962.99,18.711,60,3-5y,12.58,west,A
ln_8ab49472ad34,2024-09-30,0,50390.8,25.43,13407.74,14.282,36,1-3y,11.65,south,B
ln_e36ced5a9022,2024-09-30,0,67285.31,21.42,14863.01,16.439,36,<1y,6.68,south,A
ln_4b6852cdea4c,2024-09-30,0,42316.73,32.95,39569.9,18.754,60,10y+,28.24,west,A
ln_2c84ec6b30c7,2024-09-30,0,32471.09,29.21,6232.77,16.73,36,3-5y,14.21,north,B
ln_ee73485c754d,2024-09-30,0,22925.25,17.33,8710.11,14.444,36,10y+,19.16,north,A
ln_5707ba06ba60,2024-09-30,0,67812.23,33.83,7250.43,20.754,36,5-10y,10.4,west,B
ln_07f0af7f780f,2024-09-30,0,62341.76,12.82,18956.09,15.565,60,5-10y,20.64,south,A
ln_0b5a79a05f90,2024-09-30,0,54572.6,32.59,21150.57,22.531,60,<1y,5.54,west,A
ln_d51ba46c6183,2024-09-30,0,73349.16,27.6,10359.99,17.723,60,10y+,15.39,south,A
ln_6017d3cbe4ff,2024-09-30,0,93917.29,22.83,51331.08,16.064,36,3-5y,10.5,south,A
ln_8ab8b5c0d62e,2024-09-30,1,31065.25,37.15,34994.61,18.283,36,<1y,12.21,south,A
ln_14531cb49ba7,2024-09-30,0,16500.3,28.35,40246.64,16.702,36,1-3y,18.7,east,A
ln_560db6317a6c,2024-09-30,1,44279.71,33.66,5218.5,14.999,36,<1y,18.47,south,A
ln_b2e63f519e21,2024-09-30,1,28754.14,27.89,34672.21,15.344,36,<1y,13.9,west,B
ln_0b05b9825e38,2024-09-30,1,20636.64,37.92,18995.73,18.722,36,5-10y,11.75,north,B
ln_62b6a451de8e,2024-09-30,0,68623.44,25.61,14980.73,18.837,36,<1y,12.24,east,A
ln_780af905427b,2024-09-30,1,39737.81,33.97,12445.48,19.676,36,<1y,8.83,east,B
ln_9cca410c8fff,2024-09-30,0,105679.98,28.56,21868.63,16.096,36,3-5y,15.04,south,B
ln_b50c78d9808e,2024-09-30,1,47606.62,41.61,17528.04,28.84,60,<1y,4.83,north,A
ln_3fcb38323535,2024-09-30,1,46626.52,43.88,15253.42,18.2,36,5-10y,14.59,east,B
ln_cfc389cceeb3,2024-09-30,1,52569.07,27.58,16056.75,17.072,36,1-3y,9.24,west,A
ln_87f96ce433cb,2024-09-30,1,41091.51,43.52,25404.75,19.47,36,1-3y,9.68,north,A
ln_c89f566db4d6,2024-09-30,0,48406.14,30.27,4319.34,19.178,36,1-3y,13.36,north,A
ln_8f59a9f0ca00,2024-09-30,0,39142.74,25.7,12314.44,15.763,36,3-5y,12.74,west,B
ln_697b1a46b5ce,2024-09-30,0,118099.82,16.11,13169.61,11.097,36,10y+,20.22,west,A
ln_e1f7b410ccc6,2024-09-30,1,95772.0,36.05,8975.34,23.661,60,1-3y,9.33,south,A
ln_b8b37982870d,2024-09-30,0,135270.45,37.76,26491.79,20.708,60,<1y,10.77,north,A
ln_3c443031fe8a,2024-09-30,0,53330.89,22.69,7186.44,15.451,36,1-3y,9.52,west,B
ln_4e278cfe5e91,2024-09-30,1,61567.39,32.53,32152.9,21.077,36,5-10y,11.03,south,B
ln_c5b8a94f92d6,2024-09-30,1,41313.87,51.67,9611.14,24.133,36,<1y,7.45,north,A
ln_a02824a14951,2024-09-30,1,76611.14,36.8,10915.66,17.223,36,<1y,17.66,north,A
ln_7ae2bf81694f,2024-09-30,0,36332.3,46.12,13707.57,23.634,36,10y+,14.09,south,B
ln_985f3cfe3ae0,2024-09-30,0,63360.12,28.73,6989.96,18.099,36,<1y,12.25,south,A
ln_6457b4365ed7,2024-09-30,1,29006.61,40.59,18202.92,23.696,60,1-3y,7.63,east,A
ln_c805d331940f,2024-09-30,1,97266.25,33.94,29702.76,17.685,36,<1y,20.55,west,A
ln_680dc35ebd2e,2024-09-30,1,48673.9,18.05,5802.22,16.924,36,3-5y,12.04,south,A
ln_65b40b714a46,2024-09-30,1,26629.42,32.64,9228.85,22.247,60,<1y,5.53,west,B
ln_59db8404a28e,2024-09-30,1,32683.04,31.88,20038.33,20.981,36,1-3y,14.07,west,B
ln_c37c65095cd1,2024-09-30,0,50568.36,24.16,11328.13,16.828,36,<1y,6.42,south,A
ln_e30c00bcfee9,2024-09-30,0,35065.07,34.09,11985.0,19.954,36,1-3y,7.45,west,B
ln_c5e8f6afd634,2024-09-30,0,55503.22,45.76,22048.47,21.091,36,5-10y,18.68,south,B
ln_96f12a8ac7b8,2024-09-30,1,187831.21,34.66,13323.65,17.42,36,<1y,7.07,west,A
ln_06e881a59552,2024-09-30,0,26930.09,18.73,11578.18,16.338,36,1-3y,13.86,west,A
ln_b6303e2cc4a6,2024-09-30,1,36856.99,22.69,20992.37,15.276,36,1-3y,8.28,west,A
ln_24623622c809,2024-09-30,0,73373.72,27.65,12876.78,20.29,36,1-3y,8.76,north,A
ln_1b2b99c72db0,2024-09-30,0,34868.4,31.1,2998.11,15.682,36,10y+,18.65,east,B
ln_cd271971110d,2024-09-30,1,61680.4,32.6,7030.38,15.713,36,<1y,11.64,east,B
ln_b8af61fa5cfc,2024-09-30,0,30217.76,35.49,16259.29,17.741,36,5-10y,20.46,west,A
ln_77b805e3ec81,2024-09-30,0,24216.93,49.62,10327.46,26.159,36,1-3y,10.94,west,A
ln_bfa022701477,2024-09-30,0,64063.16,27.2,12305.48,19.493,36,10y+,14.37,east,A
ln_5453ebc2e35d,2024-09-30,0,48684.06,28.37,7309.1,19.453,36,<1y,8.56,east,A
ln_76a3ddd59c36,2024-09-30,0,37548.29,35.18,6690.79,16.984,36,10y+,18.85,west,A
ln_58a2e431470e,2024-09-30,1,86319.87,22.29,9294.21,16.222,60,1-3y,7.75,east,B
ln_b1068faa8f52,2024-09-30,1,52111.83,32.96,24117.01,17.346,36,3-5y,11.76,north,B
ln_ad10508ae148,2024-09-30,0,57199.14,22.96,13972.85,16.204,36,1-3y,6.98,south,A
ln_c3adc0ca3c57,2024-09-30,0,54883.29,28.29,13563.89,16.17,36,5-10y,15.2,south,B
ln_78dede74926c,2024-09-30,1,40378.99,26.2,7435.11,15.376,36,1-3y,6.4,west,A
ln_14c5244ea217,2024-09-30,0,108165.87,32.25,8180.55,21.756,36,<1y,5.93,west,A
ln_c1a1a7936e01,2024-09-30,1,42717.63,43.61,46480.32,22.464,36,1-3y,16.86,west,B
ln_f74c52ed0326,2024-09-30,1,19761.25,34.1,27775.11,22.372,36,3-5y,6.75,east,B
ln_207e09333de9,2024-09-30,0,50694.5,20.97,8144.99,16.202,36,<1y,8.31,south,B
ln_2dce3c5dde61,2024-09-30,0,30809.95,27.82,18353.62,16.21,36,3-5y,15.83,south,B
ln_380e62f2a1ab,2024-09-30,1,105678.29,38.46,19913.45,21.697,36,<1y,13.93,south,A
ln_e4d06679b7a8,2024-09-30,0,67896.73,26.68,9380.14,13.03,36,<1y,12.42,north,A
ln_0c28765942d6,2024-09-30,1,21162.71,31.35,17197.57,20.279,60,1-3y,11.83,west,A
ln_caef64bba4f8,2024-09-30,0,110706.52,33.09,13723.3,22.103,60,3-5y,14.55,west,A
ln_f10a8f82c3bf,2024-09-30,0,82255.62,25.14,13075.04,15.71,36,3-5y,9.47,west,A
ln_f360ca38493c,2024-09-30,0,28117.62,23.57,14497.73,14.427,36,1-3y,11.09,west,B
ln_a1468e329579,2024-09-30,1,20422.3,37.01,10709.53,24.205,36,1-3y,11.46,south,B
ln_c6c3b5bceaf5,2024-09-30,1,40299.67,27.81,30079.69,16.981,60,3-5y,11.31,east,A
ln_d779f17ae489,2024-09-30,1,49867.0,29.42,36191.39,20.407,36,1-3y,7.67,east,A
ln_36ffbb708b79,2024-09-30,1,36385.0,41.43,11318.91,19.301,36,3-5y,18.04,east,A
ln_1e62f4c7089e,2024-09-30,0,37987.42,22.26,6534.27,16.151,60,1-3y,12.15,west,A
ln_adb7c1828f24,2024-09-30,1,102201.6,24.3,9180.27,14.598,36,<1y,5.35,west,B
ln_81943d0f078e,2024-09-30,1,64682.24,51.69,12903.59,23.781,36,<1y,6.79,south,B
ln_68505f3bc737,2024-09-30,0,30023.31,28.44,22121.1,15.504,60,3-5y,18.15,west,B
ln_2f46918e95b7,2024-09-30,0,75102.01,18.68,12675.52,14.199,36,3-5y,16.25,west,A
ln_155eca2c9aa0,2024-09-30,1,25925.41,24.47,21717.13,16.155,36,<1y,7.26,east,B
ln_273d41c204a5,2024-09-30,0,40515.91,37.56,10478.89,23.408,60,1-3y,16.18,east,B
ln_16cf2caa0e4b,2024-09-30,1,62351.53,26.21,32209.83,16.255,60,<1y,14.2,east,A
ln_dda240e77947,2024-09-30,0,75740.4,29.02,12646.37,17.811,36,<1y,4.93,south,A
ln_8749036045ca,2024-09-30,0,65272.64,33.22,5539.15,18.118,36,3-5y,10.68,east,B
ln_6a9ff3cd3999,2024-09-30,0,66985.39,21.25,7331.24,16.432,36,<1y,4.44,west,A
ln_2fd96a663c2f,2024-09-30,0,115403.29,17.49,12640.08,14.764,36,1-3y,11.89,east,B
ln_79c5b15d0736,2024-09-30,1,64312.01,42.62,11174.07,25.25,36,1-3y,8.59,north,A
ln_7720bc1ba975,2024-09-30,1,43769.38,27.83,26773.56,18.539,36,1-3y,6.86,east,B
ln_bb2d0a079abe,2024-09-30,1,45345.09,27.74,10491.88,18.918,36,<1y,5.29,north,B
ln_cbc4dabed1df,2024-09-30,0,43117.34,42.2,24660.63,18.79,36,10y+,19.68,south,A
ln_80c5ca95d1ac,2024-09-30,0,51743.02,25.55,22106.38,17.533,60,5-10y,14.63,east,A
ln_36450a283f40,2024-09-30,1,55715.63,39.16,34103.76,23.407,36,<1y,12.32,north,A
ln_fc85378c3969,2024-09-30,1,104816.77,24.06,11736.41,19.136,60,3-5y,12.26,west,A
ln_f275f9727dc1,2024-09-30,1,48807.75,21.46,10738.01,16.668,60,3-5y,19.71,west,A
ln_6cf4c7330554,2024-09-30,1,38487.52,23.48,18155.11,13.049,36,<1y,13.09,south,B
ln_47472843e0b2,2024-09-30,0,45171.92,33.36,8088.71,21.502,36,<1y,9.36,east,A
ln_64433a9732ce,2024-09-30,0,49291.9,36.02,8665.97,25.074,36,1-3y,15.36,west,A
ln_4c1bf531b168,2024-09-30,1,43302.14,30.74,17162.02,21.957,60,3-5y,10.45,north,B
ln_adead58ac815,2024-09-30,1,53208.85,36.4,24928.58,19.269,36,10y+,13.49,west,A
ln_99d979780eea,2024-09-30,0,64153.84,16.91,11628.32,11.518,36,<1y,19.15,east,A
ln_0f35cda249d8,2024-09-30,0,93910.85,29.99,21682.62,18.759,36,1-3y,14.12,east,B
ln_796a5e91c650,2024-09-30,0,40576.83,26.11,20652.83,22.3,36,<1y,7.51,south,B
ln_0af7479b2cd7,2024-09-30,0,48646.53,33.01,5682.78,18.037,36,10y+,17.32,east,A
ln_6889447f4fd8,2024-09-30,1,44423.11,32.05,20284.8,19.076,36,5-10y,13.67,east,A
ln_6af1bcaec6e8,2024-09-30,0,113135.28,28.19,10173.38,13.777,36,<1y,9.48,west,B
ln_c21bea0ff891,2024-09-30,0,80977.55,30.32,19655.43,15.638,36,3-5y,9.79,west,B
ln_e000c7a37ad1,2024-09-30,0,74154.17,19.38,10550.05,19.715,36,<1y,5.86,north,A
ln_aa2974369508,2024-09-30,0,64111.15,29.05,22207.44,19.989,36,10y+,12.12,west,B
ln_9030c4d82c56,2024-09-30,0,43003.72,28.26,7178.13,17.696,36,3-5y,12.06,east,A
ln_9da2073d0186,2024-09-30,0,23100.11,34.06,5908.24,19.224,36,1-3y,15.17,west,A
ln_bff3c0f0fa43,2024-09-30,1,16651.4,27.45,22512.75,25.034,60,<1y,6.17,east,A
ln_fcc6a3df4ec2,2024-09-30,0,35920.27,25.02,23796.11,14.126,36,3-5y,11.97,north,A
ln_0fc130b5ae70,2024-09-30,1,74256.59,31.3,6230.99,14.775,36,<1y,10.7,west,A
ln_cc1b395b240a,2024-09-30,0,124821.68,31.16,8144.94,16.746,60,1-3y,8.02,east,B
ln_aab02a714555,2024-09-30,1,27678.56,31.44,7553.69,19.122,36,5-10y,8.25,east,B
ln_6eedfa63e65a,2024-09-30,1,35707.58,37.9,26272.14,26.022,36,1-3y,18.69,east,A
ln_6dd13b9ae9e8,2024-09-30,0,49186.71,31.77,18445.42,19.628,36,1-3y,17.57,north,A
ln_30002700630e,2024-09-30,0,59267.67,26.89,2383.68,17.464,36,3-5y,11.15,south,B
ln_013b4e82b0f0,2024-09-30,1,33889.24,36.42,5398.55,20.658,36,<1y,16.41,north,B
ln_4485c87a2b18,2024-09-30,1,33402.03,40.81,21280.86,19.425,60,3-5y,19.24,east,A
ln_2c91412ee3d3,2024-09-30,1,87681.83,26.14,15097.93,16.888,36,<1y,4.83,west,A
ln_e51d5e0ad6e1,2024-09-30,0,61088.63,28.81,8920.56,15.648,36,5-10y,11.92,north,A
ln_46c3aa36bd27,2024-09-30,1,61804.79,27.69,13402.21,22.049,60,1-3y,10.51,west,B
ln_a50f3b0d29ea,2024-09-30,0,62966.87,23.37,10827.44,18.418,60,1-3y,15.27,north,A
ln_a1565d7d44cd,2024-09-30,0,70077.55,28.11,14163.52,21.01,60,<1y,6.42,south,A
ln_c408ece2eaf3,2024-09-30,0,38465.75,10.64,10782.83,13.645,60,3-5y,14.35,south,B
ln_e40a5fa3be49,2024-09-30,1,57220.1,30.0,13617.77,18.322,36,3-5y,10.55,north,A
ln_cf6038077500,2024-09-30,1,84849.59,46.6,28908.59,23.296,36,1-3y,10.94,east,B
ln_e736b96da1a7,2024-09-30,1,55087.78,40.35,7309.83,18.301,36,1-3y,11.76,north,B
ln_3d440880f2a8,2024-09-30,1,50444.4,33.93,23390.25,20.439,36,1-3y,5.13,north,A
ln_5a6c765ecdf9,2024-09-30,1,28513.37,42.36,6728.36,19.803,36,<1y,12.47,east,B
ln_ce05026d4d83,2024-09-30,0,90786.63,32.21,20511.04,19.453,36,3-5y,17.65,west,A
ln_8638a0560cf1,2024-09-30,1,65729.66,52.87,16389.05,26.266,36,<1y,6.82,east,A
ln_77b57d5604e4,2024-09-30,0,32989.44,21.44,4941.84,14.963,36,1-3y,20.35,east,B
ln_7ee676a4110b,2024-09-30,1,69271.66,32.47,5879.96,19.776,36,10y+,14.86,west,B
ln_52d9b7973c9b,2024-09-30,0,62291.14,27.09,32672.33,16.495,36,1-3y,7.39,east,A
ln_2442c6d92ec9,2024-09-30,0,78144.26,27.51,20033.95,18.3,60,1-3y,17.74,south,A
ln_4b9f4f9be1b3,2024-09-30,0,80337.83,34.91,3769.77,18.05,60,1-3y,21.2,north,A
ln_5dbe1a9581d9,2024-09-30,0,54105.05,22.64,30717.03,16.48,36,1-3y,14.84,south,B
ln_dc355c9a3254,2024-09-30,0,46946.49,19.53,7965.44,12.183,36,1-3y,15.81,east,A
ln_5b6e5733a9f1,2024-09-30,0,45437.42,25.06,12809.29,14.058,36,<1y,10.63,east,A
ln_6e390a3dd4d1,2024-09-30,1,38831.39,38.2,13086.73,19.516,36,5-10y,11.6,east,A
ln_f538806f939b,2024-09-30,1,51400.67,24.68,22252.55,18.077,36,<1y,10.7,west,B
ln_7b5399029a41,2024-09-30,0,75503.24,28.51,15226.94,15.524,36,<1y,8.42,south,A
ln_7394b9123809,2024-09-30,0,54845.22,25.04,23649.9,14.05,36,3-5y,27.96,west,A
ln_8e4eaa0e1dbd,2024-09-30,0,72382.35,34.74,14094.66,22.222,60,<1y,7.47,east,A
ln_1a9bb5cbc988,2024-09-30,0,42008.24,26.4,12681.5,15.917,36,1-3y,7.54,north,B
ln_5471d17e8d64,2024-09-30,1,59267.08,29.64,13012.61,18.274,36,3-5y,13.71,west,A
ln_b606d74d8fba,2024-09-30,0,42762.9,29.54,3386.41,20.283,60,<1y,6.13,west,B
ln_ccb7d6f2e675,2024-09-30,0,42934.63,27.88,6919.88,20.334,36,<1y,7.55,east,A
ln_d9c1d55183fe,2024-09-30,1,33872.69,35.03,10034.76,21.985,36,<1y,6.54,south,A
ln_855f46fcaeb4,2024-09-30,1,61960.01,40.08,16276.82,25.418,60,10y+,10.03,north,A
ln_2393d742886b,2024-09-30,0,65053.29,36.51,12422.4,21.308,60,<1y,7.12,south,A
ln_b9b14ae30f82,2024-09-30,0,64673.66,35.37,13012.32,16.917,36,3-5y,16.6,west,A
ln_fc0074ec932a,2024-09-30,1,46966.83,16.67,4473.43,19.282,60,1-3y,14.45,west,B
ln_95b555c9c72e,2024-09-30,1,32189.16,43.28,10097.88,20.886,36,<1y,5.64,east,A
ln_132ea8969911,2024-09-30,1,21986.29,35.15,12541.51,15.851,36,5-10y,10.62,west,A
ln_b40e3e58c454,2024-09-30,0,80886.65,24.46,8545.93,16.417,36,3-5y,12.29,south,A
ln_3e713ba7729e,2024-09-30,1,74006.37,37.45,15001.46,23.209,36,<1y,5.72,north,A
ln_f4306ce9ea5e,2024-09-30,1,87567.4,42.03,14353.77,19.681,36,<1y,8.44,north,A
ln_080563503d4f,2024-09-30,0,121345.26,21.15,6421.26,15.629,36,1-3y,14.96,east,A
ln_6146666fd2bb,2024-09-30,0,103947.25,19.05,16507.75,12.561,36,1-3y,4.74,south,A
ln_2851397bc7d0,2024-09-30,1,40512.19,29.86,16532.7,18.374,60,<1y,9.88,south,A
ln_578b47b567e4,2024-09-30,0,31572.78,22.32,21078.01,14.101,60,<1y,18.26,north,A
ln_5f87b2f37ffe,2024-09-30,0,96024.26,21.96,26863.16,17.908,36,<1y,8.2,north,B
ln_d75973f37b49,2024-09-30,0,47689.86,28.62,9534.12,18.911,36,1-3y,13.72,north,A
ln_84dc8ee8543b,2024-09-30,1,78655.71,34.99,7346.8,25.285,36,<1y,7.8,south,A
ln_ae42093dc254,2024-09-30,0,34100.06,19.54,8071.08,13.215,36,10y+,14.07,east,A
ln_6003a7496bd7,2024-09-30,0,59205.98,25.72,47233.34,16.539,36,<1y,20.23,north,A
ln_25341b984e53,2024-09-30,0,57182.57,13.38,15962.97,11.764,60,<1y,7.23,north,B
ln_dc35354e8475,2024-09-30,0,117022.01,20.26,9717.48,12.018,36,1-3y,12.59,west,B
ln_6b9eb55055c0,2024-09-30,0,65455.4,29.93,15642.79,22.389,36,5-10y,10.99,east,A
ln_0e21c6ea44a8,2024-09-30,0,46739.6,25.71,13340.0,18.151,36,5-10y,15.16,east,B
ln_66e6ccc5e81f,2024-09-30,0,65431.86,42.84,14180.04,21.939,60,1-3y,17.13,west,A
ln_5dc7c8a900c5,2024-09-30,0,24784.45,26.3,8950.01,18.488,36,5-10y,20.55,east,A
ln_df254623a19d,2024-09-30,1,108213.22,18.92,12333.34,13.978,60,3-5y,12.99,north,A
ln_f72c43096c3f,2024-09-30,0,67580.84,35.57,16899.74,20.55,36,5-10y,14.28,south,B
ln_e48edb50df5d,2024-09-30,0,53648.53,20.49,9122.93,16.395,60,5-10y,15.53,north,A
ln_be041a757bd6,2024-09-30,1,59413.27,37.56,10333.98,21.824,36,1-3y,7.22,east,A
ln_c34cc089df06,2024-09-30,1,22422.94,21.24,23826.52,17.268,36,5-10y,10.24,east,A
ln_47ee0e7b79ab,2024-09-30,0,40481.44,27.51,37843.94,16.823,36,<1y,7.66,east,B
ln_9ce2d520892a,2024-09-30,0,78488.41,29.38,22478.65,19.069,36,3-5y,11.08,north,A
ln_97cb7de7ce0b,2024-09-30,1,43291.13,41.27,17403.77,20.649,60,<1y,8.78,south,A
ln_dae330f495ec,2024-09-30,0,44386.84,42.05,15185.72,15.026,36,1-3y,17.18,east,A
ln_51c36810b44a,2024-09-30,1,59835.99,29.36,27849.01,15.047,60,1-3y,15.8,north,B
ln_6a220545fa74,2024-09-30,1,32135.64,58.42,12090.17,26.631,36,1-3y,25.3,south,A
ln_74c695893802,2024-09-30,1,41782.54,35.72,13581.6,21.154,36,5-10y,10.25,west,B
ln_90b86f0667c0,2024-09-30,0,59534.05,23.16,13607.99,17.316,36,1-3y,15.26,south,A
ln_0666df43b8fb,2024-09-30,1,62356.28,34.0,35026.72,19.005,36,10y+,11.59,north,A
ln_bbdd9d406044,2024-09-30,1,43745.35,26.1,34301.0,13.417,36,1-3y,11.75,east,A
ln_3f567c7911cd,2024-09-30,0,59179.24,34.26,29364.15,18.61,36,<1y,8.78,west,B
ln_1d55ec7fc372,2024-09-30,1,37414.89,44.64,18124.28,20.642,36,3-5y,16.22,east,A
ln_4dab7032c3c9,2024-09-30,0,51903.97,18.72,22231.85,16.42,36,10y+,18.69,south,A
ln_691baa5c7de5,2024-09-30,1,65602.56,39.83,12004.62,18.771,36,1-3y,8.68,west,A
ln_7d098e014f86,2024-09-30,1,26638.86,37.35,13419.03,21.448,36,<1y,8.31,west,A
ln_451cc689ea54,2024-09-30,1,48092.14,42.27,12958.22,22.449,36,<1y,18.35,south,A
ln_cf41ef266bf8,2024-09-30,0,42712.46,26.7,35302.93,14.308,36,1-3y,13.32,north,A
ln_af0c84d0cfa5,2024-09-30,0,275773.19,25.48,10543.15,16.276,36,3-5y,13.65,north,A
ln_6c670f4add42,2024-09-30,1,43229.65,31.0,6711.24,20.567,60,3-5y,15.77,west,A
ln_6b2e443b99c2,2024-09-30,1,71693.76,23.61,24705.01,20.343,36,3-5y,18.1,north,A
ln_81c1d8c22c01,2024-09-30,1,78147.05,25.49,10903.36,15.487,36,1-3y,7.16,north,B
ln_581eb51dab2f,2024-09-30,1,71639.94,36.41,23906.05,20.622,36,3-5y,7.39,east,A
ln_6265008c29b5,2024-09-30,1,71084.03,37.65,50484.86,21.538,60,1-3y,13.59,north,A
ln_79ba32b7d281,2024-09-30,0,103544.62,11.47,8158.32,12.41,60,<1y,13.62,north,A
ln_8b2202393a46,2024-09-30,1,41522.31,33.61,9967.63,21.408,60,1-3y,17.08,east,A
ln_c469c25d9c4c,2024-09-30,0,76229.6,36.05,8860.58,21.12,36,3-5y,13.35,west,A
ln_96d86a65a3f4,2024-09-30,0,60143.3,24.91,35790.95,14.379,36,3-5y,20.04,north,A
ln_6ef27648bcf3,2024-09-30,1,20010.17,36.05,6891.62,22.762,36,3-5y,12.25,south,A
ln_b2ca920439e3,2024-09-30,0,43207.32,34.31,25351.96,20.056,60,<1y,5.76,south,B
ln_d2027559f7bc,2024-09-30,1,94483.01,40.31,12144.63,19.262,36,1-3y,10.73,east,A
ln_b03f90911658,2024-09-30,0,27897.65,19.25,25120.06,16.14,36,1-3y,10.24,east,A
ln_08fad7856c3c,2024-09-30,0,26226.8,27.06,10766.41,18.431,60,5-10y,7.65,east,A
ln_c9e0ffe9dcd0,2024-09-30,1,56773.62,35.22,12701.05,21.232,36,<1y,5.81,south,A
ln_75ecad8e0e45,2024-09-30,0,45070.58,25.97,12642.33,16.45,36,<1y,11.05,east,A
ln_64a8a69075f9,2024-09-30,0,33322.53,25.9,20618.97,15.764,36,1-3y,9.75,north,A
ln_803a68ee6fa5,2024-09-30,1,44933.75,26.51,19864.15,18.715,60,<1y,9.18,south,A
ln_43e1e5fb35d4,2024-09-30,0,56516.1,32.51,16358.65,17.39,36,5-10y,23.11,east,A
ln_d74fc73e3ef9,2024-09-30,1,32839.68,43.49,10630.59,23.803,36,10y+,16.86,east,B
ln_72081f520f69,2024-09-30,0,64047.23,33.88,8330.05,16.779,36,<1y,14.37,south,A
ln_f315627235a2,2024-09-30,1,57546.85,35.28,11784.18,19.774,36,<1y,7.1,west,A
ln_f3fd7a6a8c9d,2024-09-30,1,66703.65,40.08,10018.88,20.403,36,1-3y,8.43,east,B
ln_8ef05517d7bf,2024-09-30,0,76248.3,38.95,7149.05,24.973,36,<1y,12.34,west,A
ln_7ff62f3bd6d5,2024-09-30,1,75679.78,38.68,36002.6,16.938,60,3-5y,18.16,south,B
ln_5ae5ef5773ee,2024-09-30,1,52421.91,45.21,22438.51,24.504,36,1-3y,12.53,east,A
ln_3e9123eade4b,2024-09-30,0,73953.91,34.87,5000.21,14.718,36,3-5y,12.25,west,A
ln_523a821ead0e,2024-09-30,0,36951.7,33.01,17512.11,18.914,36,<1y,9.69,north,A
ln_c1ea5c238f33,2024-09-30,1,42011.52,31.44,7171.01,20.593,60,3-5y,11.47,east,B
ln_395a0cfccf22,2024-09-30,0,55069.72,24.2,9893.4,14.361,36,<1y,14.25,west,A
ln_64eb2f92dd9a,2024-09-30,0,63157.83,23.56,20758.34,14.401,36,1-3y,8.74,west,B
ln_cb99bb1d1171,2024-09-30,0,87483.07,22.53,7444.51,19.258,36,<1y,8.51,south,B
ln_dc443f184f91,2024-09-30,1,89437.1,41.3,15292.79,22.457,60,<1y,14.01,south,A
ln_26432bf8bfd2,2024-09-30,0,37970.79,34.31,12741.65,19.851,60,<1y,14.38,west,A
ln_376fff6c8171,2024-09-30,0,48056.92,38.92,8259.11,19.179,36,<1y,7.11,north,B
ln_3cab5a923e9e,2024-09-30,0,72153.59,33.53,9490.92,21.443,36,<1y,13.66,north,A
ln_e67041646494,2024-09-30,0,61236.34,22.67,11250.56,14.631,36,5-10y,15.85,east,A
ln_768ea1ba7b20,2024-09-30,1,38730.61,48.93,23012.09,26.245,60,5-10y,10.05,north,B
ln_1b777af1dc76,2024-09-30,0,27434.33,16.63,14063.66,13.456,60,1-3y,19.56,north,B
ln_35092ba0423f,2024-09-30,1,32968.59,35.88,14014.25,16.611,60,<1y,7.44,west,B
ln_d6655338bfc1,2024-09-30,1,92753.42,40.34,7829.64,20.42,36,<1y,17.85,south,B
ln_5edbacfb1f62,2024-09-30,1,33946.29,28.33,25511.63,18.835,36,3-5y,14.3,south,A
ln_7656fa9591df,2024-09-30,0,79650.19,32.47,16964.39,17.163,36,<1y,9.66,west,A
ln_db9a1bb5c7bc,2024-09-30,1,39172.39,24.07,13478.24,16.887,36,3-5y,10.1,south,B
ln_d04055ad3e5e,2024-09-30,1,45938.55,23.2,17277.18,16.928,36,1-3y,7.08,north,A
ln_837f12fa797f,2024-09-30,1,89129.62,36.36,2451.85,20.479,36,5-10y,13.21,west,A
ln_98396204a5b5,2024-09-30,0,30437.2,20.96,25855.05,13.649,36,<1y,12.35,north,A
ln_1adf01645b0b,2024-09-30,1,46386.09,22.35,7353.08,17.207,60,5-10y,18.37,north,A
ln_019ee0158d08,2024-09-30,0,115193.38,25.08,6723.31,17.172,36,3-5y,10.54,north,A
ln_17ba4f41f386,2024-09-30,0,51774.72,18.71,7824.96,17.704,36,1-3y,6.85,south,B
ln_6ae07cbdfc75,2024-09-30,1,58405.83,38.44,19758.82,20.164,36,5-10y,13.01,south,B
ln_b6f56883ef39,2024-09-30,0,53677.7,23.09,9030.94,19.84,60,<1y,12.14,west,A
ln_40ca68e076bd,2024-09-30,0,47007.45,24.36,15216.71,11.376,36,1-3y,28.12,west,A
ln_813d78ac097c,2024-09-30,1,83408.63,35.14,3433.01,20.363,36,1-3y,9.94,west,A
ln_92ed8d0627f1,2024-09-30,0,25714.8,18.58,24076.76,14.974,36,1-3y,11.54,south,B
ln_97191ca99909,2024-09-30,1,24920.16,31.72,10609.11,18.492,60,<1y,8.62,west,A
ln_b9d601307bad,2024-09-30,1,71540.22,44.29,7051.04,22.217,36,10y+,19.85,east,A
ln_6a86c3e81c99,2024-09-30,0,15172.61,14.62,3401.75,13.501,36,<1y,9.75,north,B
ln_8e46dd87eb82,2024-09-30,1,65784.12,27.6,5582.68,15.05,36,<1y,2.64,west,A
ln_4d68f66172a1,2024-09-30,0,78806.77,33.88,9025.12,23.306,36,3-5y,9.13,south,B
ln_062e10ffb393,2024-09-30,0,29599.95,28.4,13396.19,16.52,36,<1y,17.55,south,A
ln_fe1055150bf8,2024-09-30,1,53101.76,39.31,15771.67,18.036,36,1-3y,15.43,south,B
ln_eed723be8daf,2024-09-30,0,57427.14,22.26,8797.55,18.085,36,3-5y,12.54,east,A
ln_1ca869f770ed,2024-09-30,0,43042.64,36.06,6313.48,18.012,36,1-3y,15.25,south,B
ln_cf68b0cd671d,2024-09-30,0,67915.45,37.49,14861.16,21.322,36,<1y,12.04,west,A
ln_20e4b0d622a2,2024-09-30,0,98619.86,36.84,23734.35,20.87,36,<1y,5.27,west,B
ln_8d1e4071d450,2024-09-30,0,29402.3,28.71,4607.59,19.214,60,1-3y,13.56,north,B
ln_b1550a5e6379,2024-09-30,1,76131.8,45.85,37068.98,20.882,36,3-5y,10.46,west,B
ln_9fbba7dcd1e9,2024-09-30,1,37309.6,28.84,17418.78,18.383,36,5-10y,10.21,east,B
ln_8e3c9e59915c,2024-09-30,1,85551.37,36.89,8514.81,22.384,36,<1y,11.12,south,A
ln_a5ea3667d7de,2024-09-30,0,27103.29,32.76,85686.48,21.395,60,<1y,6.5,east,A
ln_536537a9b4bf,2024-09-30,0,158748.5,0.74,10174.29,9.121,60,10y+,12.62,south,A
ln_ae311f08b414,2024-09-30,0,64972.73,31.32,14745.97,21.598,60,<1y,8.24,east,A
ln_314400b7b2d4,2024-09-30,1,42272.54,52.88,9627.16,21.358,36,10y+,11.45,north,B
ln_e5fce1fca87e,2024-09-30,0,60579.36,27.78,21879.25,17.382,36,3-5y,10.58,west,B
ln_e85d1a7ffd19,2024-09-30,0,40011.56,31.25,11513.66,19.259,36,10y+,13.61,south,B
ln_56ec8563e200,2024-09-30,1,44104.75,37.59,23796.75,19.732,36,3-5y,15.73,south,A
ln_757aa728c927,2024-09-30,0,26342.63,24.13,14388.88,15.507,60,<1y,16.02,north,B
ln_5192a8a044d1,2024-09-30,0,89877.94,41.49,8150.95,16.817,36,5-10y,9.7,west,A
ln_8219d9f3d9d7,2024-09-30,0,44063.39,34.67,10124.68,20.434,36,<1y,7.28,north,A
ln_54df49bffce9,2024-09-30,1,50563.36,37.12,19826.86,23.05,60,1-3y,12.87,west,B
ln_4e35a015ae0c,2024-09-30,0,134043.7,31.82,9146.19,18.452,36,1-3y,13.43,north,A
ln_00d3b059cdef,2024-09-30,1,55862.79,43.92,10211.5,21.476,60,1-3y,9.35,south,B
ln_7fb1b49b1641,2024-09-30,0,56119.83,37.11,13244.63,16.776,36,1-3y,10.73,west,A
ln_7b0c8a24cd82,2024-09-30,1,57032.84,32.89,12871.62,16.778,36,5-10y,15.04,north,A
ln_7893ef6a2240,2024-09-30,1,36605.78,33.48,42375.06,21.572,36,1-3y,10.11,east,B
ln_7f5170dcff6d,2024-09-30,1,106057.78,32.83,16146.53,22.078,36,1-3y,11.11,east,B
ln_909469c009c1,2024-09-30,0,57537.84,35.02,14518.21,19.194,36,3-5y,16.29,east,A
ln_2bce1640f336,2024-09-30,0,31931.15,25.13,20127.36,15.097,36,<1y,7.76,north,A
ln_f96f12e3d820,2024-09-30,0,23477.62,37.23,6638.99,20.711,60,1-3y,19.33,north,A
ln_65cf0d5cd748,2024-09-30,0,61991.43,22.94,19824.02,14.948,36,<1y,7.27,north,B
ln_dc7cb4885503,2024-09-30,1,64132.69,27.51,4633.02,16.719,36,5-10y,11.46,north,B
ln_31df04d38107,2024-09-30,1,47481.52,40.84,10056.41,21.503,60,1-3y,12.43,west,A
ln_3a7c65b997fb,2024-09-30,1,36867.78,25.15,11648.72,14.169,36,1-3y,25.84,north,B
ln_a7c8963be0e1,2024-09-30,1,19138.62,39.5,8248.86,20.737,36,1-3y,12.89,south,B
ln_a4e16f5af0cf,2024-09-30,0,66694.23,14.63,6230.23,13.066,36,1-3y,10.95,south,A
ln_50d433fdeeb1,2024-09-30,0,45416.34,31.19,24909.0,14.678,36,3-5y,12.5,west,B
ln_fcae0582f24c,2024-09-30,0,123100.01,28.47,5813.58,21.944,60,<1y,7.54,north,A
ln_3ffba8afec7a,2024-09-30,0,51381.35,50.63,4802.02,23.06,36,<1y,9.09,west,A
ln_79914f39897e,2024-09-30,0,68461.48,20.63,7263.63,10.796,36,5-10y,7.78,south,A
ln_a16b4efe3d39,2024-09-30,1,190649.33,31.02,4994.98,18.668,36,<1y,15.85,north,A
ln_4493493ee8d9,2024-09-30,1,34404.07,31.58,18451.52,17.096,36,5-10y,10.58,south,A
ln_b4c92bdd5040,2024-09-30,1,46352.07,44.07,14316.08,22.139,60,<1y,12.97,west,A
ln_ab13000c5806,2024-09-30,1,77597.25,23.55,8582.96,13.997,36,<1y,6.64,south,A
ln_8fcce8380c81,2024-09-30,1,92115.69,38.84,31677.74,22.679,36,1-3y,14.46,east,B
ln_716bc0a95cda,2024-09-30,0,33756.7,35.08,8412.99,18.019,36,3-5y,25.18,south,B
ln_1e46bb304a90,2024-09-30,0,89590.62,30.99,22560.49,20.619,60,1-3y,10.53,west,A
ln_f849c626417b,2024-09-30,0,97735.96,23.33,8988.02,14.214,36,1-3y,12.14,east,B
ln_4f4a18365c1a,2024-09-30,1,50277.78,31.86,29674.71,15.341,36,3-5y,21.99,west,A
ln_a19094b82d86,2024-09-30,0,31931.68,30.0,9084.73,18.4,60,<1y,15.95,east,A
ln_1001384d11e0,2024-09-30,1,35527.32,42.5,16859.83,21.731,36,<1y,14.63,north,A
ln_30a5551ef846,2024-09-30,0,31788.74,28.7,7871.77,20.378,60,1-3y,11.57,east,A
ln_91f7f8940154,2024-09-30,0,41469.14,33.59,28156.07,18.684,36,3-5y,24.37,south,A
ln_0ce89e6f1224,2024-09-30,0,77989.22,41.73,15216.39,24.672,36,<1y,7.82,west,B
ln_859535a6a1b3,2024-09-30,1,22428.82,40.76,6172.36,25.195,60,<1y,9.4,south,B
ln_9b282e41a02c,2024-09-30,0,80133.8,19.26,17912.98,15.081,36,<1y,9.07,east,B
ln_773e5e317b26,2024-09-30,1,34413.25,43.85,34658.24,23.502,60,1-3y,10.73,east,B
ln_376f8f7ffacf,2024-09-30,0,131290.67,36.98,6033.35,18.881,60,5-10y,18.22,south,B
ln_fdb45f467161,2024-09-30,1,66439.11,47.89,21459.84,24.662,60,<1y,15.02,north,A
ln_c525471e2a12,2024-09-30,0,34894.24,29.49,3974.3,17.338,36,5-10y,10.1,south,B
ln_b7d75ec44f4f,2024-09-30,1,60554.72,35.42,21420.59,21.586,60,<1y,9.74,north,A
ln_1faf3dd14238,2024-09-30,0,101491.69,34.32,7129.56,18.124,36,3-5y,12.36,east,A
ln_24eac4ff0446,2024-09-30,0,86669.1,21.66,11143.49,17.265,36,<1y,16.85,east,A
ln_707c65840dc0,2024-09-30,0,104210.99,23.79,21866.13,17.677,60,1-3y,9.58,east,B
ln_230cc766a80e,2024-09-30,0,80247.06,38.63,15075.01,24.598,60,10y+,18.72,north,B
ln_59293003731d,2024-09-30,0,57460.18,13.94,8089.81,11.974,36,<1y,14.14,north,A
ln_09fa685527f6,2024-09-30,1,76265.4,37.79,8133.95,22.884,36,1-3y,10.68,south,B
ln_47b5a58dbb35,2024-09-30,1,40946.65,33.67,24367.49,21.944,36,<1y,10.58,west,A
ln_a6f01ad53fe5,2024-09-30,0,107958.26,43.18,44494.71,23.026,60,3-5y,20.31,north,A
ln_4fca9647582b,2024-09-30,0,123522.24,30.86,13469.96,15.804,60,5-10y,22.22,east,B
ln_eadc63d07593,2024-09-30,0,76384.39,36.74,7063.6,20.843,36,<1y,12.71,west,A
ln_cfd093c82d95,2024-09-30,0,22941.76,27.15,13947.74,16.175,36,10y+,15.98,south,A
ln_fd98c4f1820a,2024-09-30,0,61821.63,22.33,6022.81,17.745,60,1-3y,9.76,south,B
ln_07782ad2de30,2024-09-30,1,91446.8,49.92,15270.61,24.095,36,3-5y,15.25,west,A
ln_273b36520235,2024-09-30,1,53374.62,35.01,16737.59,23.005,60,<1y,6.13,south,A
ln_43a612ce23a5,2024-09-30,1,73264.13,23.82,44295.15,15.299,60,5-10y,11.09,east,B
ln_23af47a8ddbf,2024-09-30,0,88456.84,22.59,13474.6,15.257,60,10y+,12.32,south,A
ln_561917625fa1,2024-09-30,0,68265.98,31.67,4188.45,19.651,36,3-5y,12.06,west,B
ln_79ddbf2b383f,2024-09-30,0,131826.66,24.6,19612.62,16.065,36,<1y,13.06,west,B
ln_8077590fa433,2024-09-30,0,38924.41,29.99,7060.51,19.815,36,<1y,6.49,south,B
ln_1bf01636eac0,2024-09-30,0,44768.67,36.0,14696.44,18.91,36,10y+,20.23,east,A
ln_ff10b5607ca1,2024-09-30,1,38557.96,39.39,30147.43,22.847,36,10y+,16.66,north,A
ln_6ff5230bd7f9,2024-09-30,0,65180.97,33.81,23540.84,18.725,36,1-3y,7.91,south,B
ln_32b3a66ec32c,2024-09-30,0,92066.59,36.31,15661.44,17.102,36,<1y,17.04,east,A
ln_1d9d2ccd382d,2024-09-30,0,77189.24,22.26,9304.89,16.49,36,1-3y,10.62,south,B
ln_e80593a60e45,2024-09-30,0,40525.81,25.21,11956.72,12.403,36,<1y,12.17,west,B
ln_8464c49c3c17,2024-09-30,1,88023.0,32.02,19419.08,19.06,60,3-5y,18.92,west,B
ln_5a2a64a2be02,2024-09-30,1,25448.1,24.32,9873.98,18.018,60,<1y,8.35,west,B
ln_d6738ba9bfff,2024-09-30,1,61510.05,35.51,5516.88,20.629,60,5-10y,13.27,west,B
ln_c6e62e52cd7f,2024-09-30,0,41211.6,11.93,10111.35,15.297,36,3-5y,13.58,east,A
ln_6326bcebdc01,2024-09-30,1,22821.04,34.48,7005.15,19.304,36,<1y,7.76,west,A
ln_65d19e0da6cc,2024-09-30,1,49925.09,32.2,17308.0,16.51,36,<1y,27.49,south,A
ln_66ca30607f57,2024-09-30,1,90903.42,32.65,11589.68,18.247,36,<1y,5.88,north,A
ln_f9d05827f4f7,2024-09-30,1,46529.07,28.83,16206.62,15.378,36,3-5y,10.68,west,A
ln_003bc3f57c03,2024-09-30,1,79446.8,40.95,14698.86,19.215,36,<1y,24.93,south,A
ln_3c2e3e3da9ec,2024-09-30,0,106239.77,27.2,46627.81,17.469,36,5-10y,9.01,south,B
ln_275552de15c6,2024-09-30,1,27658.33,33.53,27743.0,21.952,60,5-10y,11.96,east,A
ln_a120d7f8c5c2,2024-09-30,0,68510.78,38.48,6161.75,19.398,36,5-10y,15.88,north,A
ln_184567983190,2024-09-30,1,44606.58,29.79,8543.21,16.85,36,<1y,7.57,west,A
ln_2a9304299d44,2024-09-30,1,45621.39,39.88,3976.42,23.73,60,<1y,7.43,east,A
ln_0c3a7c2070c9,2024-09-30,1,43928.21,30.67,11811.82,19.579,36,<1y,10.51,north,B
ln_ff403eef8082,2024-09-30,0,54482.49,22.96,9421.69,15.219,36,1-3y,7.42,south,B
ln_5108384764da,2024-09-30,1,76062.69,26.16,6825.82,18.081,36,<1y,7.77,south,A
ln_ca4346f004ab,2024-09-30,1,45489.22,28.33,20700.48,19.319,60,3-5y,15.62,east,B
ln_91679f8519db,2024-09-30,0,68479.22,22.72,15540.59,11.85,36,1-3y,21.26,south,B
ln_c49e05a4bf4f,2024-09-30,1,100955.12,32.89,22243.38,21.544,60,<1y,5.67,south,B
ln_5538f334bba4,2024-09-30,0,61457.51,32.2,6483.81,18.248,36,<1y,13.48,north,A
ln_eef8d1bd85ea,2024-09-30,1,53786.69,32.67,12019.25,22.901,60,<1y,9.61,east,A
ln_d3782039e44a,2024-09-30,0,33071.68,30.24,9318.14,19.469,36,3-5y,23.86,east,A
ln_df318ff99c1a,2024-09-30,1,59354.05,40.43,14868.39,23.534,36,5-10y,15.12,west,A
ln_08170bc0bff5,2024-09-30,0,49485.87,22.03,6369.29,19.83,36,1-3y,16.75,south,B
ln_d6f8c27de939,2024-09-30,1,150258.88,38.38,26633.32,19.973,36,1-3y,16.75,south,B
ln_66298d172c4b,2024-09-30,0,28063.79,20.22,38471.21,17.1,36,1-3y,12.96,west,A
ln_7d1e6402178f,2024-09-30,0,142858.56,22.42,9451.57,18.046,36,1-3y,12.09,west,A
ln_8f4d90388967,2024-09-30,0,40314.86,29.23,4129.71,18.181,36,<1y,5.49,south,A
ln_db752920b5d9,2024-09-30,0,58455.34,28.75,6933.82,17.172,60,<1y,10.01,east,A
ln_c82540b8dde9,2024-09-30,0,48232.53,37.53,24375.5,18.504,36,1-3y,18.07,west,B
ln_634a788d42d2,2024-09-30,0,156261.19,40.96,11874.38,21.305,36,1-3y,20.0,east,A
ln_d8e1ed7fc76a,2024-09-30,1,70520.48,39.59,17394.19,21.38,60,3-5y,15.31,north,A
ln_7c96fe601391,2024-09-30,0,96879.81,23.37,12644.91,21.542,60,3-5y,5.9,east,B
ln_747856035688,2024-09-30,0,33819.14,26.08,16456.8,18.065,36,<1y,17.24,west,B
ln_a1a0c1cc0ecd,2024-09-30,0,32914.75,35.29,11504.63,21.227,36,10y+,20.33,north,A
ln_bc12523bf6b9,2024-09-30,0,45267.59,25.15,16853.55,17.126,36,1-3y,7.55,west,B
ln_98a721f2a7fb,2024-09-30,0,62715.07,23.23,17639.68,16.101,60,3-5y,17.13,west,A
ln_1e63ed4857c4,2024-09-30,1,52742.89,35.78,19598.16,20.598,36,<1y,6.94,east,A
ln_5a761e1412d1,2024-09-30,1,38222.09,39.6,5361.29,21.786,36,1-3y,16.54,east,B
ln_326395cd3f08,2024-09-30,1,44795.83,38.32,24035.77,19.923,36,<1y,11.03,west,A
ln_8cbab2bbbd33,2024-09-30,0,101741.98,34.55,13193.72,19.773,60,<1y,18.03,north,A
ln_96012e58d073,2024-09-30,1,35276.44,29.14,4210.26,18.296,36,1-3y,12.08,west,A
ln_cb10a31c2c4e,2024-09-30,0,66588.79,28.88,27880.9,23.325,36,1-3y,9.71,east,A
ln_1e1ec01e17d7,2024-09-30,0,51020.97,27.94,13377.02,18.597,36,3-5y,18.57,west,A
ln_34f2976fa18e,2024-09-30,0,51098.7,28.18,28026.3,18.007,36,3-5y,18.27,east,B
ln_14ea63d1aa73,2024-09-30,0,49364.52,32.35,45376.6,23.429,36,1-3y,7.67,east,B
ln_87b04c15c0f1,2024-09-30,1,45306.26,27.47,10454.03,22.328,36,<1y,15.01,north,A
ln_29da16d02591,2024-09-30,0,59554.86,27.1,13430.1,18.884,60,<1y,13.28,east,A
ln_1680663ef430,2024-09-30,1,79001.87,38.21,11723.85,18.469,36,5-10y,18.16,west,A
ln_bfb4cbec4d40,2024-09-30,0,50887.99,39.31,11476.3,20.306,36,1-3y,16.21,east,A
ln_7056d6281a8e,2024-09-30,1,71683.52,42.89,9188.25,24.471,36,<1y,7.84,north,B
ln_08cf69da1573,2024-09-30,1,55666.23,25.55,11779.5,19.561,60,5-10y,16.87,north,A
ln_b203f4cb6999,2024-09-30,0,82002.52,30.51,98540.96,16.857,36,1-3y,10.3,south,B
ln_2dedeec92fa3,2024-09-30,0,42326.65,23.46,5993.95,17.327,60,<1y,11.91,east,A
ln_855588448509,2024-09-30,0,44884.03,24.14,4499.35,11.026,36,1-3y,21.4,west,A
ln_f9b6ce9fdf50,2024-09-30,0,59038.98,27.15,20275.97,18.866,36,1-3y,14.23,east,A
ln_e87d00af385c,2024-09-30,0,82401.99,20.51,6841.86,13.548,36,10y+,14.9,south,B
ln_d1c75dbc2e05,2024-09-30,1,38366.96,38.74,5000.04,19.72,36,1-3y,6.41,south,A
ln_de21ab915398,2024-09-30,1,124777.35,37.46,13421.25,21.309,60,1-3y,19.77,north,A
ln_e7a68d005dbf,2024-09-30,0,70006.53,21.9,18697.89,14.88,60,1-3y,14.15,west,B
ln_6177464ebef2,2024-09-30,0,41938.95,23.97,15155.35,16.747,36,1-3y,8.07,south,B
ln_43f751a494d1,2024-09-30,0,60165.16,34.64,19362.07,18.292,36,3-5y,11.31,south,A
ln_c2523f3f4854,2024-09-30,1,69855.3,36.5,34588.45,20.259,60,5-10y,8.28,north,A
ln_afbb75400c2d,2024-09-30,0,36234.1,32.16,9715.38,17.47,36,<1y,6.64,east,B
ln_a68436643a72,2024-09-30,1,63514.48,24.13,10048.86,20.822,36,3-5y,10.72,east,A
ln_a524e5305231,2024-09-30,0,78069.12,37.55,21103.79,22.734,36,10y+,30.83,west,A
ln_973a1ee76a4a,2024-09-30,1,83465.96,26.54,42181.66,15.983,36,1-3y,17.51,south,A
ln_9836b9fb5c68,2024-09-30,0,56672.96,30.48,14499.32,17.784,60,1-3y,15.37,west,A
ln_6bd7b845fd66,2024-09-30,0,26609.26,35.68,15432.21,19.412,36,<1y,10.52,east,A
ln_f22253da595c,2024-09-30,0,94935.17,30.78,17381.88,18.989,36,1-3y,18.46,north,A
ln_fa9342e11f64,2024-09-30,0,59132.61,30.59,14244.18,20.157,36,<1y,6.79,north,A
ln_7360dfdb0d0e,2024-09-30,0,61608.9,22.29,20106.43,13.664,60,1-3y,18.21,south,B
ln_d7b8029f173c,2024-09-30,1,25612.55,28.11,3590.09,19.54,60,1-3y,5.93,north,A
ln_ef5fa5ae4949,2024-09-30,0,85487.99,13.54,16827.38,11.667,36,1-3y,14.13,south,B
ln_b2da67d3d03c,2024-09-30,1,44585.32,28.41,20377.77,21.999,60,<1y,3.97,east,A
ln_265c40e36dae,2024-09-30,0,66429.96,34.59,16495.85,19.14,36,5-10y,12.68,south,A
ln_523c3770614a,2024-09-30,0,65806.16,30.02,20259.59,17.163,36,<1y,14.81,west,A
ln_a608dde10bd6,2024-09-30,0,55746.39,22.72,7638.22,14.038,36,5-10y,10.76,north,B
ln_45b578dc5639,2024-09-30,0,33672.66,22.89,22868.14,15.009,36,3-5y,17.52,west,A
ln_16aab1c94ca9,2024-09-30,1,99408.29,22.12,11094.35,16.957,36,5-10y,14.74,west,A
ln_c61bcb696161,2024-09-30,0,59011.85,27.98,46896.27,15.813,36,1-3y,18.37,north,A
ln_d3b773d6706c,2024-09-30,0,37609.94,40.54,18193.11,22.632,36,<1y,16.24,north,A
ln_b23c594cd2dd,2024-09-30,1,74216.9,37.13,21741.73,20.663,60,<1y,12.07,north,A
ln_0743a90fef85,2024-09-30,1,73334.5,19.94,12977.79,14.882,60,1-3y,10.43,south,A
ln_a5485caabb38,2024-09-30,1,28865.52,26.02,22700.86,21.013,60,1-3y,9.22,south,A
ln_df30db7c48e1,2024-09-30,0,32831.01,30.5,18838.81,16.938,60,5-10y,22.2,east,B
ln_8dfaaec3b139,2024-09-30,1,46053.87,37.67,7249.85,22.203,36,1-3y,8.76,north,A
ln_7d39b0f34e2e,2024-09-30,0,65902.09,34.46,3578.31,19.153,36,<1y,7.78,west,A
ln_3a706acee690,2024-09-30,1,57224.41,37.92,29164.32,20.764,60,<1y,3.7,south,A
ln_7e8ce6ff2574,2024-09-30,1,84475.54,31.89,15487.44,17.448,36,1-3y,17.28,west,A
ln_baaab0b36a50,2024-09-30,0,31906.67,25.73,5694.76,18.029,36,3-5y,24.46,west,B
ln_3f7a908fa7ea,2024-09-30,1,30231.79,28.05,9940.2,17.629,60,1-3y,4.56,east,B
ln_c2972ab2c0f1,2024-09-30,0,21646.71,13.12,11171.28,12.276,36,<1y,17.7,south,B
ln_e3e64906820d,2024-09-30,0,88763.57,19.6,3682.71,16.341,36,1-3y,8.07,east,A
ln_ae61a57f8f3d,2024-09-30,0,51889.79,39.37,16768.61,21.982,36,10y+,14.03,west,A
ln_e3b26757cf09,2024-09-30,0,73487.35,29.56,9039.16,17.541,36,<1y,4.78,south,A
ln_ea740a0a1ef4,2024-09-30,0,38578.44,21.98,48397.01,15.398,36,<1y,6.62,west,B
ln_7ea0611d0e02,2024-09-30,1,45470.48,41.43,15560.8,21.095,60,1-3y,13.54,west,A
ln_530de2fd13f6,2024-09-30,1,131096.88,30.28,26443.91,18.446,60,<1y,8.33,west,B
ln_3be624962ae8,2024-09-30,0,44220.07,30.67,12378.66,18.156,36,1-3y,17.98,north,A
ln_77694475f79d,2024-09-30,1,82100.84,8.66,14547.66,12.249,36,<1y,14.44,west,A
ln_1b3c74ed0340,2024-09-30,0,157622.45,35.85,32233.61,20.554,36,3-5y,9.83,north,A
ln_9a43b31be500,2024-09-30,0,105552.52,26.44,1967.71,18.512,36,1-3y,6.1,south,B
ln_2f00f65f4092,2024-09-30,0,26147.99,37.46,15188.17,21.184,36,<1y,17.24,north,B
ln_22a4bfbe9865,2024-09-30,0,26187.1,20.71,9990.85,16.987,36,<1y,5.55,south,B
ln_69b1a9ef1822,2024-09-30,1,42621.38,34.81,21444.01,24.579,60,<1y,4.71,west,A
ln_9bce987770e0,2024-09-30,0,86259.25,20.69,8759.24,17.742,36,10y+,19.58,south,A
ln_25e08c7388c5,2024-09-30,0,31594.8,20.89,20656.08,16.235,36,1-3y,9.46,east,A
ln_a8972e6bfdbe,2024-09-30,0,39769.99,28.59,20016.24,15.191,36,<1y,10.55,west,B
ln_192d8c4f07b9,2024-09-30,0,36550.2,27.96,26177.03,13.711,36,10y+,24.8,north,A
ln_8e605f15cd4a,2024-09-30,0,82502.52,28.94,3933.65,17.099,36,1-3y,10.71,north,A
ln_5a4060d3839f,2024-09-30,0,46571.53,30.33,15051.44,15.394,36,10y+,10.67,north,B
ln_120c1473da1e,2024-09-30,0,58844.48,33.32,6555.24,22.373,36,3-5y,13.96,south,A
ln_521f0fb7485d,2024-09-30,0,46334.29,19.92,14118.69,15.818,36,1-3y,8.97,south,B
ln_d7017240f7a4,2024-09-30,0,83732.98,23.17,11690.71,13.753,60,5-10y,14.77,east,A
ln_aa19e4de674e,2024-09-30,0,47012.67,34.91,11138.79,14.104,36,10y+,18.67,south,A
ln_acd4ea074c01,2024-09-30,1,46799.68,35.47,16014.83,21.37,36,<1y,6.47,east,A
ln_d09ceb470758,2024-09-30,1,28242.14,26.3,10479.57,23.355,60,3-5y,9.85,west,A
ln_775fffebb525,2024-09-30,1,59417.27,39.75,4933.55,22.592,60,<1y,16.58,west,A
ln_1bea6c59f672,2024-09-30,0,42748.63,26.43,14726.2,17.648,60,3-5y,20.59,west,A
ln_a4ecf5fc0559,2024-09-30,0,65146.87,16.93,9174.71,11.41,36,10y+,21.42,south,B
ln_2d636bbcd5fb,2024-09-30,1,36734.53,32.76,8523.17,18.934,60,1-3y,12.86,north,A
ln_c33340e576c0,2024-09-30,0,60060.31,17.89,20719.42,13.342,60,1-3y,6.2,east,A
ln_9c4f5f4a6d8e,2024-09-30,0,53003.03,18.83,6238.77,15.862,36,3-5y,7.73,south,B
ln_ec2c146807ef,2024-09-30,0,57530.81,26.25,14726.88,16.502,36,<1y,5.43,east,A
ln_ad4cc7d3ed99,2024-09-30,0,32653.82,31.99,18172.24,14.598,36,1-3y,12.58,north,B
ln_7ea4fdffca53,2024-09-30,0,46784.77,32.62,9506.8,20.402,36,<1y,5.48,west,A
ln_47a121d3c0df,2024-09-30,0,29851.98,31.37,27844.83,16.367,36,1-3y,11.1,east,A
ln_5ce019e6fb96,2024-09-30,0,54509.26,25.94,14157.73,18.798,60,5-10y,13.96,west,A
ln_d42a9f5f7863,2024-09-30,0,56760.95,35.22,22569.56,21.158,36,1-3y,16.04,north,B
ln_5ed10a9899a2,2024-09-30,1,71098.87,36.36,8700.65,19.666,60,<1y,15.46,east,A
ln_1c1284769101,2024-09-30,1,94627.5,32.01,16629.62,19.425,36,1-3y,13.91,east,A
ln_a3585d301da9,2024-09-30,0,41257.35,31.79,19254.34,15.433,36,<1y,10.14,south,B
ln_467ed2a17fa6,2024-09-30,1,58523.71,36.81,12145.68,17.522,60,<1y,4.93,south,A
ln_1c70260868ab,2024-09-30,0,34307.33,26.27,12670.81,15.187,60,10y+,9.84,west,B
ln_025ffd663303,2024-09-30,0,42395.11,29.67,8952.51,20.038,60,3-5y,15.71,north,A
ln_49970239b234,2024-09-30,1,47955.32,21.64,12948.52,16.311,60,10y+,15.6,south,A
ln_837e959a8083,2024-09-30,0,55795.81,40.8,11606.63,21.187,36,1-3y,17.92,west,A
ln_2221ae702080,2024-09-30,1,77576.24,32.21,12687.2,20.591,36,5-10y,13.19,east,B
ln_3608d9eb69a8,2024-09-30,0,43889.84,22.73,5792.06,17.653,36,1-3y,10.45,south,A
ln_fa180d3657e9,2024-09-30,0,42689.94,20.76,7780.67,18.861,60,<1y,13.55,east,A
ln_1bee062c03ea,2024-09-30,1,45070.88,30.32,8042.38,15.994,60,1-3y,13.41,east,A
ln_45e68ae86c60,2024-09-30,1,40657.27,31.31,16510.84,15.33,36,<1y,10.39,south,B
ln_9cc9684d89d7,2024-09-30,0,105530.61,33.87,7313.23,18.789,36,1-3y,12.12,south,B
ln_ff8e49ba6b23,2024-09-30,1,26922.11,34.48,10340.84,19.146,36,1-3y,13.38,south,B
ln_c8a529833732,2024-09-30,0,31068.45,37.92,10324.13,18.996,36,3-5y,17.53,east,B
ln_f0d5733ffea2,2024-09-30,1,26789.63,29.42,24386.9,16.115,36,10y+,12.6,west,A
ln_00af935acf70,2024-09-30,0,47854.46,19.21,1546.56,18.406,36,3-5y,13.16,north,B
ln_cfc0b32d0a84,2024-09-30,0,27185.96,24.1,41555.82,17.432,36,5-10y,18.06,east,A
ln_604060b75470,2024-09-30,1,65747.29,35.35,11911.23,21.081,60,1-3y,16.46,east,A
ln_4c5402c0820f,2024-09-30,0,87234.0,38.9,17596.41,17.041,36,<1y,8.99,west,B
ln_c3db0024a45e,2024-09-30,0,44054.12,17.89,41296.21,18.54,60,10y+,16.61,east,B
ln_9792424e2788,2024-09-30,0,40102.61,34.54,17604.32,19.808,36,5-10y,10.16,south,A
ln_e0031ac87ede,2024-09-30,0,47707.26,23.74,19575.8,14.79,36,1-3y,10.1,south,A
ln_c32d9340c16f,2024-09-30,0,85666.97,36.44,11314.1,19.741,60,<1y,15.14,south,A
ln_225bb3470f6a,2024-09-30,0,44373.77,30.57,8256.06,19.852,36,1-3y,14.16,south,B
ln_3ad516eb9a78,2024-09-30,0,50560.06,30.3,18603.3,21.058,36,3-5y,15.04,west,A
ln_a0783755b546,2024-09-30,1,117816.66,30.43,36194.98,18.502,36,1-3y,9.66,east,B
ln_4d8acb2658b6,2024-09-30,0,67396.31,24.29,8333.89,17.114,60,3-5y,11.19,west,B
ln_c004d2e80abb,2024-09-30,0,108390.13,23.67,18538.98,14.138,60,5-10y,14.93,south,A
ln_ebae328f1c81,2024-09-30,1,50713.44,45.03,26794.59,19.985,36,5-10y,17.5,east,B
ln_100b294b4073,2024-09-30,0,94153.85,27.05,13306.55,14.22,36,10y+,22.41,south,A
ln_b60b31f9e41c,2024-09-30,1,50780.06,33.64,5521.12,18.758,60,10y+,13.97,south,B
ln_2ecb4d96eeec,2024-09-30,0,94653.39,30.48,6930.42,19.612,60,<1y,20.89,west,A
ln_be09b33c0e60,2024-09-30,0,83978.58,27.89,10234.92,16.41,36,1-3y,25.59,north,A
ln_52fefc7a4954,2024-09-30,0,63605.94,34.8,19225.14,22.508,60,1-3y,9.11,west,A
ln_a6227e62a072,2024-09-30,1,74673.68,43.08,6530.17,24.644,36,<1y,8.86,south,A
ln_13496586cd08,2024-09-30,0,82410.33,23.95,12013.99,13.808,36,<1y,14.74,east,B
ln_84d32e19a817,2024-09-30,0,35479.55,39.61,3227.16,18.49,36,3-5y,10.76,west,B
ln_1eae9214b426,2024-09-30,0,38259.4,33.35,13899.41,21.931,60,<1y,7.52,north,A
ln_009474eadab7,2024-09-30,1,61197.48,17.16,16218.67,8.832,36,<1y,10.76,north,A
ln_255b2cb156ef,2024-09-30,0,79884.15,38.63,10664.78,20.758,36,3-5y,12.19,south,A
ln_082d7aa0e458,2024-09-30,0,38115.61,19.57,14039.07,18.598,60,1-3y,15.66,north,B
ln_d37e4a0ef7bc,2024-09-30,0,75842.92,27.73,9437.62,18.131,60,<1y,11.26,west,A
ln_a38003798ac8,2024-09-30,1,38605.59,35.94,23274.09,19.142,36,5-10y,15.0,east,A
ln_db5d9e31b0c4,2024-09-30,0,51712.47,17.99,24615.63,15.289,36,<1y,5.43,north,B
ln_ab5c8fd69d14,2024-09-30,0,27534.11,26.37,11886.52,18.528,60,5-10y,13.37,west,B
ln_2c2d92927cbc,2024-09-30,0,44429.97,29.5,42440.39,17.82,36,3-5y,10.58,south,A
ln_bc73415885e5,2024-09-30,0,52285.83,26.69,10621.42,22.237,60,1-3y,17.48,west,A
ln_0339336c4550,2024-09-30,0,52497.91,30.14,23443.67,15.946,36,1-3y,13.11,east,A
ln_547f300aeaa3,2024-09-30,0,53713.07,32.71,9703.88,24.307,60,<1y,4.44,west,A
ln_f379b67f2973,2024-09-30,1,39578.01,26.2,7071.71,16.761,36,1-3y,9.49,east,A
ln_7ea2aa95c799,2024-09-30,0,39861.89,30.38,10875.89,20.281,60,1-3y,8.42,west,B
ln_fe9d9508d6ea,2024-09-30,1,86977.86,42.01,10909.94,23.245,60,1-3y,17.71,south,A
ln_cbcb9e59aec4,2024-09-30,1,41889.44,39.12,11455.22,22.666,36,<1y,14.87,west,A
ln_ba6e916f768e,2024-09-30,0,79617.82,40.05,13455.65,22.615,36,<1y,5.29,north,B
ln_9b8f9eef53ad,2024-09-30,0,51585.75,26.23,11074.11,21.002,36,<1y,11.44,east,B
ln_642610a8951e,2024-09-30,1,25667.7,32.32,16896.73,19.943,60,1-3y,14.12,west,A
ln_95a40e726b25,2024-09-30,1,55272.05,41.7,8959.92,19.298,36,10y+,15.76,south,B
ln_5dd9c7ea5869,2024-09-30,1,56976.95,27.95,26036.05,15.977,36,<1y,10.21,west,A
ln_3318f3aed11e,2024-09-30,1,39226.83,42.53,21476.21,21.257,60,1-3y,8.94,west,B
ln_3157fe5e2d05,2024-09-30,0,58268.81,28.27,25107.23,16.091,36,<1y,15.63,east,A
ln_43e366074706,2024-09-30,0,45556.4,28.24,19624.06,19.319,36,1-3y,12.67,east,B
ln_9fea71036b3e,2024-09-30,0,92191.66,11.32,10454.45,12.911,36,1-3y,17.2,west,A
ln_388de30149e1,2024-09-30,0,38430.1,37.13,6825.73,18.503,36,<1y,7.3,south,B
ln_dbd55f0c075b,2024-09-30,0,128600.86,29.82,18674.06,14.773,36,3-5y,12.89,south,A
ln_b132f2262257,2024-09-30,0,111210.8,26.68,10434.37,15.672,36,1-3y,6.94,west,A
ln_0ebab8ea70b5,2024-09-30,0,74291.99,7.52,14988.68,11.294,36,3-5y,11.38,west,B
ln_49313ec7d5dc,2024-09-30,1,56852.65,25.06,6630.34,18.887,36,5-10y,13.01,east,B
ln_7883781e5cee,2024-09-30,0,63701.78,24.33,53617.97,14.954,36,3-5y,9.35,west,A
ln_2c791df479e9,2024-09-30,0,73360.37,24.78,28368.61,15.89,36,5-10y,13.88,west,B
ln_ce7c7cebbd3f,2024-09-30,0,65061.9,18.81,18925.75,10.594,36,1-3y,12.91,north,B
ln_6765ebd3103d,2024-09-30,0,75942.24,28.93,19275.21,19.577,36,5-10y,13.93,north,B
ln_920c17728b01,2024-09-30,1,60613.08,21.89,52307.56,18.028,60,1-3y,17.16,north,B
ln_f04efe7d5490,2024-09-30,1,60922.85,22.32,8214.66,16.301,36,5-10y,17.52,west,B
ln_5bcf9a3101ce,2024-09-30,1,64530.32,21.75,28077.83,15.095,36,10y+,15.06,south,A
ln_800150c9e098,2024-09-30,1,67064.19,27.07,14779.27,15.923,36,5-10y,9.48,north,B
ln_f99ec06c0573,2024-09-30,0,102032.7,16.24,5647.74,11.445,36,<1y,27.12,west,A
ln_1f4563c902c9,2024-09-30,0,71097.55,15.9,12734.75,17.03,36,1-3y,11.69,south,B
ln_249eb8838bee,2024-09-30,0,64067.83,33.03,7827.51,16.413,36,1-3y,9.58,north,B
ln_5633d5a81ea2,2024-09-30,1,32365.73,28.21,20749.3,17.668,60,5-10y,15.98,north,A
ln_a1238b7b6a53,2024-09-30,1,99916.87,38.83,8229.59,22.72,60,1-3y,17.28,west,A
ln_8e491efdf7e0,2024-09-30,0,55198.67,37.71,42245.99,20.583,36,1-3y,11.88,north,A
ln_53128613c7a4,2024-09-30,1,111431.22,50.53,25002.72,24.352,60,<1y,7.59,west,B
ln_6f336b2e0ea8,2024-09-30,0,104123.04,26.05,8157.06,20.87,36,1-3y,10.92,south,A
ln_4d6ace918781,2024-09-30,0,157274.14,25.76,18053.45,16.408,60,3-5y,16.77,west,B
ln_c3dcb462abcc,2024-09-30,0,62601.4,29.18,7509.73,16.794,36,1-3y,14.39,east,A
ln_07740cbb1913,2024-09-30,0,31369.88,46.24,22199.37,22.953,36,<1y,20.18,west,A
ln_ba4dbd87bc55,2024-09-30,0,27840.26,24.44,2974.7,16.57,60,<1y,18.8,south,B
ln_20d46b0cad3e,2024-09-30,0,118866.5,24.69,13054.16,16.972,36,<1y,8.32,south,B
ln_42aeea751a7e,2024-09-30,0,52274.03,34.85,7930.02,19.665,36,<1y,3.87,west,B
ln_677f12fadaf5,2024-09-30,0,55569.48,21.63,15090.75,13.784,36,<1y,11.39,south,A
ln_4045dd364685,2024-09-30,0,87202.04,46.04,17449.61,26.614,60,1-3y,9.1,north,A
ln_2e641f132c93,2024-09-30,0,16135.81,20.69,18062.14,12.129,36,10y+,17.8,north,A
ln_5c5ee1ee9b7a,2024-09-30,1,59075.86,41.76,8417.3,18.612,36,<1y,16.54,west,A
ln_831e05eeeaf5,2024-09-30,1,26475.52,29.62,27934.82,22.77,60,1-3y,7.05,south,B
ln_7b5858ad30f0,2024-09-30,0,65148.53,28.61,20801.76,19.258,36,<1y,4.2,east,A
ln_347a4c57a4d5,2024-09-30,1,61690.82,32.48,34003.18,21.388,36,<1y,4.5,south,B
ln_1f8d071b0a35,2024-09-30,1,57565.74,34.77,36187.22,22.241,60,3-5y,13.56,south,A
ln_6bee478f41fd,2024-09-30,1,87137.57,21.42,18394.07,14.459,36,1-3y,15.54,east,B
ln_707158351d6a,2024-09-30,1,130068.52,38.9,26679.04,24.16,36,<1y,8.52,east,A
ln_96b1f106a0bc,2024-09-30,0,53151.25,24.34,16469.73,17.304,36,1-3y,12.52,north,A
ln_e1d898e8eb49,2024-09-30,0,135916.13,13.15,10890.12,11.703,36,10y+,15.4,east,B
ln_0a53675a4962,2024-09-30,1,42034.12,38.98,49720.03,19.095,36,1-3y,10.37,west,B
ln_2a00f8b9720c,2024-09-30,0,71474.28,31.89,33440.91,18.415,60,5-10y,13.65,west,A
ln_2b5b64807655,2024-09-30,0,47653.63,34.76,9988.55,19.081,36,<1y,10.96,north,A
ln_88a2ce0af658,2024-09-30,1,115714.35,43.12,42021.2,25.232,36,<1y,9.21,west,A
ln_29f1c8868141,2024-09-30,1,30062.24,37.88,43950.17,20.06,36,5-10y,19.27,east,B
ln_c98650df41a4,2024-09-30,0,24295.82,24.87,27641.42,16.845,36,3-5y,20.17,north,A
ln_ba6a6548b9ec,2024-09-30,0,21254.87,21.21,12020.98,17.455,36,1-3y,7.85,east,A
ln_47cd1376c0e3,2024-09-30,1,21317.32,25.45,5670.3,17.545,60,<1y,11.23,south,B
ln_bf55a6fb8271,2024-09-30,0,67941.05,26.45,9172.31,17.783,36,<1y,6.06,west,A
ln_cf9273c0a8e0,2024-09-30,1,19273.57,24.64,13220.58,15.912,60,1-3y,8.25,east,B
ln_1e069b6b6368,2024-09-30,0,50128.23,21.48,9111.53,15.682,36,1-3y,12.24,north,A
ln_0f9d20d1eb41,2024-09-30,0,41600.53,32.95,20443.52,15.771,36,1-3y,16.12,south,B
ln_e1f14e05f852,2024-09-30,1,34974.27,37.21,23221.0,21.254,36,<1y,7.69,south,A
ln_991b269b5154,2024-09-30,0,100196.49,33.31,15803.1,16.609,60,1-3y,21.9,west,A
ln_df7c8ef99b91,2024-09-30,0,33298.52,13.21,8548.85,9.776,36,1-3y,19.62,north,B
ln_8bcbdb3105ea,2024-09-30,1,69222.98,29.57,13799.12,16.066,36,1-3y,11.52,north,A
ln_10b55fb6212c,2024-09-30,0,36842.13,26.0,16006.79,15.735,60,5-10y,9.6,west,A
ln_2c704dcf4c6a,2024-09-30,0,65515.34,22.92,14671.5,16.8,36,<1y,13.74,south,A
ln_d3b5667cd1d4,2024-09-30,0,73254.56,33.9,9577.47,18.448,36,3-5y,9.19,south,A
ln_9ac5539d08d2,2024-09-30,0,98776.2,32.69,11923.54,19.218,60,<1y,6.18,north,A
ln_2a96ceeebc61,2024-09-30,0,43722.48,31.84,12790.45,15.682,60,10y+,16.23,east,A
ln_87cb79bef048,2024-09-30,1,31423.92,37.07,16330.5,17.4,60,<1y,13.68,west,B
ln_aaf2b7622e6b,2024-09-30,1,48257.67,27.28,48178.73,15.465,36,5-10y,14.39,north,B
ln_c2bea576be81,2024-09-30,0,80471.64,31.74,5423.76,19.884,60,10y+,13.65,east,A
ln_1c9b23fbf09a,2024-09-30,1,28956.39,43.87,30444.08,20.871,36,10y+,18.29,west,A
ln_6ad6d689e794,2024-09-30,0,46436.54,32.45,34219.44,17.984,36,5-10y,11.32,south,B
ln_5c4403deffd9,2024-09-30,0,42514.22,31.7,18380.41,21.316,36,1-3y,5.04,south,A
ln_d78fb02fb13e,2024-09-30,0,60516.07,28.41,15175.77,15.233,36,<1y,15.21,west,B
ln_fbc90849d567,2024-09-30,0,56705.61,37.91,19449.87,22.127,60,1-3y,7.88,east,B
ln_9b0ce702f5e7,2024-09-30,1,36738.8,31.69,19523.63,18.137,36,<1y,12.12,south,B
ln_4b8609783ed4,2024-09-30,0,33259.3,40.33,10482.59,19.336,36,3-5y,8.45,east,B
ln_a70b8e5e3569,2024-09-30,0,102830.83,14.04,17018.2,11.907,36,1-3y,7.34,north,B
ln_c51e6c23c731,2024-09-30,1,33977.51,32.6,6607.5,19.079,36,<1y,7.7,north,A
ln_24b22ca640ba,2024-09-30,0,106344.33,34.88,34097.55,16.506,36,<1y,9.82,east,A
ln_f70f096d0d26,2024-09-30,0,44120.11,27.87,12214.51,15.892,36,3-5y,11.97,north,B
ln_b8ded9c6936e,2024-09-30,1,57844.93,28.76,11357.47,23.006,60,1-3y,10.78,north,A
ln_3d854202f042,2024-09-30,1,43906.35,36.63,29119.39,24.312,60,<1y,4.98,west,A
ln_23cb7f8de06f,2024-09-30,0,23830.75,20.14,16535.39,12.922,36,<1y,11.15,east,A
ln_22ae97ddf835,2024-09-30,0,31764.14,36.12,39826.64,18.702,36,<1y,11.85,west,B
ln_299e462ab3f8,2024-09-30,0,90998.0,29.15,24116.88,21.232,60,1-3y,13.33,east,B
ln_5da31d6c200d,2024-09-30,1,34245.87,28.01,17876.02,19.462,60,1-3y,11.3,west,B
ln_ba82ee55203d,2024-09-30,0,62652.28,17.44,29139.54,14.107,36,<1y,7.01,east,B
ln_5fea41e94183,2024-09-30,0,28066.63,33.35,13192.25,16.095,36,1-3y,14.39,west,B
ln_830df3ddc5e6,2024-09-30,1,68384.02,27.23,16332.61,15.498,36,1-3y,10.18,north,A
ln_17b73560d3c1,2024-09-30,0,88059.03,21.04,13410.87,16.534,60,10y+,11.79,north,B
ln_34ae18e802d3,2024-09-30,0,121525.58,20.61,29236.22,12.078,36,1-3y,24.27,south,B
ln_b0a973d353cb,2024-09-30,0,38673.02,38.76,26082.14,19.828,36,1-3y,6.22,north,A
ln_8161dbf2c3ae,2024-09-30,1,46676.23,42.76,11813.47,24.879,36,<1y,8.73,south,A
ln_33e7ce08acc0,2024-09-30,0,40526.89,29.01,7027.47,18.445,60,5-10y,14.06,east,A
ln_c543134dc0dd,2024-09-30,1,87655.23,49.67,16898.47,21.018,60,1-3y,13.41,north,B
ln_ac7c8f553e70,2024-09-30,1,37709.21,25.54,10295.43,18.297,60,5-10y,12.66,west,A
ln_e4fa727766b4,2024-09-30,0,17503.02,18.96,5605.64,12.476,36,1-3y,5.82,west,A
ln_392111a4cbe9,2024-09-30,1,54073.26,27.99,13402.86,19.979,36,3-5y,7.91,north,A
ln_f361d7f781a5,2024-09-30,1,45480.6,26.48,9075.11,17.594,36,5-10y,13.68,east,A
ln_68902b2e12d3,2024-09-30,1,56088.59,27.18,9979.75,17.077,36,1-3y,14.46,west,A
ln_9e58515d08cf,2024-09-30,0,32309.76,20.18,13613.21,15.084,36,1-3y,12.4,west,A
ln_c7c0dbfadc03,2024-09-30,0,32166.89,34.56,41141.46,19.787,60,1-3y,16.93,north,B
ln_a0bbc76a9d65,2024-09-30,0,67796.08,41.09,13655.33,22.806,60,<1y,8.05,north,B
ln_a5c1b42544ef,2024-09-30,1,40256.87,24.34,8282.81,22.258,60,1-3y,9.13,south,A
ln_8e558c16efa2,2024-09-30,0,44472.34,28.54,6290.11,20.661,60,<1y,6.98,south,A
ln_dc772ff48b8d,2024-09-30,1,36287.26,43.64,30735.88,23.43,36,<1y,9.95,south,B
ln_97fae291701a,2024-09-30,1,48021.42,44.23,26742.68,24.607,60,1-3y,6.33,west,A
ln_5e3cf0ea8fa8,2024-09-30,0,41554.13,20.1,11779.6,14.399,36,10y+,13.55,south,A
ln_75053df42c2c,2024-09-30,0,45298.94,29.22,14801.85,17.43,36,1-3y,21.64,south,A
ln_f10bf0d9135b,2024-09-30,0,57203.99,33.1,22915.26,18.032,36,1-3y,14.17,south,B
ln_bb8d671a7c5e,2024-09-30,0,56289.9,29.39,9472.96,15.888,60,1-3y,12.84,north,A
ln_bf99a8365b01,2024-09-30,0,65967.43,23.92,16666.17,14.433,60,5-10y,21.92,south,B
ln_1372942e3ddd,2024-09-30,0,38114.44,28.38,12544.27,14.005,36,<1y,14.25,west,A
ln_4ecf262d69a9,2024-09-30,0,66831.88,25.25,20313.11,18.358,36,10y+,19.12,south,A
ln_b140f6b6ccbd,2024-09-30,1,109120.01,36.57,7888.41,17.585,36,<1y,10.6,east,B
ln_27b7b5752877,2024-09-30,0,81520.89,35.93,17748.61,17.103,36,<1y,8.12,south,A
ln_c46d2b85d2c4,2024-09-30,0,43035.14,33.37,11135.39,21.231,36,5-10y,13.7,east,B
ln_87058b0b5fd1,2024-09-30,0,39741.44,26.48,12685.38,16.862,60,5-10y,7.14,north,A
ln_00b935256d53,2024-09-30,0,60678.8,23.3,7493.93,16.454,36,5-10y,11.05,east,B
ln_5056310e53ee,2024-09-30,1,254370.95,38.44,36488.8,22.136,60,<1y,13.91,west,A
ln_57d66759e152,2024-09-30,1,26485.69,28.45,22331.93,16.859,60,3-5y,13.82,west,B
ln_249eda62e852,2024-09-30,0,62653.18,29.86,8356.15,17.321,60,3-5y,8.22,west,A
ln_0f509bfc547e,2024-09-30,0,34525.75,28.52,19243.29,14.729,36,3-5y,24.32,west,B
ln_ff87210fb272,2024-09-30,0,76333.13,40.41,13053.73,20.004,36,5-10y,12.86,north,A
ln_9ae40f50db65,2024-09-30,0,46446.08,47.99,10815.72,23.961,60,5-10y,19.53,south,B
ln_fe1fe91efe31,2024-09-30,1,96341.67,36.15,8608.14,19.184,36,3-5y,14.88,north,A
ln_439796d087ea,2024-09-30,1,101998.85,25.84,9431.23,19.409,36,3-5y,10.61,east,B
ln_37cdac2bc523,2024-09-30,0,44580.53,16.32,16806.55,11.831,60,3-5y,16.65,north,A
ln_22743b940745,2024-09-30,1,86211.0,32.53,10095.47,19.767,36,<1y,13.4,south,A
ln_fd27f85be646,2024-09-30,1,79845.37,28.94,27725.5,16.648,60,1-3y,12.22,west,B
ln_9d5432119aeb,2024-09-30,0,66390.89,27.26,33450.25,16.389,60,<1y,15.31,west,A
ln_574fb15ef0bc,2024-09-30,0,150188.69,29.3,11962.33,17.601,60,<1y,14.01,west,A
ln_fa3c5baa2ad9,2024-09-30,0,45573.85,28.1,12697.24,16.729,36,1-3y,11.2,west,B
ln_d7c98c44442e,2024-09-30,1,49592.56,29.89,9505.74,19.577,60,5-10y,9.37,east,A
ln_29fa9bdc2261,2024-09-30,0,47848.87,27.94,9443.05,16.767,36,5-10y,13.26,south,B
ln_c36e464c4273,2024-09-30,0,61389.79,11.83,4604.09,11.756,60,<1y,11.85,south,B
ln_04ca5e0302db,2024-09-30,0,75619.89,19.33,22671.51,16.982,60,1-3y,14.11,east,B
ln_9c1633a78efd,2024-09-30,0,25124.42,20.98,27989.2,9.387,36,10y+,22.72,west,A
ln_c66e64c6761c,2024-09-30,0,73090.09,21.71,6924.79,17.04,60,3-5y,20.62,west,A
ln_6c33729e3fda,2024-09-30,0,41438.05,24.34,7944.49,19.335,60,<1y,9.35,east,A
ln_9f8f8f09fc9c,2024-09-30,0,68511.15,23.3,12825.68,13.15,36,5-10y,20.02,east,A
ln_0648019f6b16,2024-09-30,0,43444.8,29.94,20675.26,21.715,60,5-10y,18.52,north,A
ln_74ec89612cc4,2024-09-30,0,18984.81,38.72,22331.54,18.169,36,5-10y,17.64,north,B
ln_4511f5ad004c,2024-09-30,0,46657.13,30.36,8989.32,22.465,36,1-3y,6.29,north,B
ln_f208a217904f,2024-09-30,1,48867.82,21.27,15003.73,12.716,36,10y+,9.07,north,B
ln_67e75f90a8c6,2024-09-30,0,32128.09,23.13,15843.58,17.009,36,3-5y,19.19,west,A
ln_014f8e8c36ec,2024-09-30,0,46109.45,26.87,5563.62,20.254,60,<1y,8.69,west,A
ln_b80a64b56a2d,2024-09-30,1,71183.15,19.13,14856.39,14.169,36,1-3y,19.89,south,A
ln_f6346405e9ad,2024-09-30,1,33000.56,27.53,16987.64,17.798,36,<1y,8.28,south,B
ln_e8bce76f8b7c,2024-09-30,1,88836.79,44.52,29869.5,22.332,36,3-5y,13.17,west,B
ln_b501f44c5d25,2024-09-30,0,41309.19,27.96,12191.95,18.823,36,<1y,3.96,south,B
ln_c043e8a2f64a,2024-09-30,0,49031.41,36.71,12878.42,20.986,36,<1y,6.77,north,A
ln_2c4da8d6c0de,2024-09-30,0,36470.44,26.49,4908.5,16.388,60,<1y,16.09,east,A
ln_36fc0e991d32,2024-09-30,0,56652.19,19.69,10390.15,13.134,36,1-3y,15.21,north,A
ln_f31926eca240,2024-09-30,0,56518.26,30.16,9336.79,20.069,60,5-10y,18.77,west,B
ln_537e2cabd143,2024-09-30,1,37640.67,38.01,4941.37,18.907,36,1-3y,11.14,west,B
ln_a16a91ee7bab,2024-09-30,0,46397.92,21.56,15169.33,20.949,60,3-5y,8.35,north,A
ln_d9b097e3c8c2,2024-09-30,1,24760.01,29.74,3728.09,18.0,36,1-3y,10.64,west,B
ln_15f621f34baf,2024-09-30,1,64752.8,31.0,10262.73,19.472,36,<1y,10.73,west,A
ln_9f32457739a8,2024-09-30,0,47419.74,23.62,8977.33,17.038,36,3-5y,9.07,west,B
ln_56eb98d2625d,2024-09-30,0,34675.33,22.65,19297.63,15.693,36,5-10y,17.97,east,A
ln_916c93ffcc8b,2024-09-30,0,95539.66,31.25,45355.47,16.615,36,1-3y,13.37,south,B
ln_cd05b7cec63f,2024-09-30,0,141428.44,18.36,5953.58,15.089,36,<1y,6.45,north,A
ln_76dd19958f52,2024-09-30,0,54209.88,20.85,3158.97,13.948,60,<1y,11.01,south,A
ln_2fd9d7c7a440,2024-09-30,1,31097.04,25.19,22721.2,18.241,36,5-10y,13.88,west,B
ln_20af82c5c9fb,2024-09-30,0,57204.3,25.76,6357.13,13.324,36,<1y,8.45,west,A
ln_68429390c24d,2024-09-30,0,20013.64,14.75,14269.62,11.852,60,1-3y,13.65,west,A
ln_9202314311d9,2024-09-30,0,36336.14,28.67,15641.44,15.483,36,3-5y,14.09,west,A
ln_dc502ed49b83,2024-09-30,0,127532.32,28.89,8691.48,16.001,60,3-5y,10.43,west,A
ln_65ca8754acc6,2024-09-30,1,74342.41,26.88,10564.46,17.62,36,<1y,5.17,north,A
ln_43341571b3a0,2024-09-30,0,63538.82,26.06,26290.43,19.501,60,<1y,15.31,west,B
ln_5852298465f3,2024-09-30,0,156741.24,26.85,17015.14,19.225,36,<1y,8.67,west,B
ln_57bbb3be1640,2024-09-30,0,60671.75,40.37,7611.85,22.251,36,3-5y,10.84,north,B
ln_d7cad16b094d,2024-09-30,0,41976.1,18.99,16431.68,16.426,36,10y+,10.44,west,B
ln_a5c735dd730a,2024-09-30,0,49523.25,41.29,8165.95,21.518,36,10y+,12.26,north,B
ln_a4f1cf34974b,2024-09-30,0,51768.84,22.17,14540.74,12.764,36,<1y,2.96,east,A
ln_c5fc282e991c,2024-09-30,0,81123.17,44.37,18006.79,23.276,36,10y+,11.39,north,A
ln_3ebc6b681cba,2024-09-30,1,41090.03,35.64,16465.46,18.208,36,<1y,9.92,west,A
ln_1bded0e9f39f,2024-09-30,1,72336.89,42.47,15908.53,20.063,36,<1y,8.78,west,B
ln_fd346aafb8ed,2024-09-30,0,40705.41,19.16,12104.8,16.312,36,5-10y,15.97,east,A
ln_ddb72bd17b67,2024-09-30,0,41765.45,21.69,14651.2,13.51,36,10y+,26.57,east,A
ln_8c4522973bfc,2024-09-30,0,64669.94,19.58,15329.11,14.237,36,1-3y,10.8,west,B
ln_1998229dba6d,2024-09-30,0,55095.12,32.58,5873.29,19.633,36,10y+,19.98,west,B
ln_ffd71ced2c08,2024-09-30,0,91471.25,29.12,23574.79,18.383,36,3-5y,8.73,south,A
ln_a32f731e6454,2024-09-30,0,64857.1,37.87,10200.87,19.159,60,3-5y,15.0,east,A
ln_7d5a5cf6eb20,2024-09-30,1,41819.34,36.31,47871.72,23.123,36,<1y,7.49,north,A
ln_345dc35b4868,2024-09-30,1,86606.71,37.62,15467.63,23.284,60,1-3y,11.85,south,A
ln_bc6ca18bfa4d,2024-09-30,0,42813.38,23.84,10950.18,15.637,36,<1y,8.43,west,A
ln_745d27ea7bfb,2024-09-30,0,32173.65,29.95,25552.31,16.923,36,<1y,7.22,south,A
ln_48bcd99944c3,2024-09-30,1,46847.86,16.67,21073.31,15.492,60,1-3y,9.47,south,A
ln_c084cd392201,2024-09-30,0,98367.9,32.37,12943.33,16.416,36,1-3y,13.63,west,A
ln_521d73a9b9f8,2024-09-30,1,25836.77,41.68,18068.54,23.95,36,5-10y,16.52,north,A
ln_9cadeb3fca9f,2024-09-30,0,25509.76,40.59,20113.37,21.24,36,<1y,19.14,south,A
ln_fca6421af81b,2024-09-30,1,49437.06,42.8,17405.34,24.999,36,3-5y,11.09,west,B
ln_519b65ef5111,2024-09-30,1,79082.08,36.02,9227.32,23.029,36,<1y,7.53,north,A
ln_bfc4657854ed,2024-09-30,0,56987.14,34.68,23799.69,16.532,36,1-3y,9.64,west,B
ln_da36c9dbcca9,2024-09-30,0,74283.53,14.11,15399.21,12.229,36,5-10y,19.21,south,A
ln_1e7504406b75,2024-09-30,1,46234.51,31.1,48511.52,21.198,60,5-10y,9.63,west,B
ln_370132ba8808,2024-09-30,1,127181.93,38.36,9855.85,22.054,60,5-10y,17.8,north,A
ln_7a89cfe5bb2a,2024-09-30,1,40975.82,37.84,18250.68,20.827,60,3-5y,7.45,east,B
ln_a1aabfd73a0f,2024-09-30,0,29325.44,20.87,12289.31,16.468,36,3-5y,14.69,south,A
ln_7d6596b6e240,2024-09-30,1,25343.76,36.49,14411.66,20.691,36,<1y,9.2,east,B
ln_4bc0fcf39d5b,2024-09-30,0,109249.2,32.29,9795.38,17.74,36,1-3y,11.3,west,A
ln_f15218397d31,2024-09-30,1,79475.55,33.51,17938.6,20.346,60,10y+,14.4,east,A
ln_e0f86fc6a799,2024-09-30,0,34458.16,42.16,8585.89,22.106,36,<1y,8.85,west,A
ln_1715853376a4,2024-09-30,0,61655.87,29.97,12187.81,19.643,36,10y+,12.56,east,A
ln_2807fa1ce326,2024-09-30,1,24634.92,40.72,8402.24,21.721,36,<1y,6.27,south,B
ln_3c214c869bd3,2024-09-30,1,73547.77,38.36,17589.55,20.76,36,3-5y,13.62,east,B
ln_09afc623fc77,2024-09-30,0,33559.32,28.41,28390.38,19.938,36,1-3y,14.24,west,B
ln_ed6db71187b6,2024-09-30,0,35607.4,38.12,15106.48,23.047,36,1-3y,11.43,west,A
ln_a3b572a1f252,2024-09-30,1,32316.07,33.26,11268.5,19.101,36,1-3y,16.86,north,A
ln_c5ecc1b9feb9,2024-09-30,0,42373.68,23.02,6818.46,13.366,36,1-3y,14.91,north,A
ln_c1c0876106fd,2024-09-30,1,102229.64,33.58,15520.48,23.599,60,<1y,5.79,south,A
ln_ca1158e34ef9,2024-09-30,0,49340.85,24.71,3631.92,14.088,36,1-3y,19.34,south,A
ln_bdd94920f8e8,2024-09-30,0,54615.3,25.35,5044.07,16.851,36,1-3y,11.83,east,A
ln_93d8d16cf337,2024-09-30,0,73041.01,33.79,12885.54,22.048,60,5-10y,11.62,east,B
ln_1c082bb23ba7,2024-09-30,1,55216.54,31.95,3151.33,17.412,36,1-3y,7.37,west,B
ln_05d4c9bdc06d,2024-09-30,1,85911.85,25.37,25586.6,18.965,36,<1y,11.22,south,B
ln_1fa7cedc4f12,2024-09-30,0,49894.84,27.05,4672.53,19.168,36,<1y,3.93,west,A
ln_215f8973b9e6,2024-09-30,1,103130.07,25.19,7399.51,14.885,36,1-3y,10.72,north,B
ln_e6cbdc3fa6ae,2024-09-30,1,27715.48,44.31,8378.88,23.304,60,5-10y,8.61,east,B
ln_2dd23d93b5f3,2024-09-30,1,26619.58,35.06,8190.73,23.017,60,1-3y,8.44,west,B
ln_78cc9abe7647,2024-09-30,0,85885.2,24.29,17160.29,15.584,36,1-3y,14.93,west,A
ln_282c2fbae609,2024-09-30,0,44750.64,17.88,12613.57,14.345,36,<1y,12.63,west,B
ln_ec7dc7d63af9,2024-09-30,0,61132.37,16.63,16692.66,12.686,36,<1y,15.53,north,B
ln_b5e435a97b50,2024-09-30,1,43506.66,30.71,6426.55,14.364,60,<1y,12.18,north,B
ln_86ebe711f016,2024-09-30,0,68945.85,29.51,19354.13,14.317,60,3-5y,17.02,east,B
ln_966d272862a5,2024-09-30,1,45435.1,33.76,8464.98,18.759,36,3-5y,15.33,west,A
ln_24bc149835e0,2024-09-30,1,36201.64,38.05,19493.62,19.933,60,3-5y,14.46,east,A
ln_a57b217da67b,2024-09-30,1,39101.98,40.06,2826.23,21.85,36,1-3y,9.67,west,A
ln_11ad5acf12ff,2024-09-30,0,152631.06,19.32,30524.15,11.971,36,<1y,28.97,west,A
ln_581a97b2d8cc,2024-09-30,0,41090.9,30.9,22487.54,19.915,36,1-3y,8.29,west,A
ln_fcb1f8b5ae83,2024-09-30,0,112746.68,31.87,38527.0,20.281,36,3-5y,8.88,north,B
ln_7278bddc9a38,2024-09-30,0,59776.27,30.1,14663.87,19.356,60,1-3y,11.13,west,B
ln_bee2ece550b1,2024-09-30,0,32655.29,14.29,13887.51,14.65,36,<1y,9.85,east,A
ln_cfe093a106ef,2024-09-30,1,65001.68,39.92,24176.84,21.78,36,1-3y,8.62,east,B
ln_fe4376060e32,2024-09-30,0,161501.44,19.22,20761.71,13.99,36,5-10y,17.73,east,A
ln_03875a14e28c,2024-09-30,1,58058.95,37.22,9921.35,21.294,36,10y+,15.09,east,A
ln_110b33d6114a,2024-09-30,0,79567.45,32.73,16399.81,20.516,36,<1y,10.51,east,B
ln_2b641694adf4,2024-09-30,1,28250.79,35.98,11705.06,20.044,36,1-3y,8.94,east,B
ln_0f8c851aed55,2024-09-30,1,58820.64,26.43,19940.69,15.964,60,<1y,15.31,west,A
ln_d670b3e6b294,2024-09-30,1,51436.14,26.45,14017.02,16.974,36,3-5y,5.07,east,B
ln_bce58a0fb8b3,2024-09-30,0,43643.73,40.12,7114.36,24.368,36,<1y,4.65,north,A
ln_e838b319cda5,2024-09-30,1,112505.19,29.6,41009.3,18.719,36,3-5y,11.4,south,B
ln_5b542811b8a9,2024-09-30,1,71384.47,48.17,19820.89,28.497,36,<1y,14.35,east,A
ln_ed63e95c3575,2024-09-30,0,40481.25,26.63,11113.49,17.56,36,<1y,10.96,south,A
ln_84ed2dd96989,2024-09-30,1,46346.56,32.61,25604.78,22.016,60,<1y,7.22,south,B
ln_a8d7e509fe5b,2024-09-30,0,86646.01,16.57,23175.71,15.006,36,<1y,7.03,north,B
ln_f2f1e92943cd,2024-09-30,0,49993.79,18.0,25392.83,16.536,60,3-5y,12.88,east,A
ln_b40f4b0386b1,2024-09-30,0,65314.11,21.95,27784.6,17.319,36,1-3y,4.75,east,A
ln_7bc0fdcdc334,2024-09-30,1,100394.53,36.03,9819.55,17.979,60,1-3y,16.57,north,A
ln_cef84deb8fab,2024-09-30,1,62888.04,26.27,8665.19,16.554,36,3-5y,11.58,south,B
ln_b25220c72bb1,2024-09-30,0,49645.18,30.86,18200.09,16.433,60,1-3y,13.6,west,A
ln_f5a83da52197,2024-09-30,0,89141.54,19.83,20586.69,16.521,36,1-3y,7.53,east,A
ln_c9bf31daa77c,2024-09-30,0,36663.47,33.09,23249.48,22.663,60,3-5y,8.39,north,A
ln_72b8da5424e3,2024-09-30,0,65651.0,19.13,14958.68,11.305,36,1-3y,7.37,south,B
ln_f4fee70b281f,2024-09-30,0,62485.33,23.28,20979.12,15.551,36,<1y,5.03,south,A
ln_9f04ec0310df,2024-09-30,1,57636.22,40.48,19353.62,21.268,60,1-3y,9.2,west,A
ln_35cb9306f48a,2024-09-30,0,67307.62,32.71,4503.72,19.483,36,<1y,9.37,west,A
ln_a348c60160d4,2024-09-30,0,84339.08,21.44,8151.39,17.057,60,<1y,7.14,north,B
ln_951c6c967b15,2024-09-30,0,48060.08,36.82,9533.58,20.442,60,5-10y,14.43,south,B
ln_a3736e4150fb,2024-09-30,1,49278.25,24.51,6091.34,17.576,36,<1y,14.39,east,B
ln_38ac0b77ec37,2024-09-30,1,65958.84,36.8,8356.65,19.176,36,3-5y,11.99,north,B
ln_80eaf9a561c8,2024-09-30,0,88988.9,34.65,19332.39,19.308,60,1-3y,8.73,east,A
ln_a50845c5a22d,2024-09-30,1,37223.23,27.49,17042.06,12.446,36,1-3y,14.61,north,B
ln_8465b95a8d1c,2024-09-30,1,50399.41,26.78,8701.26,18.061,60,5-10y,8.12,north,A
ln_35c1b806a0d7,2024-09-30,1,54129.66,40.77,19745.23,22.144,36,1-3y,14.53,north,A
ln_d35528b02e5d,2024-09-30,0,122917.24,15.24,17879.15,14.895,36,<1y,12.31,north,A
ln_0524a53a8441,2024-09-30,0,85075.24,24.29,26963.53,13.573,36,5-10y,13.41,east,A
ln_46458a0824b0,2024-09-30,0,34409.94,36.49,15915.01,18.689,36,1-3y,12.53,south,A
ln_39c5af20a0a7,2024-09-30,0,52470.98,36.37,18471.89,15.798,36,<1y,14.89,west,B
ln_ca10fcd58d16,2024-09-30,1,26084.55,36.25,7672.51,20.308,36,<1y,13.0,west,A
ln_1056fee7b8ca,2024-09-30,0,47903.33,24.37,8665.08,14.893,36,1-3y,11.93,south,B
ln_0a6bfc5bd2a6,2024-09-30,0,60777.94,22.05,13479.05,17.861,36,<1y,4.76,south,A
ln_db24cadfa65e,2024-09-30,1,38164.89,42.99,5375.86,20.439,60,1-3y,22.33,east,A
ln_a728f23731f3,2024-09-30,0,57827.96,24.19,8414.59,18.963,36,<1y,4.76,west,B
ln_3ec6b4557438,2024-09-30,0,39449.5,35.47,9869.22,18.497,36,5-10y,16.11,west,A
ln_8dbd2c9d8768,2024-09-30,0,147330.36,14.21,15902.99,14.004,36,3-5y,11.61,south,A
ln_2b3063947b9b,2024-09-30,1,28772.64,31.75,16477.51,22.061,60,5-10y,14.17,east,B
ln_65fe85a79696,2024-09-30,0,56455.31,13.36,13929.81,14.792,36,<1y,10.5,south,A
ln_745fc8f340bd,2024-09-30,0,24999.56,32.87,16800.33,16.119,36,10y+,9.45,north,A
ln_bf2b91688285,2024-09-30,0,37496.3,21.14,41451.48,14.969,60,3-5y,27.71,south,A
ln_1b3d2e277b40,2024-09-30,0,51892.15,29.2,6429.98,17.91,36,<1y,9.88,south,A
ln_309c89119428,2024-09-30,1,51593.01,23.24,21055.19,21.092,60,1-3y,12.19,north,A
ln_e8a76dac9b52,2024-09-30,0,44676.8,17.5,18459.63,12.981,36,<1y,7.47,south,B
ln_96dd19380883,2024-09-30,1,37939.22,29.84,11929.87,20.506,36,3-5y,19.23,west,B
ln_9b95d8a4c4ef,2024-09-30,1,40236.93,35.42,15580.87,18.855,36,1-3y,30.63,north,B
ln_100f0480ae7a,2024-09-30,0,44480.67,34.61,17895.88,17.935,36,<1y,16.3,west,A
ln_f68eb915a58f,2024-09-30,0,33963.26,30.77,12711.01,20.523,36,3-5y,8.07,south,A
ln_f49785db261f,2024-09-30,1,46343.2,24.31,10005.21,20.032,36,3-5y,5.94,north,B
ln_ea7a30773005,2024-09-30,1,31792.34,29.73,11517.44,16.91,36,3-5y,14.56,north,A
ln_e951d19e444b,2024-09-30,0,69641.83,20.26,8575.97,16.049,36,3-5y,19.16,west,B
ln_9eccdcae4062,2024-09-30,1,45919.13,26.29,9007.98,16.385,36,10y+,19.25,south,B
ln_8b0e1d3b57d7,2024-09-30,0,59635.68,35.8,30413.26,21.197,36,10y+,18.75,east,A
ln_1597d90272e2,2024-09-30,0,36426.72,33.6,18324.37,18.055,36,3-5y,14.62,east,B
ln_1a109ad0b98e,2024-09-30,0,70634.71,25.31,9715.89,14.114,36,3-5y,9.15,south,B
ln_9b1c6764c407,2024-09-30,1,31870.17,37.28,24744.8,22.638,36,<1y,4.31,east,A
ln_cdef253d1f01,2024-09-30,0,43594.06,25.27,11393.18,16.567,36,<1y,5.12,west,A
ln_4b1890e8cf2e,2024-09-30,0,42792.04,22.99,12238.71,18.624,60,<1y,7.91,west,B
ln_6263005d1cee,2024-09-30,0,60663.94,16.84,5622.45,12.829,36,10y+,10.76,north,B
ln_3de78727398e,2024-09-30,1,19914.84,37.46,7922.21,20.767,60,1-3y,10.83,east,A
ln_d4c3f21f7045,2024-09-30,1,39307.72,38.52,24714.27,26.371,36,<1y,4.84,south,B
ln_d72fa37c758e,2024-09-30,0,46006.24,27.58,12054.35,18.577,36,1-3y,15.56,west,A
ln_a2d72052c791,2024-09-30,1,28136.67,35.18,25397.94,19.216,36,1-3y,6.36,east,B
ln_77bfffdf6838,2024-09-30,1,44685.33,37.89,10551.0,16.546,60,<1y,17.73,north,B
ln_7cb00476ce0a,2024-09-30,0,36793.75,34.95,16791.89,14.515,60,5-10y,17.77,west,B
ln_506fcfc764fb,2024-09-30,1,46429.62,31.25,27913.23,15.993,36,1-3y,13.1,east,A
ln_9baeed62a053,2024-09-30,1,60312.71,31.79,21886.33,21.439,60,<1y,7.11,south,B
ln_f812b0f6a9a2,2024-09-30,0,69406.39,26.13,8729.49,17.905,36,10y+,13.55,north,B
ln_daff0fbb6492,2024-09-30,0,70635.88,17.94,6585.21,14.635,60,1-3y,19.12,north,B
ln_e11d59a2bc5f,2024-09-30,1,35560.36,26.51,9459.61,18.988,36,5-10y,6.92,west,A
ln_e87fe2f1551d,2024-09-30,1,43959.91,41.0,14700.93,23.065,60,<1y,4.62,east,B
ln_de27621ff138,2024-09-30,0,46366.84,35.95,36397.23,19.374,36,<1y,13.76,north,A
ln_e3d52949d1e2,2024-09-30,0,33700.39,45.38,10661.16,20.775,36,10y+,17.02,north,A
ln_4d868fc17744,2024-09-30,1,40528.61,32.19,11864.22,20.46,36,3-5y,12.91,east,A
ln_3cfe680b20c7,2024-09-30,1,38269.37,39.07,7237.99,22.681,36,1-3y,12.9,west,B
ln_5cf1f2f2ebf5,2024-09-30,0,76259.31,26.45,7964.34,15.882,36,5-10y,10.89,east,B
ln_fd0671810b4a,2024-09-30,0,43491.95,24.49,37831.6,19.322,60,5-10y,11.22,east,A
ln_02a6b88963c6,2024-09-30,0,127516.01,23.21,15047.41,16.287,60,3-5y,8.71,south,B
ln_85522022d3a4,2024-09-30,0,124679.5,26.8,21224.67,19.324,36,<1y,12.04,east,B
ln_5010f9deb7dc,2024-09-30,1,40022.83,24.94,9979.89,20.26,36,3-5y,16.11,east,B
ln_d5a876ac5717,2024-09-30,0,23921.12,26.5,21356.98,17.831,36,1-3y,6.54,west,B
ln_eb5a4f8c6b47,2024-09-30,1,91032.2,31.94,30414.25,19.059,60,5-10y,10.99,north,B
ln_7bdc57b3eace,2024-09-30,1,28939.01,32.52,24509.37,16.548,36,<1y,12.8,south,A
ln_74de1bbcd127,2024-09-30,0,65282.48,18.04,16031.4,9.239,36,<1y,16.66,west,B
ln_e4360d954ea1,2024-09-30,0,39061.67,35.41,29033.82,16.006,36,5-10y,19.55,east,B
ln_705f96d2df4d,2024-09-30,1,54818.14,50.13,9377.57,22.863,60,3-5y,16.53,north,B
ln_2b786ce5e124,2024-09-30,1,57730.08,28.3,8644.68,19.44,60,5-10y,24.19,east,B
ln_f6b5f019851f,2024-09-30,0,94645.9,16.38,9317.03,14.104,60,5-10y,14.98,north,A
ln_274129bb78e8,2024-09-30,1,68999.8,36.46,12070.73,21.962,36,<1y,2.53,west,A
ln_653233971a7b,2024-09-30,0,30662.89,37.77,14215.49,22.443,36,1-3y,21.71,east,A
ln_982ba43fb79a,2024-09-30,1,27607.3,37.53,6242.13,23.983,36,1-3y,10.28,east,A
ln_76c1e52a0c7c,2024-09-30,1,45485.09,36.79,5275.67,17.966,36,<1y,6.35,south,A
ln_f552c7d5646b,2024-09-30,1,46647.03,34.23,9558.6,20.665,60,5-10y,18.16,west,A
ln_200a035c94f0,2024-09-30,0,34737.77,40.31,13303.95,22.14,36,1-3y,10.54,east,B
ln_b2097cee3649,2024-09-30,0,36467.27,27.1,10499.65,14.502,36,3-5y,19.23,west,B
ln_f762d984dfc8,2024-09-30,1,42950.33,39.6,27665.82,21.864,36,5-10y,13.85,west,B
ln_8e0f3bc4e50b,2024-09-30,0,70072.54,31.94,11901.0,19.367,36,3-5y,8.6,east,B
ln_f50f5cdac190,2024-09-30,0,42713.54,26.47,6197.29,16.198,36,5-10y,20.63,west,A
ln_40e2e2e83de7,2024-09-30,0,68970.18,31.8,3234.09,18.809,36,<1y,9.95,west,A
ln_b2f6c8b30a59,2024-09-30,1,39799.87,40.9,17237.88,23.802,36,<1y,11.38,east,B
ln_dcfb9b7beee1,2024-09-30,1,35415.47,37.88,41508.41,22.464,36,<1y,5.97,east,B
ln_a13ec1712594,2024-09-30,0,28297.13,28.25,18721.63,19.662,36,1-3y,14.64,south,B
ln_3ebf912305c2,2024-09-30,1,50289.43,39.44,9230.38,24.932,36,<1y,9.44,east,A
ln_e33188591e45,2024-09-30,0,46756.34,25.56,12171.31,17.509,60,5-10y,11.7,west,A
ln_013397d38b96,2024-09-30,0,76301.58,22.23,10163.85,13.898,60,1-3y,9.7,south,B
ln_b70ee2328458,2024-09-30,0,51913.78,15.65,23084.06,8.522,60,1-3y,21.43,south,B
ln_62da393b5881,2024-09-30,1,48805.2,22.81,8339.48,16.44,36,<1y,10.49,north,A
ln_2e0c2993abc4,2024-09-30,1,27848.0,25.03,17751.57,14.828,36,1-3y,11.09,west,A
ln_142d657f7756,2024-09-30,1,26113.12,23.42,11354.08,14.799,36,3-5y,8.48,south,A
ln_7a5fd54712d3,2024-09-30,0,42258.01,27.12,26143.47,19.092,60,1-3y,16.63,east,A
ln_4b854d7bc2ee,2024-09-30,0,43825.29,25.99,13286.6,14.497,36,10y+,14.0,west,A
ln_b007ed931e64,2024-09-30,1,28345.82,28.83,10320.01,20.663,36,<1y,8.34,north,A
ln_2cb14bb12dc3,2024-09-30,1,33909.18,34.87,9281.06,23.093,36,<1y,12.33,north,B
ln_5aeef74e5fbb,2024-09-30,0,90680.7,30.01,12133.61,17.173,36,1-3y,16.28,west,B
ln_85a6e4980715,2024-09-30,1,55705.4,38.86,17085.07,21.449,60,<1y,15.26,east,B
ln_6da9be98a34a,2024-09-30,0,91748.4,17.22,35860.12,13.103,36,<1y,13.41,north,B
ln_977f403d5be0,2024-09-30,1,22094.19,36.16,11210.38,23.141,36,3-5y,11.7,south,B
ln_79f2666507e3,2024-09-30,1,57519.75,29.34,7547.65,21.995,36,5-10y,9.85,north,A
ln_45dedce14b5e,2024-09-30,1,32346.9,24.08,27563.9,14.607,36,<1y,7.66,south,B
ln_59bdbc9ec5c6,2024-09-30,1,85076.34,34.53,33240.7,17.12,36,10y+,12.87,west,A
ln_daf11f388957,2024-09-30,0,69575.84,22.11,29864.78,16.267,60,1-3y,17.49,west,A
ln_7d7fbb52e631,2024-09-30,1,59430.78,28.6,25934.77,17.695,36,1-3y,18.34,north,B
ln_a1b154fdee38,2024-09-30,0,152404.86,13.91,39071.5,10.516,36,5-10y,19.31,east,A
ln_300823d714e8,2024-09-30,1,23255.97,33.11,4441.62,19.638,60,1-3y,15.0,east,B
ln_aeb0b5f6ae7a,2024-09-30,0,52698.09,33.89,9943.63,22.235,36,1-3y,9.38,north,A
ln_3106507def43,2024-09-30,0,49839.36,32.86,12506.81,16.525,36,10y+,11.7,north,A
ln_513f85bf663c,2024-09-30,0,55560.07,17.4,5547.87,18.983,36,<1y,9.54,east,B
ln_1f9ea57ac7dd,2024-09-30,0,108312.46,19.37,10181.52,17.015,60,<1y,7.4,east,B
ln_264e9ed44bf1,2024-09-30,1,58568.74,21.31,32959.94,15.237,36,10y+,14.05,north,A
ln_93560b66ebf8,2024-09-30,0,61746.68,24.99,26072.25,15.544,60,<1y,12.18,east,A
ln_70020639090e,2024-09-30,0,39691.87,30.96,6475.97,18.273,60,10y+,15.19,west,B
ln_fa1528558e46,2024-09-30,1,25490.61,27.88,16446.19,19.714,36,5-10y,11.38,west,B
ln_02e5599f6752,2024-09-30,0,77647.45,33.41,17084.09,18.48,36,<1y,9.3,east,A
ln_1966b6603c88,2024-09-30,1,71230.49,30.91,44054.52,21.254,60,1-3y,12.49,south,A
ln_4e0197280b4f,2024-09-30,1,44053.79,38.66,7966.54,21.53,36,<1y,4.83,east,B
ln_16ba29ed9e0b,2024-09-30,0,84941.64,13.41,20377.64,15.949,60,1-3y,15.53,east,A
ln_91fd540ed2d4,2024-09-30,1,46963.83,39.41,5847.17,22.996,60,3-5y,10.64,east,A
ln_aa306ebf9410,2024-09-30,1,41986.67,38.16,29591.22,19.561,60,1-3y,10.35,north,B
ln_43ca01941947,2024-09-30,0,39341.67,34.82,3765.96,17.986,36,1-3y,9.97,south,A
ln_ac4fedad0df2,2024-09-30,0,96754.51,16.12,20404.33,12.403,36,10y+,17.22,north,B
ln_cdb972619989,2024-09-30,0,45416.44,18.74,23164.18,14.46,36,1-3y,15.89,west,A
ln_ae1a66b45427,2024-09-30,1,41722.93,34.55,17778.32,20.072,60,3-5y,13.11,east,B
ln_58fd5f6cb2b5,2024-09-30,1,134948.54,40.3,16899.32,20.554,36,5-10y,14.4,north,A
ln_b6a9dd99b2a5,2024-09-30,0,53068.43,27.54,14853.41,18.119,36,3-5y,12.55,south,A
ln_b6801eeab6b7,2024-09-30,1,101396.67,15.62,11945.87,13.773,36,1-3y,5.64,south,A
ln_f640437619df,2024-09-30,0,86752.93,26.89,13569.61,17.822,36,1-3y,15.27,west,A
ln_fa1028bd7e2d,2024-09-30,0,183638.66,22.4,9380.46,17.167,60,<1y,13.94,north,A
ln_7f965de4ece0,2024-09-30,0,96965.24,29.34,19983.71,20.032,36,3-5y,9.13,north,A
ln_1aeeb497af32,2024-09-30,0,92661.62,30.17,11542.56,21.64,60,1-3y,8.79,south,A
ln_bdf89c1605a4,2024-09-30,0,51387.91,30.17,16760.03,19.054,60,1-3y,17.3,west,B
ln_33e3de3f3dee,2024-09-30,0,85419.71,21.71,5697.39,14.916,36,3-5y,11.8,west,A
ln_7c5b0d1b4ea5,2024-09-30,0,41768.45,26.83,6573.62,17.007,36,1-3y,6.73,south,A
ln_71a7ff63da89,2024-09-30,0,29010.22,31.48,15513.66,18.76,36,<1y,10.58,west,A
ln_29c7ecb963cd,2024-09-30,0,41039.0,28.85,23684.96,18.396,36,1-3y,16.96,north,B
ln_aa3a6333f3d3,2024-09-30,0,52691.44,39.55,7087.81,17.455,36,1-3y,14.71,west,A
ln_a17bd47232a4,2024-09-30,0,85246.77,28.56,19174.89,18.288,36,<1y,11.45,west,B
ln_7c64ed313aca,2024-09-30,0,60583.0,29.33,13429.38,16.269,36,<1y,8.58,south,A
ln_a5e05afd6738,2024-09-30,1,73283.5,38.58,18651.02,21.672,60,<1y,9.58,west,B
ln_f1919cb14885,2024-09-30,0,58308.78,31.5,7350.23,16.136,36,5-10y,13.06,north,A
ln_0d3d310c9a56,2024-09-30,0,46058.13,21.15,11611.57,18.566,60,<1y,6.91,north,A
ln_ab0ea8820155,2024-09-30,0,42563.91,29.4,21668.28,19.964,36,10y+,9.78,north,B
ln_b8541d0ee53b,2024-09-30,0,26531.06,30.36,10007.74,21.335,36,3-5y,10.64,east,B
ln_27e9e3564ea8,2024-09-30,1,66364.34,42.83,13858.31,23.649,36,<1y,7.93,north,B
ln_8b7701655532,2024-09-30,0,64392.0,28.78,14314.03,16.391,36,<1y,9.14,west,A
ln_99eb6f834c0a,2024-09-30,1,65623.48,25.97,13592.98,14.07,60,10y+,14.97,north,A
ln_e5321a6dd904,2024-09-30,0,70003.88,40.04,8174.97,19.147,36,<1y,6.23,south,A
ln_e0c79e18f9d5,2024-09-30,0,42663.5,20.9,11006.79,16.062,36,1-3y,9.8,south,A
ln_4ec28f0354f1,2024-09-30,1,51746.36,32.74,8712.28,15.849,36,3-5y,10.12,north,A
ln_daa6c1d72c90,2024-09-30,1,32412.02,44.04,14444.66,22.831,60,1-3y,11.01,north,B
ln_2169349dc557,2024-09-30,0,63498.23,32.79,7816.39,18.37,36,<1y,11.43,west,A
ln_fd8b26916ff4,2024-09-30,1,59631.11,38.01,77890.21,21.809,36,1-3y,9.1,south,A
ln_516210dde5b9,2024-09-30,0,33758.66,29.65,14105.4,23.444,36,1-3y,9.43,south,A
ln_fd4467fc7a8a,2024-09-30,1,34680.66,45.45,13985.32,23.599,36,<1y,11.09,east,A
ln_8ffffb282191,2024-09-30,1,50641.16,41.8,7157.25,21.114,36,1-3y,17.19,east,B
ln_0b8c19c50b89,2024-09-30,1,28633.29,22.4,25155.65,14.567,36,1-3y,9.0,west,B
ln_b3bca61efbe7,2024-09-30,1,44977.43,35.03,8436.18,22.298,60,1-3y,9.01,south,A
ln_89d7f8325d60,2024-09-30,1,75355.98,35.75,10818.69,22.32,36,<1y,7.07,north,B
ln_df2a6fc625ec,2024-09-30,0,63295.85,26.49,4710.72,20.599,60,1-3y,14.3,east,A
ln_67ab580771cc,2024-09-30,0,54635.38,22.08,8606.03,14.55,36,1-3y,15.43,west,A
ln_5af3e156085f,2024-09-30,0,48468.51,31.09,21515.93,14.079,36,10y+,11.92,west,B
ln_b2c580efd913,2024-09-30,0,57575.79,31.73,19315.69,19.269,36,3-5y,9.66,south,B
ln_e00257240951,2024-09-30,0,123810.33,26.62,39270.5,16.532,36,<1y,10.96,north,A
ln_9b5dcfbb3efc,2024-09-30,1,47349.19,22.06,9907.21,14.896,36,1-3y,10.84,east,A
ln_e6c4946559bb,2024-09-30,1,50545.16,32.85,37155.59,18.553,36,<1y,8.51,west,B
ln_f188463f723c,2024-09-30,0,85451.25,15.93,27015.93,14.53,36,5-10y,14.28,south,A
ln_7c36e395d6d8,2024-09-30,0,59646.47,17.46,14362.13,13.339,36,1-3y,19.62,east,A
ln_47f82ae653c0,2024-09-30,1,92906.23,31.73,30593.68,19.767,36,<1y,11.35,north,A
ln_94cd8131888f,2024-09-30,0,28898.29,29.37,9205.58,14.835,36,<1y,18.02,south,B
ln_6c2356af98ac,2024-09-30,1,180932.17,19.54,20069.76,14.418,36,<1y,8.49,south,A
ln_044f63f55669,2024-09-30,1,46953.4,17.87,10663.18,14.123,36,3-5y,10.48,north,B
ln_f52e8975883b,2024-09-30,0,43872.9,33.74,17287.1,17.476,60,3-5y,18.35,west,A
ln_d53ce670a864,2024-09-30,0,50057.16,35.73,14102.26,22.076,60,1-3y,9.32,south,A
ln_decf52241445,2024-09-30,1,199688.94,30.5,7621.79,16.276,60,<1y,9.69,west,B
ln_c51c7d47c424,2024-09-30,0,126257.43,22.47,14142.39,15.94,36,<1y,13.79,north,A
ln_d1530af3741a,2024-09-30,0,47608.36,15.81,28303.15,17.274,60,3-5y,12.57,north,B
ln_e6ec5cfa5e99,2024-09-30,1,41250.5,36.35,21086.25,19.24,36,5-10y,8.95,west,A
ln_6f9a0c11e360,2024-09-30,1,78896.19,19.74,20432.77,16.478,36,<1y,7.34,north,A
ln_bf06e7b27420,2024-09-30,0,35827.23,31.92,18469.12,23.248,60,5-10y,18.16,west,B
ln_c59e721c3c27,2024-09-30,1,95430.33,39.96,14478.73,22.934,36,<1y,8.78,west,B
ln_281f7d487df9,2024-09-30,0,31510.33,17.39,4702.98,12.412,60,<1y,10.81,south,A
ln_838536720e82,2024-09-30,0,84695.6,41.13,12229.17,21.792,36,5-10y,5.59,east,B
ln_e70dbf6bc99b,2024-09-30,0,89980.73,34.41,16048.69,19.567,36,1-3y,6.1,west,A
ln_51acc7ed6b04,2024-09-30,0,40880.05,29.94,17220.68,15.401,36,1-3y,6.3,west,A
ln_b410419331c0,2024-09-30,0,44801.44,33.78,13739.46,17.817,36,10y+,12.09,east,B
ln_c823bc1e8b88,2024-09-30,1,52932.68,48.16,35938.66,22.464,36,1-3y,15.0,south,B
ln_58ddab595f70,2024-09-30,1,41574.32,24.36,10606.09,18.076,60,<1y,11.72,south,B
ln_b9a7c56a327e,2024-09-30,1,32809.47,38.18,8002.35,21.071,36,10y+,21.17,north,A
ln_769682bb74ee,2024-09-30,0,54721.74,17.33,10349.87,15.711,36,1-3y,9.05,east,A
ln_1c454439d05d,2024-09-30,1,80140.75,30.92,8755.04,19.254,60,1-3y,9.74,west,B
ln_25e108fe5c0e,2024-09-30,0,94793.12,24.21,13711.99,17.415,60,10y+,14.44,north,B
ln_120d69a1a710,2024-09-30,0,143999.53,25.64,14279.9,20.709,36,3-5y,10.29,north,A
ln_36d09f372d22,2024-09-30,1,28127.5,34.08,14351.51,23.628,36,1-3y,16.05,east,B
ln_6576bc178dc4,2024-09-30,0,59436.75,18.51,21685.52,13.351,60,3-5y,18.44,east,A
ln_e84fa7f23b52,2024-09-30,1,78069.96,41.5,26979.17,20.408,36,<1y,5.67,west,B
ln_fe63e981241a,2024-09-30,1,150910.23,27.93,12188.43,15.322,60,1-3y,11.89,north,B
ln_ce31d1fc0d1d,2024-09-30,0,34163.77,22.0,10925.27,15.528,36,1-3y,9.39,east,B
ln_19a086108528,2024-09-30,1,59613.24,21.19,13402.41,14.895,36,<1y,14.47,north,A
ln_c9f727d6c520,2024-09-30,0,93959.52,26.03,2711.54,13.99,36,1-3y,13.23,west,A
ln_871a8cfed23c,2024-09-30,1,33155.46,27.1,11439.99,15.759,36,1-3y,9.78,north,B
ln_70c581b17e5f,2024-09-30,0,26243.11,26.51,15906.59,17.956,36,3-5y,14.27,north,A
ln_784dc5dcd679,2024-09-30,1,53165.41,34.99,11063.73,17.956,36,<1y,7.64,east,B
ln_5e000b2801d1,2024-09-30,0,121439.39,24.33,10008.11,17.802,36,1-3y,6.12,east,B
ln_67093998f2d7,2024-09-30,0,25379.17,25.24,36907.44,19.994,60,<1y,2.75,east,A
ln_9c313340929f,2024-09-30,0,92509.46,28.69,15864.54,14.298,36,1-3y,12.65,north,B
ln_cf1f6874b527,2024-09-30,0,39593.87,22.81,14302.48,15.635,36,3-5y,15.4,south,B
ln_a9289c46bcc6,2024-09-30,0,76775.08,23.37,7543.86,17.007,60,<1y,11.34,south,B
ln_12ffc82337a0,2024-09-30,0,55355.95,24.45,13293.73,17.482,36,1-3y,5.99,south,A
ln_ffd527363d41,2024-09-30,0,64591.79,31.55,28130.61,16.358,36,5-10y,17.7,east,A
ln_546c7ae631d5,2024-09-30,0,79382.21,18.84,19580.06,13.676,36,3-5y,12.91,south,A
ln_3e8e21dd6173,2024-09-30,0,57705.36,31.39,11596.43,20.648,36,5-10y,11.46,north,A
ln_d8c9fd20c8c3,2024-09-30,0,75957.54,27.25,4832.92,16.801,36,3-5y,6.68,south,B
ln_ed87f25cf5cf,2024-09-30,0,108335.21,35.55,16672.53,21.994,36,1-3y,15.75,west,A
ln_71e5ee96b7a1,2024-09-30,0,52551.9,24.41,10567.6,17.696,36,1-3y,15.02,south,A
ln_9df89905ee8e,2024-09-30,1,91556.95,24.16,9579.96,14.658,60,3-5y,7.05,west,A
ln_1410d9e4a178,2024-09-30,0,51733.71,23.15,17255.87,16.184,36,1-3y,11.62,east,B
ln_72052ea8a01a,2024-09-30,1,29569.57,27.7,11182.11,18.258,60,5-10y,13.31,north,B
ln_a0771f65067e,2024-09-30,0,36215.72,31.12,14981.08,17.998,36,<1y,8.33,north,A
ln_4203e1587b07,2024-09-30,1,67054.91,43.21,13101.93,21.972,36,<1y,9.12,west,B
ln_4c7cc754b9de,2024-09-30,0,112420.2,20.89,7034.51,16.767,36,1-3y,10.75,north,A
ln_99e21a53e4cb,2024-09-30,0,78087.24,11.81,37354.3,13.007,36,1-3y,10.34,south,B
ln_51ef813e8007,2024-09-30,0,43165.1,25.86,28212.18,21.967,60,1-3y,9.98,south,B
ln_f6adcbd24236,2024-09-30,1,27841.46,31.65,31454.03,17.543,36,5-10y,8.11,south,A
ln_c22e795ae090,2024-09-30,0,81252.17,32.22,6458.53,19.544,36,10y+,11.65,north,A
ln_135cc138d57c,2024-09-30,0,143546.76,25.39,8386.99,17.713,60,1-3y,10.9,east,A
ln_7b17b8c716ba,2024-09-30,1,38691.87,32.18,11222.48,20.09,36,1-3y,13.27,west,A
ln_56d2f98e93be,2024-09-30,1,78204.54,24.68,20052.6,19.062,36,<1y,10.7,west,A
ln_9f6425125473,2024-09-30,0,47618.71,32.13,23289.26,18.191,36,10y+,16.3,south,B
ln_e37b66946edc,2024-09-30,1,68237.68,37.95,33765.16,21.092,36,<1y,14.13,north,B
ln_f527f5c6fa03,2024-09-30,0,65840.72,33.63,4569.29,17.37,36,<1y,19.9,north,A
ln_c721108cc2d7,2024-09-30,1,29391.48,31.03,13277.46,22.832,60,<1y,6.98,north,B
ln_1e9fbf1ff975,2024-09-30,1,39280.4,32.37,6150.78,20.384,36,<1y,8.63,east,A
ln_64c51dccc465,2024-09-30,1,51277.63,46.02,16316.8,23.159,36,3-5y,12.87,south,B
ln_003b80eba747,2024-09-30,1,30875.21,28.88,32775.37,15.718,60,<1y,8.36,north,A
ln_9df5194fa3f8,2024-09-30,0,26461.45,33.45,6296.1,20.692,60,3-5y,10.32,south,B
ln_d471c79cadea,2024-09-30,1,50371.8,26.88,29023.2,17.144,36,1-3y,6.43,north,B
ln_afec0e097309,2024-09-30,1,25542.76,52.71,13083.97,25.604,60,<1y,17.49,west,A
ln_9aac187a2e90,2024-09-30,1,30369.22,19.63,40357.54,16.505,60,1-3y,16.35,north,B
ln_83919484c8bc,2024-09-30,0,52417.54,27.1,27459.72,17.987,60,3-5y,12.14,east,A
ln_d8096563af29,2024-09-30,0,60728.81,29.04,16305.92,17.012,36,3-5y,15.12,east,A
ln_ef5a0e7cf23f,2024-09-30,0,58243.31,17.17,10375.29,14.545,36,<1y,6.92,east,A
ln_c592a94aa1b5,2024-09-30,0,66144.0,31.11,11294.05,16.204,60,<1y,10.99,east,A
ln_ce3e2c0909a5,2024-09-30,0,52021.33,25.07,16142.47,16.711,36,3-5y,7.23,north,A
ln_b9bf87aa28e0,2024-09-30,0,20608.29,44.53,10386.94,19.564,36,<1y,19.09,east,B
ln_d786a65627e5,2024-09-30,1,34970.13,35.83,12393.54,17.724,60,<1y,12.43,north,A
ln_625bebd0226b,2024-09-30,1,54529.23,48.91,12764.11,22.312,36,3-5y,11.89,north,A
ln_27246da10d28,2024-09-30,1,30683.31,30.36,4939.41,20.131,36,3-5y,9.64,south,B
ln_7d82f64f5374,2024-09-30,1,50064.63,24.58,17911.56,17.442,36,1-3y,15.44,north,A
ln_8346071d53fa,2024-09-30,0,121995.31,28.78,15173.58,18.538,36,3-5y,14.83,north,B
ln_13787792089d,2024-09-30,0,74887.98,22.13,34216.56,11.781,36,<1y,17.53,south,A
ln_c83f4e0ed7fa,2024-09-30,1,36704.25,35.66,15117.81,21.45,60,10y+,10.92,west,B
ln_d58a9fb1e150,2024-09-30,0,86155.2,30.09,18502.93,19.077,60,1-3y,15.57,north,B
ln_ec196484f93f,2024-09-30,1,28328.39,30.64,13481.9,18.583,60,1-3y,8.7,west,A
ln_becd34e7ef94,2024-09-30,0,41212.99,22.16,13763.87,15.031,36,1-3y,10.09,north,A
ln_ed8a90df9389,2024-09-30,0,49966.13,27.72,13502.69,16.289,36,1-3y,19.77,south,B
ln_4e34e8b3019b,2024-09-30,0,107527.47,28.26,9214.58,19.768,36,1-3y,6.88,north,B
ln_23025848f015,2024-09-30,1,50105.91,37.27,13355.29,21.561,60,1-3y,9.99,south,A
ln_d6776b34a3d1,2024-09-30,1,42883.72,33.74,5694.91,18.218,60,10y+,11.03,south,A
ln_b0cff8028856,2024-09-30,0,43585.55,35.96,7605.04,16.924,36,<1y,14.22,west,B
ln_0f330f4ea9a7,2024-09-30,0,83997.35,32.37,6449.58,15.407,36,<1y,15.49,south,A
ln_79fbb4456dcc,2024-09-30,0,59309.94,26.3,9776.77,15.426,36,<1y,11.2,north,A
ln_b4c018a98c59,2024-09-30,1,66182.27,35.7,17768.35,21.355,36,<1y,11.83,west,A
ln_08eb99cea7a9,2024-09-30,0,27942.75,31.81,17135.5,20.239,36,<1y,12.95,south,B
ln_9136758abd70,2024-09-30,0,43904.02,21.62,12900.83,22.811,60,3-5y,7.12,west,B
ln_928ccd357637,2024-09-30,1,40159.72,35.23,17369.95,21.553,60,5-10y,17.5,west,A
ln_dafed368c17a,2024-09-30,1,70533.53,32.95,21604.84,19.399,60,3-5y,12.3,south,A
ln_45423ad73452,2024-09-30,1,63054.93,39.25,13392.54,20.756,60,<1y,7.53,east,B
ln_dbc02e34252b,2024-09-30,1,44510.37,45.41,12531.24,22.301,36,5-10y,10.65,east,B
ln_8ae1edcb3451,2024-09-30,0,80933.89,31.51,26298.96,21.481,60,3-5y,17.51,west,A
ln_5ebd41b1f4c6,2024-09-30,1,65205.74,36.36,44914.96,18.889,60,10y+,16.21,north,B
ln_835e77f4d7de,2024-09-30,0,95123.84,24.2,9630.22,14.922,36,3-5y,23.9,north,A
ln_55d16c83fd90,2024-09-30,0,36796.11,22.97,10758.0,19.031,36,<1y,13.91,west,B
ln_690d2a128915,2024-09-30,0,55898.68,26.9,9162.81,18.807,60,3-5y,11.07,south,A
ln_9bc5e823b634,2024-09-30,0,49788.57,31.43,23720.08,17.211,36,<1y,27.53,north,B
ln_639d2d6c9da2,2024-09-30,1,32745.9,37.73,28722.84,23.727,36,<1y,7.48,north,A
ln_e1c8c3ab444e,2024-09-30,0,44724.12,19.49,3834.91,10.904,36,<1y,12.8,south,B
ln_03f7b59a71bc,2024-09-30,0,29854.8,21.59,17871.96,16.673,36,10y+,11.01,west,B
ln_841b07131ca4,2024-09-30,0,54937.46,24.3,3387.93,17.71,60,1-3y,14.41,south,A
ln_2a8d8475d1af,2024-09-30,0,49414.96,19.43,22570.34,14.885,60,5-10y,9.56,south,B
ln_843d08a68f75,2024-09-30,1,47638.09,39.32,15289.81,22.024,36,1-3y,6.6,east,B
ln_9b310bbfb147,2024-09-30,1,35396.43,28.96,9415.26,19.866,36,1-3y,8.0,east,A
ln_9a7d35e2da98,2024-09-30,0,35818.68,25.74,22586.63,15.909,60,3-5y,10.13,west,B
ln_372a08fe961f,2024-09-30,0,52721.87,30.09,22386.83,16.891,36,1-3y,11.18,south,B
ln_02f6e3a444a2,2024-09-30,1,54002.08,10.81,12278.21,12.36,36,<1y,3.91,north,B
ln_7aeb94ba28bd,2024-09-30,0,71863.08,32.19,13091.63,15.308,60,1-3y,10.71,north,A
ln_1c5de710ee4c,2024-09-30,0,24707.57,16.65,15196.12,15.973,60,10y+,21.47,west,A
ln_0c04159fa4da,2024-09-30,0,38027.3,30.64,9162.61,20.065,36,5-10y,10.52,south,A
ln_67ea77b9d846,2024-09-30,1,80307.92,37.74,24769.8,21.937,36,3-5y,12.59,south,B
ln_c331c69ce1c0,2024-09-30,0,56329.87,23.63,14038.35,15.964,36,<1y,5.98,east,B
ln_2518bc07e7d6,2024-09-30,0,57374.0,33.61,8797.37,19.346,36,1-3y,19.81,south,A
ln_9e95300a5fae,2024-09-30,0,85634.61,30.8,21562.32,20.427,36,<1y,6.54,south,B
ln_e04b2084b99a,2024-09-30,0,48574.95,21.44,29267.67,16.263,36,<1y,4.95,west,A
ln_b41ebad661f1,2024-09-30,0,62768.25,17.23,7494.19,16.461,36,<1y,6.48,north,B
ln_0ae7d9189057,2024-09-30,1,47305.08,32.86,4586.2,22.376,60,<1y,12.84,west,A
ln_0bf91aa200d5,2024-09-30,1,50691.89,34.35,15967.54,21.384,36,<1y,3.5,south,A
ln_d17d6ed9fdda,2024-09-30,0,56012.99,21.36,10105.56,14.542,36,10y+,15.56,north,B
ln_cdda03151aba,2024-09-30,0,66688.39,24.58,29400.06,18.612,36,<1y,10.04,east,A
ln_8578a40e001b,2024-09-30,0,33324.23,20.25,12412.15,13.38,60,3-5y,8.9,east,A
ln_c738b1f79d16,2024-09-30,0,42814.44,28.06,18571.14,18.608,36,3-5y,10.18,north,A
ln_d548d4523aec,2024-09-30,1,62478.23,33.75,14072.92,22.003,36,5-10y,10.25,east,A
ln_ab9584646c79,2024-09-30,0,33108.93,15.35,4670.33,17.145,36,5-10y,15.17,east,A
ln_f6704e5aa855,2024-09-30,0,63094.74,26.74,2707.09,19.997,60,5-10y,17.62,west,B
ln_d4c5a8854a16,2024-09-30,0,91592.22,26.62,21951.66,17.169,36,10y+,9.75,west,B
ln_060b314b5f43,2024-09-30,0,44871.11,16.42,27414.09,14.483,60,1-3y,10.31,south,B
ln_42a70272f0ba,2024-09-30,1,38421.21,29.21,11749.11,17.056,36,3-5y,13.97,north,A
ln_0768a628318f,2024-09-30,0,73297.86,46.78,15617.01,22.97,60,3-5y,15.16,north,A
ln_a7eb9221d37f,2024-09-30,1,135345.63,35.47,19892.22,18.302,60,<1y,18.78,south,A
ln_7af5d98c6c4d,2024-09-30,0,36877.67,25.24,24789.12,16.605,60,3-5y,14.3,west,B
ln_fb6b01b36e62,2024-09-30,0,38278.19,30.25,18659.34,21.858,36,1-3y,14.65,east,A
ln_3d610609f54f,2024-09-30,1,30889.85,41.34,9317.22,22.619,60,<1y,3.27,south,A
ln_99bfb64c4968,2024-09-30,0,43057.88,38.07,13697.9,20.41,60,5-10y,13.73,south,A
ln_3f180e70cabd,2024-09-30,0,60338.65,48.41,10338.98,22.135,36,3-5y,15.59,east,A
ln_5f2765962524,2024-09-30,1,80447.47,35.53,16120.37,17.053,36,1-3y,17.87,north,B
ln_34800044e70c,2024-09-30,1,53115.66,39.11,13016.31,20.599,36,<1y,7.98,south,A
ln_c52969533081,2024-09-30,0,128196.87,32.2,10105.88,18.393,60,1-3y,12.83,west,B
ln_33ef14571598,2024-09-30,0,90260.93,31.61,9398.2,19.623,36,1-3y,10.14,north,A
ln_01f3b037e962,2024-09-30,1,52475.79,18.12,30088.54,18.754,60,<1y,8.83,north,A
ln_c808a7851bff,2024-09-30,0,56320.47,18.72,17876.84,9.018,36,10y+,24.43,north,A
ln_c50f4b3148bc,2024-09-30,0,39398.56,32.92,19788.72,18.627,36,<1y,6.15,west,B
ln_9e0600724df8,2024-09-30,0,38050.69,35.41,17258.06,25.06,36,1-3y,11.83,north,A
ln_accc76c9df2e,2024-09-30,1,50436.74,25.82,28920.39,13.608,60,1-3y,13.92,west,A
ln_b9ccfba0a034,2024-09-30,0,50524.93,26.73,8917.16,15.742,60,5-10y,9.29,south,B
ln_ae1ba06600e9,2024-09-30,0,38567.33,33.4,5257.59,18.823,36,3-5y,12.03,south,A
ln_fa812bf76816,2024-09-30,0,130716.91,25.14,16262.5,17.917,36,1-3y,14.76,west,A
ln_7668879e3977,2024-09-30,0,61757.48,22.97,32809.7,14.348,36,<1y,13.31,south,B
ln_52874d9d0857,2024-09-30,0,53114.08,34.74,39353.19,18.709,36,1-3y,11.91,east,A
ln_92b6e4feee9d,2024-09-30,1,52074.1,43.97,19148.05,23.579,36,1-3y,13.03,west,A
ln_3ed8c769a7c0,2024-09-30,0,45444.52,32.56,19911.31,22.001,36,3-5y,9.6,east,A
ln_9908a76d0838,2024-09-30,1,32608.57,35.94,13049.86,18.994,36,1-3y,13.31,west,B
ln_7d39915b35e1,2024-09-30,0,79512.19,17.31,23765.13,13.925,36,1-3y,10.21,east,A
ln_45a6f2584ff2,2024-09-30,0,33306.69,31.38,10952.92,20.42,36,10y+,13.03,east,A
ln_bba3f0ea7c5c,2024-09-30,1,76107.24,29.04,22677.9,22.056,36,1-3y,7.76,east,A
ln_7b62cef59068,2024-09-30,0,52868.4,25.64,44415.83,18.458,60,<1y,11.02,south,B
ln_dc943dc6ce1c,2024-09-30,0,53463.96,33.48,44372.43,16.216,36,<1y,12.29,south,B
ln_eb22ff71d7ae,2024-09-30,0,61984.87,25.77,15808.46,17.946,36,10y+,25.21,south,A
ln_421c4c11d021,2024-09-30,0,66363.75,17.08,15893.86,14.106,36,3-5y,13.2,east,A
ln_135e2fe2ccf3,2024-09-30,1,56020.04,26.32,2100.69,18.024,36,<1y,8.33,south,B
ln_38b609774c7d,2024-09-30,1,59087.03,48.76,16799.37,27.571,36,1-3y,11.02,north,A
ln_d6a92291963a,2024-09-30,0,65022.15,16.61,11551.89,13.53,36,1-3y,9.42,south,A
ln_f8e6488cd8fa,2024-09-30,0,36916.01,16.87,25778.96,14.854,36,10y+,18.97,north,A
ln_fa3797184506,2024-09-30,0,74156.59,18.7,6459.4,13.934,36,<1y,3.86,west,A
ln_17af1ffe6f84,2024-09-30,0,18961.49,29.72,20543.82,18.184,36,5-10y,23.63,east,B
ln_a7ae8a5f73f0,2024-09-30,0,37495.93,31.59,11571.63,20.874,36,1-3y,11.6,east,A
ln_7e2ae47fb842,2024-09-30,0,80003.26,35.09,17473.85,21.618,36,3-5y,15.37,south,A
ln_4aa6f173fad9,2024-09-30,0,86139.65,27.54,8415.87,20.468,36,1-3y,8.84,west,A
ln_e52970141b14,2024-09-30,1,41312.66,32.0,19312.58,17.718,36,<1y,15.03,west,A
ln_54aa369b3c4a,2024-09-30,0,61146.77,27.46,13902.38,16.16,36,<1y,10.06,south,B
ln_1635ab298546,2024-09-30,0,35668.91,29.76,4506.18,19.551,36,<1y,12.44,north,A
ln_48cda3cca714,2024-09-30,0,76445.49,53.99,5540.2,28.148,36,3-5y,18.9,north,B
ln_acb7aee28a0f,2024-09-30,0,106910.94,40.02,11513.6,17.898,36,3-5y,12.95,west,B
ln_898ae582ce40,2024-09-30,0,87295.44,27.89,6253.46,18.748,36,3-5y,8.57,south,A
ln_d5442bb7de8b,2024-09-30,1,23478.44,43.81,18616.15,23.075,36,1-3y,6.82,east,A
ln_b067a3dd62fa,2024-09-30,0,104938.13,40.98,17484.92,17.075,36,1-3y,10.27,west,A
ln_59a0d928fc35,2024-09-30,0,69181.24,31.6,10710.5,19.715,36,3-5y,4.65,north,B
ln_5545a72c11b1,2024-09-30,0,40754.01,30.93,9679.25,17.017,36,<1y,13.97,south,B
ln_d5c0d5a3de2e,2024-09-30,1,36332.67,40.47,28837.45,24.3,36,10y+,13.61,south,B
ln_f7c48e9f16ce,2024-09-30,1,32195.12,31.42,17597.36,19.302,60,3-5y,10.93,east,B
ln_c3521d892580,2024-09-30,1,36087.53,35.05,15596.91,22.84,60,<1y,16.04,west,A
ln_de9ac9621eb3,2024-09-30,0,25859.7,24.91,33269.22,18.285,36,1-3y,11.02,west,A
ln_02e6a64c7e5a,2024-09-30,1,53252.83,39.09,5129.75,22.441,36,1-3y,15.0,north,B
ln_75a344d63cc2,2024-09-30,0,54542.19,25.09,5977.87,14.423,36,3-5y,18.65,east,B
ln_488a5f6e8a93,2024-09-30,0,70749.34,28.67,7128.76,20.119,36,10y+,17.64,west,A
ln_6bb22b1da078,2024-09-30,1,56615.84,15.74,9361.42,14.029,60,3-5y,7.01,east,B
ln_d49defb6fc58,2024-09-30,1,81955.27,38.48,7840.9,22.489,60,<1y,5.82,west,A
ln_e249916cfe4c,2024-09-30,0,39203.32,24.79,24349.4,18.601,36,<1y,11.72,west,B
ln_57b2b2a98b57,2024-09-30,1,47877.94,43.74,5439.31,22.546,60,1-3y,15.84,west,A
ln_26e97bf7c05a,2024-09-30,0,114851.16,24.27,5792.92,18.73,60,1-3y,7.48,east,A
ln_ca5ddc428941,2024-09-30,1,72049.86,23.89,27838.16,17.668,36,<1y,16.52,south,B
ln_526b5e29dc65,2024-09-30,0,67072.51,22.8,35044.3,18.2,36,1-3y,10.98,north,A
ln_20fba93eec59,2024-09-30,1,68223.68,25.9,10971.16,17.68,36,<1y,11.92,east,A
ln_c0c5d69303be,2024-09-30,1,44942.96,43.26,36827.22,25.35,36,<1y,11.51,east,A
ln_3ea1a925690b,2024-09-30,1,23858.8,40.19,24074.17,22.657,60,<1y,6.1,north,A
ln_76c9453d72e1,2024-09-30,0,81719.73,34.79,3285.72,20.993,36,5-10y,8.58,west,A
ln_1145eca6821d,2024-09-30,0,84243.8,22.5,12558.34,13.721,36,1-3y,16.91,south,B
ln_390e53434b84,2024-09-30,0,76552.3,36.43,14806.79,17.157,36,5-10y,9.94,west,A
ln_4f144dc067da,2024-09-30,0,51618.36,30.1,25055.75,13.849,36,<1y,5.81,south,B
ln_193b79326d0b,2024-09-30,1,37861.18,34.54,53873.75,21.686,36,3-5y,10.2,west,A
ln_06859ce09311,2024-09-30,0,53502.0,22.47,11755.95,15.725,60,3-5y,17.12,north,A
ln_829a052a38d4,2024-09-30,0,106837.6,24.69,14509.05,20.614,36,1-3y,8.42,east,A
ln_7f7770b7f766,2024-09-30,0,24353.81,27.69,15646.18,16.279,60,5-10y,12.34,south,A
ln_1e2fc3e547ec,2024-09-30,0,67801.17,34.1,13410.53,19.449,36,5-10y,21.59,west,A
ln_17874c43065f,2024-09-30,1,42110.4,32.79,25164.65,19.268,36,<1y,9.08,west,A
ln_e49900d2b7ce,2024-09-30,1,46470.94,37.53,5481.06,19.501,36,1-3y,9.83,north,A
ln_f0d9b711aaa2,2024-09-30,0,62378.58,34.37,4294.56,22.096,36,1-3y,7.35,north,A
ln_e68d1bd60346,2024-09-30,1,85249.81,38.44,15207.69,21.395,36,<1y,5.45,west,B
ln_f58e3ea16c79,2024-09-30,0,21569.04,45.97,23908.43,21.659,36,<1y,6.9,east,B
ln_e133d809b2de,2024-09-30,0,51843.41,32.06,7924.75,16.539,36,1-3y,20.81,north,B
ln_5cada83b8264,2024-09-30,1,66653.9,39.64,12963.2,21.75,60,<1y,6.46,south,A
ln_659eb0dec2c5,2024-09-30,0,52645.29,11.85,14406.81,10.528,36,1-3y,19.02,west,B
ln_5ab4e5712a17,2024-09-30,0,41366.07,23.92,10754.74,18.428,36,3-5y,18.32,north,A
ln_2c1db252a2ef,2024-09-30,0,54230.52,33.34,16692.82,17.467,36,3-5y,14.14,west,A
ln_fe8353fe111b,2024-09-30,0,46684.72,26.03,8560.11,15.91,36,1-3y,14.99,south,B
ln_a11a0ec28031,2024-09-30,0,42904.7,27.86,17802.13,18.464,36,<1y,9.98,west,A
ln_1466b1634309,2024-09-30,1,56999.81,37.87,6839.98,21.298,36,1-3y,10.4,east,A
ln_14ae2a62003d,2024-09-30,0,113382.43,17.5,24606.62,12.719,36,<1y,19.43,south,B
ln_66e758c515d3,2024-09-30,1,50508.07,32.3,21550.14,18.119,36,1-3y,9.18,east,A
ln_2979a64993cb,2024-09-30,1,75023.99,34.45,6217.52,18.244,36,<1y,14.13,south,A
ln_5f087aba125d,2024-09-30,0,55001.04,31.88,6780.49,20.335,36,1-3y,19.01,east,B
ln_d324bf53d0a0,2024-09-30,0,86281.82,33.62,6530.02,20.082,60,3-5y,11.18,north,B
ln_09ca90711fe0,2024-09-30,1,32412.42,29.27,37770.56,19.684,60,10y+,15.74,south,A
ln_8755c0f9554d,2024-09-30,0,43238.15,36.97,25741.19,15.994,36,3-5y,15.54,east,B
ln_471f98e2fb69,2024-09-30,1,69496.67,30.17,6979.55,18.152,36,<1y,10.28,south,A
ln_9e501e7c36d8,2024-09-30,1,61874.45,23.01,28469.63,14.426,36,3-5y,7.46,north,B
ln_65e05d6f8f73,2024-09-30,0,38231.05,36.76,12278.34,22.675,36,3-5y,18.72,west,A
ln_e9624ee9298d,2024-09-30,1,29704.09,31.73,58859.29,19.266,36,<1y,8.23,south,A
ln_691eb3ea13b5,2024-09-30,0,43354.97,23.35,9744.93,14.052,36,3-5y,20.57,west,A
ln_dd9d5bbf0964,2024-09-30,1,52222.92,29.04,14411.11,19.986,36,3-5y,11.62,west,A
ln_2192018c1776,2024-09-30,1,26937.36,34.76,6813.72,16.336,60,3-5y,12.81,east,A
ln_a6d90ac7cd1d,2024-09-30,0,42747.29,29.44,8726.89,17.128,36,<1y,19.51,west,A
ln_f832eaab0512,2024-09-30,0,92033.76,45.41,5842.66,23.031,36,3-5y,10.05,north,A
ln_9be1e922457f,2024-09-30,1,55940.66,47.21,7772.13,21.888,36,<1y,11.36,east,A
ln_d3d3433f69b7,2024-09-30,1,25909.27,46.68,20337.15,24.551,60,3-5y,5.79,north,A
ln_2bffeb508f85,2024-09-30,0,50944.87,18.94,37405.52,12.402,60,10y+,17.34,north,A
ln_4c80b817587f,2024-09-30,1,27883.8,47.41,45376.47,20.051,36,3-5y,21.26,south,B
ln_a9f186aafa66,2024-09-30,0,93873.91,22.16,3805.74,13.659,36,5-10y,16.86,west,B
ln_461275e2b1b6,2024-09-30,1,43322.05,22.55,9482.14,17.025,60,<1y,5.67,east,B
ln_1c49f04727e5,2024-09-30,1,43961.88,36.63,32231.74,20.76,60,<1y,15.99,east,B
ln_6e5a2e8b7ca7,2024-09-30,0,66094.42,35.95,9253.1,19.171,36,1-3y,6.48,east,B
ln_4c28be7ea5dc,2024-09-30,1,19114.07,32.73,15368.31,20.705,36,<1y,16.48,west,A
ln_86dddf2e1e60,2024-09-30,0,61087.48,27.87,18786.74,19.291,36,3-5y,9.92,south,A
ln_265fb2a23639,2024-09-30,0,91843.04,19.41,5993.46,15.922,36,5-10y,9.94,west,A
ln_8266d54a4ff2,2024-09-30,1,46815.94,35.11,13912.71,18.554,60,<1y,10.21,east,B
ln_216d9b4f077e,2024-09-30,1,84606.97,28.34,14805.35,16.595,36,1-3y,13.04,north,A
ln_118a9fdf1628,2024-09-30,1,52189.11,34.23,13217.68,20.857,60,<1y,13.31,south,A
ln_ad9b6328e80a,2024-09-30,0,50915.41,25.19,14910.58,17.264,60,1-3y,18.71,east,B
ln_097451a4bea4,2024-09-30,0,48985.74,40.23,14351.67,19.71,36,1-3y,6.98,south,A
ln_651b9cb30e79,2024-09-30,1,56934.99,26.22,6371.12,17.327,36,<1y,9.66,west,B
ln_d0ec45d31f1e,2024-09-30,0,48806.2,14.68,5806.74,13.55,60,5-10y,13.24,east,A
ln_6cf35b4decbf,2024-09-30,0,41836.04,33.65,9163.36,15.763,36,5-10y,18.76,west,A
ln_087b3bc6da7a,2024-09-30,0,48152.56,39.83,9052.14,17.571,36,<1y,8.15,south,A
ln_80e81d783d5d,2024-09-30,1,32492.98,35.07,19285.5,20.358,36,3-5y,8.04,north,A
ln_57eadff86a48,2024-09-30,0,89310.44,29.71,18292.2,13.783,36,3-5y,16.75,north,A
ln_ee60f32d07d8,2024-09-30,1,37948.55,25.42,8317.7,17.575,36,10y+,18.76,west,B
ln_2b684a80f811,2024-09-30,0,58070.8,26.53,11222.88,17.255,60,10y+,23.04,south,A
ln_a95bfdb2eadc,2024-09-30,0,72289.34,22.82,11814.32,18.284,60,1-3y,8.05,west,A
ln_2592db7cb090,2024-09-30,0,34846.36,33.81,6911.16,17.432,36,10y+,20.1,north,A
ln_e6af1320b798,2024-09-30,0,54075.12,26.54,12675.8,18.507,60,1-3y,11.5,east,B
ln_a239756c088a,2024-09-30,1,48648.57,32.46,45649.47,17.88,60,1-3y,19.75,south,A
ln_b82a173c1e59,2024-09-30,0,98897.35,23.89,2197.33,16.223,36,3-5y,17.49,north,A
ln_d07e27216192,2024-09-30,0,67318.28,23.82,45922.54,14.067,36,<1y,8.81,east,A
ln_1d7ddc4eaeeb,2024-09-30,1,115323.44,40.53,32160.39,23.316,36,5-10y,14.2,south,B
ln_d228916006bd,2024-09-30,0,38979.58,28.96,28835.48,14.943,60,10y+,16.25,north,A
ln_f4b0b7226833,2024-09-30,1,22647.5,35.75,7380.92,19.279,60,10y+,18.16,east,A
ln_5c1b1087da29,2024-09-30,1,55660.87,45.38,7552.91,25.089,36,10y+,11.32,east,A
ln_5a03f318250a,2024-09-30,0,59802.98,45.41,20791.06,21.928,36,<1y,7.82,west,A
ln_41489f704398,2024-09-30,0,46246.14,30.31,13290.62,18.586,60,10y+,19.33,west,B
ln_5089e597b4ea,2024-09-30,1,17594.81,35.91,3447.78,20.49,36,<1y,10.53,north,A
ln_8062d8e6132c,2024-09-30,1,78502.89,28.14,28345.33,20.787,36,5-10y,13.82,south,A
ln_d207c3c7f577,2024-09-30,0,65394.59,29.03,13521.71,18.057,36,<1y,10.45,south,A
ln_e326a2f4db3e,2024-09-30,0,54103.67,38.98,13850.81,17.1,36,<1y,8.8,south,A
ln_5a12f66b5f8d,2024-09-30,0,37152.73,20.74,35229.94,16.305,36,1-3y,11.67,south,B
ln_83d428df91ba,2024-09-30,0,56409.16,28.53,10139.8,19.504,60,<1y,8.48,south,A
ln_50a66a1d2793,2024-09-30,0,61845.0,1.02,15208.87,10.745,36,10y+,11.27,south,B
ln_e10e210527b4,2024-09-30,0,75037.77,25.76,10075.25,15.383,60,5-10y,16.54,north,A
ln_2436484e8409,2024-09-30,0,82175.88,38.19,12122.73,22.723,60,<1y,11.12,east,A
ln_b76c3e2b07df,2024-09-30,0,31977.71,27.89,17327.2,15.17,60,10y+,15.27,south,A
ln_9792c7a52ba1,2024-09-30,0,59971.6,21.2,12894.35,18.044,60,1-3y,5.14,north,B
ln_bc5ba186ac14,2024-09-30,0,65263.8,18.34,20117.97,16.433,36,10y+,17.64,west,A
ln_09d94a1f7686,2024-09-30,1,128144.09,36.61,22600.85,17.956,36,<1y,5.9,south,A
ln_a354cdaaa6be,2024-09-30,0,98574.96,29.01,8009.33,14.369,60,5-10y,6.65,east,A
ln_59a8d33546bf,2024-09-30,1,53566.16,29.78,8389.7,20.051,36,1-3y,10.91,north,B
ln_7078079ee0aa,2024-09-30,1,59324.64,17.74,16345.98,13.006,60,<1y,21.41,south,B
ln_9b4117269f30,2024-09-30,0,40820.79,18.69,29445.99,20.072,36,<1y,11.65,north,B
ln_7f1d81b20614,2024-09-30,1,63386.65,35.19,16429.14,18.092,36,3-5y,16.53,west,A
ln_5634ed9ba545,2024-09-30,0,33778.61,23.76,24453.49,19.445,36,<1y,6.06,west,A
ln_cedc8b844856,2024-09-30,0,86272.61,10.55,9472.39,14.922,36,<1y,15.07,west,B
ln_b96ce6d36a97,2024-09-30,0,92934.45,33.24,26511.85,17.794,60,3-5y,13.62,north,B
ln_d6942f6563d3,2024-09-30,0,65388.7,33.97,15216.71,17.885,60,<1y,5.7,east,B
ln_4b9ecafd619e,2024-09-30,0,51978.37,24.44,56733.53,15.752,60,10y+,16.51,north,B
ln_baa02d744200,2024-09-30,1,53011.71,56.99,31818.35,25.382,36,<1y,7.28,east,A
ln_ee519531a58f,2024-09-30,1,40827.48,32.62,15021.34,24.995,36,1-3y,5.68,east,A
ln_caff51407f79,2024-09-30,0,27469.9,22.87,8427.76,18.689,36,1-3y,8.37,west,A
ln_bfc3f89172de,2024-09-30,0,139754.27,19.78,43381.34,12.999,36,3-5y,25.51,west,A
ln_797522c1fb24,2024-09-30,1,91240.39,23.32,16317.77,14.478,36,3-5y,13.55,west,A
ln_4438adb631bc,2024-09-30,0,43161.02,29.67,19728.83,17.12,36,5-10y,13.22,south,B
ln_27b9762fd6fa,2024-09-30,1,60676.5,26.28,16167.62,18.757,36,<1y,15.13,west,A
ln_a4bfaebdccb9,2024-09-30,0,67567.22,19.96,8456.66,10.518,36,<1y,11.5,east,A
ln_955f185f002f,2024-09-30,0,90359.84,13.37,16971.21,13.336,36,<1y,6.71,north,A
ln_eed6fe4e5d60,2024-09-30,1,39787.9,31.23,40071.92,14.036,36,1-3y,9.95,north,A
ln_11f5bdc2d222,2024-09-30,1,26583.08,35.74,4968.93,21.127,36,3-5y,8.5,south,B
ln_088beb2c5253,2024-09-30,1,24364.43,33.9,11785.2,20.102,36,<1y,9.36,west,A
ln_8b52ed7d7d0b,2024-09-30,1,32553.87,27.8,10641.67,20.229,36,<1y,16.16,south,B
ln_ba388a3148da,2024-09-30,1,103685.2,25.2,15511.75,19.571,60,10y+,14.21,east,B
ln_844e92833239,2024-09-30,0,63039.58,29.57,4958.49,19.496,60,3-5y,17.27,north,A
ln_816f332bf5a8,2024-09-30,0,97062.96,11.55,14955.03,13.329,60,1-3y,9.96,north,B
ln_f55dc3462f84,2024-09-30,1,96789.2,29.89,32945.47,19.233,60,<1y,10.03,south,A
ln_c1b44b349f77,2024-09-30,0,80634.81,35.68,25506.85,18.944,36,1-3y,8.6,east,B
ln_abb53accea6e,2024-09-30,0,48827.74,31.35,11738.88,15.419,36,1-3y,16.89,south,B
ln_b91269732238,2024-09-30,0,67838.43,33.92,8544.76,19.921,60,1-3y,10.92,north,A
ln_34a9ea1d5ea7,2024-09-30,1,110175.5,32.15,22700.16,20.786,60,10y+,15.12,south,B
ln_a5f1a9413df9,2024-09-30,1,55331.7,42.85,4009.76,20.179,36,<1y,8.49,south,A
ln_d22b24e220b6,2024-09-30,0,45194.03,37.17,3348.14,21.149,36,10y+,15.95,west,A
ln_273350bb1756,2024-09-30,1,65047.58,21.77,9323.44,14.291,60,<1y,12.81,east,B
ln_21dce948ccb5,2024-09-30,0,101715.59,19.83,9889.15,12.723,60,1-3y,9.47,east,A
ln_eff084489631,2024-09-30,0,30832.61,34.17,11213.0,21.207,36,<1y,15.36,west,A
ln_abdd7ba71775,2024-09-30,0,42125.18,30.8,6905.56,19.26,36,1-3y,6.77,east,A
ln_e4b702be015d,2024-09-30,0,39448.0,32.59,31766.88,17.102,36,3-5y,14.1,south,A
ln_4ea8bc89e19b,2024-09-30,0,17644.21,18.22,14582.39,14.049,36,<1y,12.39,east,A
ln_20b2751f815b,2024-09-30,1,69715.7,37.07,25961.94,17.944,36,3-5y,16.98,west,B
ln_5a531469065d,2024-09-30,1,47508.45,36.54,23261.37,18.779,36,<1y,8.55,east,A
ln_0dbbfc1a0855,2024-09-30,1,34366.89,21.66,13415.4,21.559,36,1-3y,7.65,east,B
ln_8f4515ba1aad,2024-09-30,1,53810.38,34.05,17850.84,22.564,36,<1y,11.18,east,A
ln_a34cf402f6e3,2024-09-30,0,39096.06,26.53,38474.4,15.975,36,1-3y,15.47,north,A
ln_cef9527e919b,2024-09-30,0,80712.48,27.26,7009.0,15.689,36,1-3y,16.18,west,A
ln_3907802e0217,2024-09-30,0,28791.62,32.51,9246.01,14.906,36,1-3y,14.1,east,A
ln_45254b71ad9d,2024-09-30,0,48124.43,31.28,17551.3,14.394,36,1-3y,6.01,north,A
ln_97ee17d9d007,2024-09-30,0,60898.69,35.46,12950.93,18.76,60,1-3y,12.72,east,B
ln_4145ab842b76,2024-09-30,0,42420.9,14.43,8015.59,13.514,36,3-5y,7.11,north,A
ln_4c7beb1dbd5e,2024-09-30,0,157786.84,13.68,19576.85,14.572,36,1-3y,9.13,south,B
ln_c424f4884e91,2024-09-30,0,36802.58,18.22,14393.12,13.675,60,1-3y,21.7,east,B
ln_7a1f84d4ba67,2024-09-30,1,28816.59,36.03,25498.09,16.955,60,3-5y,20.12,west,A
ln_85f1b8859384,2024-09-30,0,66886.7,26.4,15599.91,16.981,36,5-10y,12.85,east,A
ln_8f31af6ac82c,2024-09-30,0,88188.86,38.14,12683.08,19.905,36,10y+,19.42,south,A
ln_39034b0e2361,2024-09-30,0,46042.13,31.79,15143.6,17.446,36,1-3y,16.02,east,A
ln_48bc31a63ea3,2024-09-30,0,98972.72,20.27,19987.47,13.251,36,<1y,13.49,west,A
ln_8d104e0c1255,2024-09-30,0,50434.35,30.18,5609.76,17.035,36,5-10y,12.4,west,B
ln_dc593e7193c4,2024-09-30,0,41842.53,27.02,12333.15,20.116,60,1-3y,13.2,east,B
ln_1c228df5cbae,2024-09-30,0,39185.08,17.85,17947.96,14.513,36,10y+,15.93,west,B
ln_795f27880161,2024-09-30,1,40172.8,45.11,34211.34,22.256,60,3-5y,17.41,west,A
ln_fb3e076f0787,2024-09-30,1,50985.21,16.58,7194.71,13.588,60,<1y,9.04,east,B
ln_933d75dda492,2024-09-30,0,32169.76,29.84,56981.26,20.157,36,<1y,10.33,north,B
ln_85e38c73de60,2024-09-30,0,48714.3,30.52,10498.37,17.311,36,1-3y,15.15,east,B
ln_da5d12300c55,2024-09-30,1,61721.53,45.73,10436.25,20.581,36,<1y,9.02,west,B
ln_eb1a23e01b20,2024-09-30,1,45841.33,18.49,5220.4,8.857,36,<1y,16.37,south,A
ln_0141fd3e5426,2024-09-30,0,35527.23,32.58,18363.09,17.308,36,1-3y,21.98,south,A
ln_f8dffbe63119,2024-09-30,0,65451.04,37.21,6065.42,18.17,36,1-3y,11.0,east,A
ln_f443c1c04c61,2024-09-30,1,76678.05,45.38,21975.5,19.595,60,<1y,18.85,north,B
ln_9387f742b742,2024-09-30,1,37244.34,39.24,15899.94,20.139,36,3-5y,15.73,north,A
ln_cc626f9d1f6c,2024-09-30,1,49185.7,47.65,8528.3,21.536,36,<1y,15.2,west,B
ln_a940d56b7c73,2024-09-30,1,30484.15,34.61,28630.17,24.667,36,3-5y,7.51,west,A
ln_d8045386b38c,2024-09-30,0,33871.83,33.73,50879.5,14.977,36,1-3y,20.79,north,A
ln_e6cd508d109f,2024-09-30,0,33273.32,21.21,10942.57,15.037,36,<1y,7.47,east,A
ln_be881e4b7f51,2024-09-30,1,21830.01,30.04,7960.06,18.607,60,3-5y,12.1,south,B
ln_7e1a5ee2bbd8,2024-09-30,1,38909.29,34.17,43846.94,19.264,36,1-3y,19.24,south,B
ln_6c3f8410d267,2024-09-30,0,93967.07,19.23,20702.97,14.894,36,3-5y,15.53,north,A
ln_a7468b246237,2024-09-30,1,17363.36,38.14,19460.2,19.629,60,3-5y,14.29,south,A
ln_0e5dd3166958,2024-09-30,1,58394.87,24.73,29612.94,17.61,60,1-3y,10.8,east,A
ln_133b2fcab01f,2024-09-30,1,43929.71,37.24,29845.68,22.919,36,<1y,14.36,east,A
ln_5f56f3ea7e14,2024-09-30,1,69320.96,25.45,11258.11,17.154,60,3-5y,7.2,west,A
ln_d5205a341545,2024-09-30,0,75005.96,28.11,16896.98,17.491,36,<1y,12.92,north,A
ln_dad7c6efc9db,2024-09-30,1,103488.42,28.93,13806.65,14.338,36,1-3y,12.89,east,B
ln_e33ee8e02284,2024-09-30,1,47631.87,42.63,11175.18,20.216,36,3-5y,14.5,north,A
ln_035d02e68fae,2024-09-30,1,37313.87,28.17,19588.27,18.247,36,<1y,5.38,east,A
ln_c49162a10616,2024-09-30,1,89767.69,26.72,14588.71,18.85,36,1-3y,9.48,north,A
ln_36cb83a9ab07,2024-09-30,1,35928.43,23.96,18196.69,18.458,60,1-3y,13.93,east,A
ln_e4b02c3785f8,2024-09-30,1,46936.93,43.59,18645.03,21.024,36,<1y,11.4,east,B
ln_bd924ecab4f9,2024-09-30,1,60116.92,27.76,11048.59,18.636,60,<1y,8.16,north,B
ln_47e22938ab3f,2024-09-30,1,45647.92,52.35,11915.72,26.453,36,5-10y,9.3,west,A
ln_9bcbe65b88fb,2024-09-30,0,45789.31,28.84,23372.13,16.663,60,3-5y,8.32,east,B
ln_ed8c0e49b501,2024-09-30,1,42345.61,31.21,18371.2,18.551,36,3-5y,10.62,north,B
ln_74f9ca976124,2024-09-30,0,68742.79,35.99,7828.4,19.575,36,5-10y,19.94,west,B
ln_49d29241a054,2024-09-30,1,113174.17,15.39,18359.47,17.445,60,<1y,7.09,east,B
ln_493a2b860064,2024-09-30,0,34236.94,30.71,18820.19,20.696,36,1-3y,11.23,north,B
ln_748f5a5dd6ce,2024-09-30,1,32605.48,35.1,7841.99,20.413,36,3-5y,17.83,east,B
ln_baa6e12f3891,2024-09-30,1,83643.74,32.6,10082.71,20.008,60,<1y,10.45,north,A
ln_2681928886ae,2024-09-30,0,64276.07,22.13,8497.95,13.403,36,<1y,19.39,north,B
ln_e5a0d4ca4ffb,2024-09-30,1,107799.06,41.74,13248.76,19.741,36,1-3y,18.75,east,B
ln_96ca8965d075,2024-09-30,0,49777.33,37.32,10157.62,20.45,60,5-10y,12.18,west,A
ln_53d77c608048,2024-09-30,0,31996.31,33.39,41164.8,18.956,60,<1y,7.42,east,A
ln_c1a83341cac0,2024-09-30,0,53103.76,28.23,35463.9,18.449,36,5-10y,12.68,west,B
ln_eec6adcb637a,2024-09-30,1,50716.96,31.97,7044.92,22.23,36,1-3y,14.79,west,A
ln_474690692597,2024-09-30,0,44364.96,26.38,14702.08,13.164,60,3-5y,20.68,south,A
ln_4fde4eab6089,2024-09-30,0,29216.01,40.41,25071.83,23.955,60,3-5y,9.74,west,A
ln_52138ff3fb5f,2024-09-30,0,43970.63,13.65,38524.94,14.046,36,<1y,9.47,north,B
ln_ab0c2de10390,2024-09-30,1,65277.83,15.07,17851.06,14.35,60,<1y,2.91,south,A
ln_77498dec741c,2024-09-30,0,151112.43,12.15,7064.89,13.198,36,<1y,4.39,north,A
ln_4cb3be7f51c1,2024-09-30,0,23618.78,27.42,10638.1,18.752,36,<1y,14.8,north,A
ln_a3c0b822b695,2024-09-30,0,115457.98,24.55,9605.3,16.862,60,1-3y,11.2,east,A
ln_9a82ef517f0e,2024-09-30,1,100044.95,26.76,17500.64,17.896,60,1-3y,6.21,east,A
ln_734e9df1e466,2024-09-30,1,33654.33,33.06,48661.78,20.078,36,<1y,16.52,north,B
ln_e416958ccc88,2024-09-30,1,74762.5,38.09,7583.41,21.418,36,<1y,5.08,south,A
ln_bc2e0b69d9b6,2024-09-30,1,52275.92,39.06,45840.93,24.477,36,1-3y,9.24,south,A
ln_f2cdd8da0f7b,2024-09-30,0,89462.33,31.47,43308.47,14.281,36,3-5y,16.3,south,B
ln_e284e9ee28bd,2024-09-30,0,18684.85,22.74,53886.23,16.313,36,<1y,5.1,north,A
ln_0367cb9588cc,2024-09-30,1,43932.85,34.81,17741.92,20.832,36,<1y,11.66,east,A
ln_c3b105eee676,2024-09-30,0,25464.85,28.72,19195.94,13.428,60,<1y,17.24,west,A
ln_46b0982ff90c,2024-09-30,1,36388.03,35.29,6243.85,18.159,36,<1y,13.63,north,A
ln_3450a1fc1576,2024-09-30,0,53711.52,27.01,8939.51,12.655,60,<1y,22.83,east,A
ln_ed49490e7109,2024-09-30,1,36161.39,43.72,30080.0,22.853,36,<1y,12.09,south,B
ln_07e4ec5be8be,2024-09-30,0,42150.51,30.21,33771.46,20.563,36,<1y,6.73,west,A
ln_77d111f48d23,2024-09-30,0,38227.97,9.94,22562.68,8.803,36,<1y,11.06,west,A
ln_9fa3513dedcd,2024-09-30,1,38973.62,31.76,11717.43,21.831,60,<1y,9.61,east,B
ln_a4c746186b35,2024-09-30,0,71441.93,34.89,4036.17,20.158,36,<1y,10.33,north,A
ln_b53607dc2def,2024-09-30,0,69712.8,17.01,26627.55,15.176,36,1-3y,9.63,south,A
ln_9a46fe30ec53,2024-09-30,0,67700.87,33.7,4570.27,18.221,36,1-3y,16.51,north,B
ln_dbe007d6f897,2024-09-30,0,20286.82,28.65,7218.32,21.758,60,1-3y,13.6,west,A
ln_cbcf4c3bf3bb,2024-09-30,0,73192.2,29.66,27871.95,17.19,36,5-10y,17.77,west,B
ln_caaebcb7935e,2024-09-30,0,63736.45,21.27,14164.65,17.461,60,3-5y,10.58,east,A
ln_112fa6a719e0,2024-09-30,1,51196.98,29.21,7888.65,19.187,36,<1y,6.01,south,B
ln_12c05c25df77,2024-09-30,0,19894.08,29.23,11538.26,18.203,36,10y+,14.07,west,B
ln_32b34cfe1e14,2024-09-30,0,32720.41,23.64,8766.55,16.993,36,5-10y,16.32,east,A
ln_9a5653d81637,2024-09-30,1,26241.39,33.88,10340.05,20.966,60,5-10y,18.08,east,B
ln_61da28ec0ab1,2024-09-30,0,36057.3,24.86,12947.35,17.481,36,<1y,7.93,south,B
ln_452594ff3133,2024-09-30,1,79072.77,35.93,95184.74,20.488,36,1-3y,12.66,east,B
ln_73169674336d,2024-09-30,0,43059.75,34.33,7722.56,23.206,60,10y+,11.81,east,B
ln_493049b9b756,2024-09-30,1,51436.14,25.62,12345.53,16.661,36,1-3y,9.27,south,A
ln_c97d8962c847,2024-09-30,1,43030.98,36.84,24970.41,22.433,60,<1y,6.81,east,B
ln_8e4eae774ebd,2024-09-30,0,53636.8,15.72,12488.64,15.673,36,<1y,19.14,east,A
ln_da7336ac9a55,2024-09-30,1,67211.09,33.98,14854.55,19.757,36,1-3y,18.96,south,A
ln_6b3da8d76e14,2024-09-30,0,42005.12,27.82,28732.13,18.891,36,3-5y,13.92,south,A
ln_62bd9392cc4f,2024-09-30,0,41770.97,32.86,11188.67,18.036,60,1-3y,9.57,west,B
ln_114bf02b2e97,2024-09-30,0,96887.33,34.99,11288.87,19.156,36,5-10y,7.68,east,B
ln_af8a0a1b05c3,2024-09-30,1,28388.09,34.53,19642.14,20.507,60,10y+,8.41,west,B
ln_9c13aeee8698,2024-09-30,0,27848.28,26.01,12157.38,18.125,36,<1y,11.36,north,A
ln_e97f3147b5d2,2024-09-30,0,42304.38,39.99,11214.58,21.446,36,<1y,15.66,south,A
ln_0154cac1b0c1,2024-09-30,1,44475.25,42.26,14528.05,19.564,36,5-10y,16.02,west,A
ln_190a7e3e5968,2024-09-30,0,61572.47,33.86,30612.22,16.992,36,1-3y,6.89,west,A
ln_108e1fb10e5d,2024-09-30,0,30646.19,29.07,31507.58,20.736,36,1-3y,8.81,west,B
ln_b8d09b2a8398,2024-09-30,1,46520.92,22.1,17069.53,17.323,36,<1y,7.9,north,A
ln_04009c45ae44,2024-09-30,0,116224.05,23.51,9580.64,14.65,36,1-3y,14.99,south,B
ln_ecc62f3751c4,2024-09-30,0,47570.19,26.72,10530.12,17.502,36,1-3y,16.81,south,B
ln_07d6eb7df203,2024-09-30,1,16427.03,27.6,24060.34,16.264,36,1-3y,6.57,north,B
ln_3c75a3422324,2024-09-30,0,52533.26,23.23,26370.4,12.293,60,<1y,14.2,north,A
ln_972725d8d4a5,2024-09-30,0,45758.03,39.17,16193.02,23.465,36,<1y,9.42,south,A
ln_58e23f3814d1,2024-09-30,0,150929.64,32.8,10734.59,20.534,36,10y+,15.25,east,A
ln_1791df7c208b,2024-09-30,1,42973.09,22.63,21436.98,18.321,60,<1y,10.9,west,A
ln_d462c9b75532,2024-09-30,1,36476.22,18.34,6155.29,14.28,60,1-3y,13.94,east,B
ln_c1a75363f520,2024-09-30,0,78542.99,31.82,20356.89,22.159,36,5-10y,19.47,south,A
ln_10fceca75506,2024-09-30,1,25840.07,47.48,24404.85,25.864,60,1-3y,9.86,south,B
ln_96cb927f4da1,2024-09-30,0,59111.26,41.1,7793.58,22.996,60,10y+,13.16,west,A
ln_f9392871badf,2024-09-30,1,53457.45,40.54,8081.1,21.357,36,1-3y,12.22,north,B
ln_15a85c4f5383,2024-09-30,1,25753.6,42.32,9099.55,19.577,36,1-3y,13.12,south,A
ln_ecd0d1832842,2024-09-30,0,52697.9,16.09,18218.77,15.38,60,3-5y,10.84,west,B
ln_961f15845bf6,2024-09-30,0,68228.99,22.43,63148.13,19.158,36,10y+,11.47,south,B
ln_b62e264c9fd5,2024-09-30,0,57632.58,25.78,14605.74,18.464,60,3-5y,9.77,north,A
ln_55a81f5a3161,2024-09-30,0,114954.82,32.91,4105.77,20.273,60,1-3y,11.6,west,B
ln_681789177323,2024-09-30,1,74946.33,35.58,13360.4,23.763,60,<1y,7.91,south,A
ln_c58c75515eba,2024-09-30,1,27548.56,34.38,15866.28,18.293,36,1-3y,7.56,east,A
ln_ae1fc0faeefa,2024-09-30,1,65867.52,23.52,5512.62,14.033,36,<1y,15.87,north,A
ln_e32118b0bcf4,2024-09-30,1,60963.74,37.72,4357.18,21.562,36,<1y,14.43,south,B
ln_294d21b89dcd,2024-09-30,0,35771.78,28.57,15220.25,16.363,36,3-5y,6.91,west,A
ln_27296f486d9c,2024-09-30,0,111829.85,23.38,20444.63,14.683,36,3-5y,19.38,south,A
ln_18c3b796fb65,2024-09-30,1,27132.62,38.28,8348.98,19.833,36,<1y,7.7,south,A
ln_735b883b9ce4,2024-09-30,1,42928.03,25.14,3061.05,13.431,36,3-5y,19.95,east,A
ln_93793750ab43,2024-09-30,0,66472.13,18.2,11366.92,16.231,60,<1y,14.79,south,A
ln_34dbc64c1f44,2024-09-30,0,49135.03,22.6,10296.73,15.232,36,3-5y,21.69,east,A
ln_ea81cb3c19b3,2024-09-30,0,37791.78,32.28,10008.49,20.072,36,3-5y,6.72,west,A
ln_eec2b7319589,2024-09-30,1,50163.49,29.2,19376.6,20.416,36,<1y,11.32,south,B
ln_c43cf65276da,2024-09-30,0,39512.46,34.7,23928.87,17.045,36,5-10y,8.84,east,B
ln_2ff0c2c7717d,2024-09-30,0,58771.45,33.65,15386.13,18.179,36,1-3y,16.59,south,A
ln_97a29c4d2f8d,2024-09-30,0,56910.1,20.14,11587.98,16.864,36,<1y,10.52,north,A
ln_2a6ce5699bba,2024-09-30,1,35121.76,37.39,32123.58,20.057,36,1-3y,11.04,north,B
ln_66fece05e5cf,2024-09-30,1,15452.15,32.79,29004.35,20.234,60,<1y,23.69,west,A
ln_245e79d3af23,2024-09-30,0,35150.5,26.36,34645.53,17.088,36,1-3y,9.2,west,A
ln_7f2d0d167d9f,2024-09-30,1,48562.07,44.92,7996.43,23.169,36,1-3y,14.33,south,B
ln_8bea75a2ef10,2024-09-30,0,130675.74,16.97,31767.27,14.083,36,<1y,5.02,west,A
ln_bfe84bd6303f,2024-09-30,0,98399.86,18.34,3797.12,14.552,36,1-3y,14.8,west,B
