loan_id,as_of_date,default_flag,annual_income,debt_to_income,loan_amount,interest_rate,term_months,employment_length,credit_history_length,region,fairness_group
ln_d5b01d75858b,2024-03-31,0,55821.06,26.56,6402.17,15.179,36,3-5y,10.53,south,A
ln_fae439ccf4c0,2024-03-31,0,55550.94,16.44,17954.62,7.862,36,1-3y,14.52,north,A
ln_80bf1495c0e1,2024-03-31,1,99308.03,21.55,12608.26,8.25,36,3-5y,16.82,north,A
ln_e80b192e8a53,2024-03-31,0,35371.15,20.42,5603.59,8.952,36,10y+,12.87,north,B
ln_f607fd5144a3,2024-03-31,0,106090.23,33.44,18094.0,14.738,36,1-3y,12.59,north,B
ln_fedb0675ae9b,2024-03-31,0,117016.56,13.34,24364.52,14.086,36,1-3y,10.8,west,A
ln_8ab875a236c1,2024-03-31,0,91501.91,17.12,17270.91,13.302,60,3-5y,8.86,north,B
ln_9a2720fca733,2024-03-31,0,79950.43,17.98,16013.7,10.227,36,3-5y,17.62,east,B
ln_4e1dfd9135c0,2024-03-31,1,158460.83,13.06,10631.66,8.93,36,5-10y,9.6,north,B
ln_2765c4d0fa2c,2024-03-31,0,59174.5,13.35,4546.04,9.044,36,3-5y,11.46,north,A
ln_7375cf4ae5b3,2024-03-31,0,76320.08,20.61,8399.4,9.594,36,<1y,4.75,north,A
ln_b92d1e7c1f9a,2024-03-31,0,78278.75,16.97,10950.25,8.324,36,1-3y,13.23,east,A
ln_7dec2abd78ab,2024-03-31,0,37804.75,28.79,17934.24,12.377,60,5-10y,25.18,east,A
ln_bea11ed594fb,2024-03-31,0,89216.9,22.66,16243.22,13.885,36,5-10y,13.67,east,B
ln_b9d1c215a1a1,2024-03-31,1,53597.61,28.4,14216.55,14.69,60,5-10y,11.96,south,A
ln_38126e508c1e,2024-03-31,0,73913.34,16.16,17054.58,11.303,36,<1y,5.16,west,A
ln_0313f4c29516,2024-03-31,0,170573.65,15.74,18643.59,9.095,60,<1y,21.17,west,A
ln_623040aec63a,2024-03-31,0,88037.1,23.72,14521.97,14.031,36,10y+,19.79,west,B
ln_7ae9f7ff8d5f,2024-03-31,0,33670.97,19.35,10019.67,11.222,60,3-5y,17.98,east,B
ln_56399e0e87ef,2024-03-31,0,53218.15,22.77,30534.32,15.525,60,<1y,9.61,south,A
ln_ea6996491894,2024-03-31,0,78139.7,20.01,8084.51,11.221,36,1-3y,13.54,east,A
ln_256cb6f8377d,2024-03-31,0,90374.33,23.74,7632.09,14.442,36,3-5y,10.79,west,A
ln_36b071049cf8,2024-03-31,0,35220.78,0.51,23151.97,8.611,60,1-3y,6.71,north,B
ln_625748fab50c,2024-03-31,0,54947.47,25.77,7206.47,14.505,60,<1y,5.55,north,B
ln_418f07466228,2024-03-31,0,61706.34,18.04,4974.89,10.671,60,10y+,14.3,north,A
ln_6f5407888f9b,2024-03-31,0,47784.01,21.25,25575.87,12.038,36,1-3y,23.81,north,B
ln_e17fa9110ae7,2024-03-31,0,76634.78,25.23,15166.72,9.143,36,1-3y,13.22,south,A
ln_c99484b17e7d,2024-03-31,1,122780.77,29.25,12752.76,16.161,36,1-3y,13.53,north,B
ln_74d62ef6b23e,2024-03-31,0,57501.18,31.09,7660.76,13.434,36,10y+,9.62,north,A
ln_4dab0f8da2a2,2024-03-31,0,88622.59,15.3,35457.42,9.107,36,5-10y,17.26,east,A
ln_05e140311a2d,2024-03-31,0,53331.26,19.8,15613.48,11.116,36,5-10y,14.47,east,A
ln_7f3083f776c3,2024-03-31,0,86513.95,26.61,37688.22,13.638,36,<1y,11.25,south,B
ln_435f4e4e2a52,2024-03-31,0,50858.99,36.51,52709.8,17.824,36,1-3y,18.51,south,A
ln_8aca27052935,2024-03-31,0,64886.25,32.19,17515.55,15.75,36,1-3y,9.32,east,B
ln_21895e2c4642,2024-03-31,0,65096.22,13.66,12784.8,5.567,36,1-3y,11.88,west,B
ln_e8cfa8f7394e,2024-03-31,0,63697.59,11.02,13440.97,11.053,60,1-3y,8.76,north,A
ln_b9d002c23dd3,2024-03-31,0,108687.81,11.78,20658.34,11.699,60,1-3y,8.03,west,B
ln_7169e07390a7,2024-03-31,0,125805.93,18.92,11950.65,7.681,36,<1y,17.42,south,A
ln_97d169572d58,2024-03-31,1,84241.08,42.44,15645.75,20.091,36,1-3y,8.58,east,A
ln_32d5a2d8a400,2024-03-31,0,76526.76,10.68,21360.95,9.944,36,<1y,10.45,south,A
ln_d114013c65d1,2024-03-31,0,40086.65,19.78,11485.69,12.528,36,1-3y,10.76,east,B
ln_130aae1b0319,2024-03-31,0,49623.38,26.27,15900.04,17.451,36,5-10y,15.42,south,A
ln_6c7a043d499a,2024-03-31,0,75588.46,16.18,20304.05,11.043,36,1-3y,19.58,south,A
ln_fe22b71de058,2024-03-31,0,55808.96,10.56,9174.17,10.24,36,3-5y,10.68,east,A
ln_dcbc37728864,2024-03-31,0,71655.8,18.6,11760.55,11.684,36,5-10y,11.33,west,A
ln_35ef2dce4998,2024-03-31,0,63767.05,36.07,6541.29,15.298,36,5-10y,10.34,west,B
ln_2873dfd0d638,2024-03-31,0,82264.29,19.98,11588.46,11.249,60,10y+,23.03,east,A
ln_0441b42df26b,2024-03-31,0,85387.15,18.09,17297.05,12.156,36,10y+,8.45,east,A
ln_5b718a48742f,2024-03-31,0,62761.99,11.97,8553.24,8.456,36,3-5y,21.22,west,B
ln_8e0e25a226e5,2024-03-31,0,81096.45,22.98,8749.4,12.409,60,1-3y,13.33,south,B
ln_9c629af85acf,2024-03-31,0,44800.19,37.04,13813.45,15.225,36,10y+,15.98,south,A
ln_8eadf0bbc12b,2024-03-31,0,90721.6,25.22,6255.85,17.113,36,<1y,4.76,north,A
ln_f43b1919379b,2024-03-31,0,42710.18,16.86,13674.95,10.161,60,5-10y,16.67,north,B
ln_a869fa2aa8d7,2024-03-31,0,131484.2,7.52,21685.6,8.196,36,5-10y,23.93,south,A
ln_185e3866da6d,2024-03-31,0,107352.4,13.91,13502.79,8.528,36,10y+,19.89,south,B
ln_96867a0df0e7,2024-03-31,0,60622.1,27.74,54034.78,15.159,36,5-10y,13.85,north,B
ln_b43c0ff35138,2024-03-31,0,81593.94,18.97,20446.54,9.273,60,5-10y,14.75,north,B
ln_f2ef9529de4d,2024-03-31,0,43776.56,18.94,10062.74,8.63,36,10y+,13.83,north,A
ln_6eb9936dc980,2024-03-31,0,47784.78,15.7,15857.56,11.86,36,5-10y,14.37,north,A
ln_a6f6c1f9b064,2024-03-31,0,74574.37,29.63,13410.2,14.795,36,5-10y,18.53,north,A
ln_79dbef15fca1,2024-03-31,0,43371.09,16.73,7946.87,12.019,36,3-5y,10.81,north,A
ln_bcd9958ebd4d,2024-03-31,0,81868.35,13.33,4008.35,10.789,36,5-10y,13.14,east,A
ln_ce0c2e41cb87,2024-03-31,0,33757.25,4.96,11786.41,8.016,36,3-5y,12.97,north,B
ln_7d3f794b2e56,2024-03-31,0,64610.35,25.04,9203.66,16.317,60,1-3y,10.62,east,B
ln_4df4b5b0c834,2024-03-31,0,81310.72,27.49,24498.82,12.64,36,1-3y,4.72,south,B
ln_2b58a9515118,2024-03-31,0,93832.42,16.51,10201.88,9.932,36,3-5y,20.9,west,A
ln_09a82fb88576,2024-03-31,1,56346.18,24.61,16764.1,11.436,36,10y+,13.24,north,B
ln_e122af86bb49,2024-03-31,0,64953.45,16.17,10669.76,10.711,36,<1y,6.9,south,B
ln_634c8ba9988b,2024-03-31,0,59483.21,9.39,7576.57,9.581,60,<1y,12.15,east,A
ln_959a78ca2d21,2024-03-31,1,46403.42,38.74,9614.46,20.26,36,<1y,6.74,south,A
ln_e7f7a7ffbb32,2024-03-31,0,36727.53,14.54,8192.94,9.066,60,1-3y,14.13,south,B
ln_cef4d5890108,2024-03-31,0,29093.69,32.14,17018.8,16.255,36,3-5y,6.49,north,A
ln_614923e2278c,2024-03-31,0,53495.82,27.76,44822.36,14.101,36,1-3y,11.0,south,A
ln_73e17202728b,2024-03-31,0,85150.78,16.28,7785.36,10.212,36,1-3y,11.25,south,A
ln_e2a1ca1f3334,2024-03-31,0,47738.3,25.87,5624.66,12.36,60,10y+,16.13,south,A
ln_fcb647ec39d3,2024-03-31,0,53426.99,24.13,7792.21,18.596,60,1-3y,12.71,west,A
ln_6864b16d2516,2024-03-31,0,40613.93,29.91,55572.09,15.77,36,5-10y,11.65,east,A
ln_aaa0c2d40344,2024-03-31,0,94199.6,20.83,6570.02,14.905,36,5-10y,10.31,west,A
ln_60583fd2f870,2024-03-31,0,73962.19,21.34,5415.24,11.176,36,3-5y,15.26,east,A
ln_6b0ab63d4f2f,2024-03-31,0,17915.77,28.87,14621.98,11.89,36,<1y,8.46,east,B
ln_8fd351c5f344,2024-03-31,0,104267.36,16.2,13011.74,10.375,60,1-3y,14.68,west,A
ln_8cc00322fbe0,2024-03-31,0,99735.65,21.59,29129.85,9.012,36,5-10y,12.11,south,A
ln_237d53e9bd09,2024-03-31,0,63586.4,31.17,6859.8,15.712,36,3-5y,14.88,east,B
ln_7d79f6c0a9cc,2024-03-31,0,37623.32,16.12,17709.89,8.971,36,10y+,13.23,north,A
ln_a3e186d04f46,2024-03-31,0,59255.75,18.98,37288.73,10.606,36,1-3y,12.27,west,A
ln_5784ba3636c1,2024-03-31,0,41615.63,20.44,11219.0,8.224,36,<1y,6.95,north,A
ln_f3d230e6bcfa,2024-03-31,0,21130.46,17.03,12567.45,11.416,60,<1y,10.5,south,A
ln_845411079427,2024-03-31,1,31479.1,16.18,9211.39,9.108,60,3-5y,12.58,north,A
ln_59f4d193b9e6,2024-03-31,0,74021.02,29.74,9038.61,18.393,36,1-3y,10.47,north,A
ln_7743b502c513,2024-03-31,0,96361.23,11.85,15120.52,12.054,60,<1y,6.28,north,A
ln_3acbf718782e,2024-03-31,0,69897.3,9.31,10592.79,11.373,60,3-5y,11.66,east,A
ln_bc3ef2bf580b,2024-03-31,0,33760.05,21.53,10937.41,13.696,60,1-3y,14.47,east,A
ln_2bddf11ab3cc,2024-03-31,0,78948.19,18.62,9582.16,9.866,60,5-10y,15.03,east,A
ln_c5baf186a86a,2024-03-31,0,31174.67,14.8,20160.74,10.35,36,5-10y,15.09,west,B
ln_4a048226ff5b,2024-03-31,0,52645.58,20.25,47711.41,10.03,36,<1y,12.06,east,B
ln_91f1e64c8cae,2024-03-31,0,64374.99,26.6,21571.86,14.316,36,3-5y,8.39,west,A
ln_a133f5674d11,2024-03-31,0,74208.14,23.03,12199.9,16.623,36,3-5y,9.18,west,B
ln_8e8be1e2d089,2024-03-31,0,70593.64,17.22,29873.42,9.363,36,1-3y,12.29,north,A
ln_02ae35c02551,2024-03-31,0,38275.01,25.61,43168.59,13.687,60,3-5y,10.96,north,B
ln_fa8a22a866f2,2024-03-31,0,30210.49,19.49,6987.93,9.367,36,5-10y,15.63,west,B
ln_d30a33d0a33d,2024-03-31,0,62849.91,29.06,30404.47,13.741,60,1-3y,10.34,north,A
ln_137ad01aa830,2024-03-31,0,41379.88,25.2,24642.58,10.249,36,1-3y,14.45,west,A
ln_ac9e2f1fa29a,2024-03-31,0,122968.2,6.97,5511.53,8.031,36,<1y,11.14,east,A
ln_a4c6dfc8cf3e,2024-03-31,1,81246.23,19.31,13687.48,12.989,60,<1y,7.66,west,A
ln_97e9789482eb,2024-03-31,0,54198.63,19.58,9251.17,12.698,36,<1y,6.06,north,B
ln_8a7ba1c45b6f,2024-03-31,0,119015.76,16.93,13020.8,9.837,60,3-5y,15.74,west,B
ln_8b5716382aa2,2024-03-31,0,73418.0,27.61,14674.34,15.171,36,10y+,16.06,west,A
ln_f39cbd85913b,2024-03-31,0,111669.55,22.3,8710.48,9.105,36,10y+,10.7,south,A
ln_f8723b367cc8,2024-03-31,0,214425.38,23.91,8440.89,9.87,36,10y+,28.45,south,A
ln_044f77f1d9da,2024-03-31,0,108400.68,24.06,7793.49,12.755,36,<1y,7.04,west,B
ln_b6f0663fde87,2024-03-31,0,72114.47,20.07,6092.78,9.781,36,3-5y,15.4,north,B
ln_f2e78d489ff5,2024-03-31,1,62647.24,27.49,42912.0,14.43,36,3-5y,13.37,west,A
ln_eaa351692625,2024-03-31,0,90772.8,19.89,29815.55,10.401,36,10y+,14.99,south,A
ln_8fc0369b9a7c,2024-03-31,0,30564.2,25.47,29972.54,11.739,36,10y+,15.26,south,A
ln_82310d4c1858,2024-03-31,0,44991.91,22.75,20293.08,14.452,36,1-3y,14.53,north,B
ln_66820eb4c837,2024-03-31,0,164549.09,18.67,18852.06,11.296,60,10y+,18.13,south,A
ln_c0abca505008,2024-03-31,0,41747.31,13.88,13833.79,9.06,36,3-5y,16.36,east,A
ln_03bd781a9f37,2024-03-31,0,88220.01,40.09,9722.51,18.226,60,5-10y,22.38,north,A
ln_bad1862f7282,2024-03-31,0,28760.33,5.26,18064.6,9.066,36,1-3y,12.58,south,B
ln_411eb51acacd,2024-03-31,0,50259.85,5.8,30098.5,10.325,60,3-5y,16.63,west,B
ln_88310ec05a2e,2024-03-31,0,71549.21,15.7,12654.58,7.402,36,10y+,19.71,south,B
ln_3140fe20bdc4,2024-03-31,0,49456.74,32.95,24732.42,12.714,36,1-3y,17.61,east,A
ln_7a7f86daa1c3,2024-03-31,0,74544.33,27.76,6370.62,14.826,60,1-3y,19.17,north,A
ln_1894b1d49bf6,2024-03-31,0,35093.0,26.7,10945.58,12.329,60,<1y,16.39,east,A
ln_6fba609189b2,2024-03-31,0,56226.02,20.88,21625.09,14.933,60,3-5y,12.25,west,A
ln_ea1182f5e93a,2024-03-31,0,107618.25,23.04,51033.56,9.501,36,10y+,18.66,east,A
ln_315b9203e724,2024-03-31,0,81620.94,21.32,17783.07,14.073,36,5-10y,20.35,east,A
ln_a55edb3e88fa,2024-03-31,1,50844.65,38.02,8596.93,21.022,36,<1y,14.5,east,A
ln_51f8b7b00510,2024-03-31,0,76877.99,22.58,12993.46,10.769,36,5-10y,15.57,east,A
ln_2f43c18675e3,2024-03-31,0,62378.12,27.83,17566.76,12.577,60,10y+,12.82,south,A
ln_aa2f7927c360,2024-03-31,0,52491.07,26.01,79028.05,15.198,36,1-3y,16.6,east,B
ln_e9bb2ee99563,2024-03-31,0,54957.56,9.37,7921.47,8.51,60,<1y,16.56,south,A
ln_33f06adf442f,2024-03-31,0,44644.63,4.26,3785.45,6.115,36,3-5y,12.98,south,B
ln_7a606b358d86,2024-03-31,1,76424.22,33.99,14867.23,15.832,36,1-3y,6.42,west,B
ln_15b92fe930d3,2024-03-31,0,88930.04,17.01,13229.32,14.445,60,<1y,14.15,north,B
ln_08ba5198e6bd,2024-03-31,0,31350.36,16.53,21224.21,13.012,60,<1y,13.22,south,A
ln_099fa7a772a3,2024-03-31,0,127039.96,8.15,9025.05,7.844,36,<1y,7.05,south,A
ln_10fbb40a398e,2024-03-31,0,55386.53,28.25,12777.58,18.064,36,5-10y,11.88,west,A
ln_53cacb409e5d,2024-03-31,0,43356.39,3.89,9176.74,7.271,36,3-5y,6.25,east,A
ln_489c6388e7bf,2024-03-31,1,52104.08,26.72,8922.83,14.086,36,1-3y,11.66,south,A
ln_f00492b1e228,2024-03-31,0,50690.03,34.78,11397.81,15.532,36,10y+,17.65,north,B
ln_93709e8ad59c,2024-03-31,0,70123.86,28.25,21195.1,14.265,36,3-5y,9.91,north,B
ln_35991473a8c7,2024-03-31,0,55465.12,21.53,10069.82,14.515,60,3-5y,18.25,south,A
ln_750c45be0a18,2024-03-31,0,35076.38,34.68,14813.91,15.847,36,5-10y,18.06,south,B
ln_460203657b9e,2024-03-31,0,29298.54,14.48,27096.91,12.303,60,5-10y,13.95,east,A
ln_7e6b87c68f43,2024-03-31,1,74811.44,40.22,14332.0,15.987,60,3-5y,17.34,east,B
ln_cf84f82419c8,2024-03-31,0,53086.12,17.73,7743.27,8.912,36,1-3y,13.1,south,A
ln_6640957c31df,2024-03-31,0,41174.52,25.12,12857.78,9.94,36,3-5y,10.38,east,B
ln_be6d3215a2bf,2024-03-31,0,48835.27,8.5,16343.63,7.753,36,1-3y,10.28,north,A
ln_dfffbb7d8c65,2024-03-31,0,72774.94,16.73,10100.89,13.583,60,5-10y,14.61,west,A
ln_ce2fab13715f,2024-03-31,0,120387.16,24.31,19689.84,12.573,36,1-3y,10.25,west,B
ln_ed575f7330f0,2024-03-31,0,44316.41,23.04,12057.88,10.458,36,1-3y,22.76,west,B
ln_49742d113f9d,2024-03-31,0,61123.75,12.79,31315.19,5.558,36,3-5y,16.69,east,A
ln_07073825c811,2024-03-31,0,80840.62,12.29,8928.17,7.085,36,10y+,9.45,north,A
ln_770e0794718d,2024-03-31,0,83678.08,23.91,23711.99,14.61,36,3-5y,13.91,south,B
ln_d207c70563ea,2024-03-31,1,70852.22,35.32,8471.63,15.422,36,3-5y,10.73,west,A
ln_2bea25864b32,2024-03-31,1,30620.31,30.2,46315.64,13.727,36,1-3y,6.93,east,B
ln_da40eb507e2d,2024-03-31,0,45312.03,21.37,26721.39,10.611,36,10y+,13.95,north,A
ln_3c56d6cc1a30,2024-03-31,0,38280.35,13.89,12087.55,11.579,60,<1y,13.29,west,A
ln_ff652260573b,2024-03-31,0,59520.79,4.01,9697.61,3.945,60,5-10y,24.37,east,A
ln_0c6a52443276,2024-03-31,0,56424.06,21.63,18151.14,13.336,60,3-5y,8.88,east,A
ln_76fa3ce01198,2024-03-31,0,49388.48,23.55,17025.61,12.523,36,5-10y,12.5,east,A
ln_fba1844deb19,2024-03-31,0,70493.96,10.14,15991.2,11.412,60,1-3y,6.96,west,B
ln_b357294d654a,2024-03-31,0,68582.78,28.56,10180.44,13.498,60,1-3y,8.94,north,A
ln_7c1a313e8426,2024-03-31,0,77677.13,28.78,11296.76,15.461,36,5-10y,11.08,south,A
ln_e21a9f6f9a78,2024-03-31,0,75182.97,19.76,13597.35,13.304,36,5-10y,17.87,east,A
ln_8acee0b53e5c,2024-03-31,0,46369.28,23.24,12950.48,13.801,36,1-3y,12.9,west,B
ln_ddbd48fc410e,2024-03-31,0,95923.99,14.39,93542.77,13.101,36,<1y,13.12,north,B
ln_083bd8e20086,2024-03-31,0,48811.4,1.25,10810.46,5.772,36,5-10y,8.29,west,A
ln_65d1ed8402f6,2024-03-31,0,41101.98,8.14,17567.15,13.184,60,5-10y,12.67,east,A
ln_470d41663357,2024-03-31,0,52610.58,16.54,17062.85,10.893,36,10y+,23.74,west,A
ln_d9f82afe4d5b,2024-03-31,0,52486.09,22.91,9183.15,15.038,36,5-10y,9.98,north,B
ln_973fd4c36a3e,2024-03-31,0,51254.44,37.87,14895.4,17.673,36,1-3y,13.04,west,B
ln_5ae322bf38c1,2024-03-31,0,52751.8,21.68,21658.76,7.535,36,1-3y,15.23,west,B
ln_cf2ae218b8d8,2024-03-31,0,110862.35,17.63,15579.19,12.496,36,10y+,14.55,east,A
ln_18be15de6270,2024-03-31,0,55630.87,1.66,24204.66,4.622,36,3-5y,12.82,west,B
ln_f155f87a0d99,2024-03-31,0,82453.97,16.66,23899.19,15.212,36,1-3y,7.25,east,A
ln_f5c20a8ad864,2024-03-31,0,110127.3,7.94,33089.77,8.985,60,10y+,9.95,north,B
ln_96d486b4fcd9,2024-03-31,0,57220.58,21.96,67045.46,9.341,36,1-3y,30.5,north,B
ln_1c2f4e2a48bf,2024-03-31,0,41419.95,30.4,15354.9,15.192,36,1-3y,20.05,west,A
ln_5652a193ffea,2024-03-31,0,31732.5,25.03,11218.38,10.879,36,10y+,14.25,north,B
ln_5301e1b338f4,2024-03-31,0,43993.03,4.06,11639.79,6.011,36,3-5y,15.82,south,B
ln_3fa349f9e3f1,2024-03-31,0,176733.86,17.97,15884.56,9.86,36,5-10y,13.59,east,A
ln_380dffa830a7,2024-03-31,0,39267.4,19.61,9496.93,14.17,36,3-5y,8.57,north,A
ln_6de39690af33,2024-03-31,0,49607.75,1.05,7410.38,3.5,36,5-10y,16.43,west,A
ln_c8ba716ff6c0,2024-03-31,0,96988.28,11.19,8214.99,11.125,36,5-10y,13.38,north,B
ln_6b0c9820a141,2024-03-31,0,65656.59,20.55,11679.2,10.854,36,3-5y,5.58,west,A
ln_45acdc1a3af5,2024-03-31,0,25953.59,30.05,25770.67,14.138,36,1-3y,8.83,south,A
ln_d558bd3c0e48,2024-03-31,0,121524.08,29.09,11005.8,20.623,36,1-3y,18.56,north,A
ln_d2061d85f382,2024-03-31,0,90470.94,25.16,5054.01,11.832,36,5-10y,16.89,east,B
ln_9f761fb8974c,2024-03-31,0,96281.48,10.59,20867.43,8.997,36,5-10y,15.87,north,A
ln_d3632a5cdede,2024-03-31,0,109029.21,16.37,12953.93,11.877,36,1-3y,13.76,north,B
ln_750a37effd9f,2024-03-31,0,132882.59,34.97,11005.39,17.59,36,<1y,10.38,east,A
ln_84fe6b4b0116,2024-03-31,0,183574.28,22.13,9449.66,11.918,36,1-3y,14.7,east,B
ln_039b2ca5862b,2024-03-31,0,66281.61,20.59,9519.58,14.239,60,10y+,10.28,east,A
ln_5bf47100559a,2024-03-31,0,77150.61,20.3,13285.98,12.612,36,5-10y,15.12,south,A
ln_4b229bb6e6bc,2024-03-31,1,39410.82,27.48,30213.24,12.418,60,3-5y,11.65,east,A
ln_2b3b8993c17a,2024-03-31,1,74703.62,21.84,9172.31,10.231,36,10y+,18.73,west,A
ln_1eef0b3b7975,2024-03-31,0,49178.27,9.81,12354.64,6.568,36,1-3y,6.82,north,B
ln_0d1085359d24,2024-03-31,0,75311.34,16.57,19612.24,11.05,36,1-3y,17.06,north,A
ln_a4e0676850f1,2024-03-31,0,132632.48,28.21,7874.11,16.181,60,1-3y,7.06,west,A
ln_ed78b8c307e9,2024-03-31,1,71841.25,23.88,8450.96,15.295,36,<1y,11.27,east,B
ln_2e10395bad19,2024-03-31,1,66309.73,14.32,9345.93,8.143,60,3-5y,10.38,west,A
ln_938d4e988ec4,2024-03-31,0,37884.88,35.67,7785.72,14.353,60,5-10y,11.34,south,B
ln_56e12d64c411,2024-03-31,1,53207.87,36.38,22478.34,16.049,36,5-10y,12.11,west,A
ln_d7806b64cb3a,2024-03-31,0,94721.75,13.98,35937.81,9.189,36,1-3y,16.67,north,B
ln_e6616f73372c,2024-03-31,0,71096.72,26.88,18306.79,13.271,36,<1y,9.94,north,A
ln_fed44520ddf6,2024-03-31,0,62414.51,22.83,25054.49,16.424,36,5-10y,12.56,south,A
ln_c0df91c0f578,2024-03-31,0,38376.24,17.16,7197.07,12.111,36,1-3y,13.98,west,B
ln_a598673c6de5,2024-03-31,0,48262.09,24.57,3653.77,14.909,36,1-3y,10.42,south,A
ln_b71d78ea4870,2024-03-31,0,117755.09,21.83,17927.99,13.54,60,1-3y,10.02,south,B
ln_9a2826c0a891,2024-03-31,0,116277.8,22.23,25196.8,13.157,60,5-10y,21.36,south,B
ln_c60caad31eb8,2024-03-31,0,57595.59,22.57,5837.42,12.671,36,<1y,10.52,south,B
ln_4433839a089f,2024-03-31,0,79496.48,15.39,5211.29,14.08,36,3-5y,10.93,west,A
ln_340dcd5192a9,2024-03-31,0,59794.24,8.7,12768.74,7.521,36,3-5y,12.5,east,A
ln_4a78b6c7af2f,2024-03-31,0,45210.19,26.76,10529.02,16.758,36,1-3y,10.97,south,B
ln_32365cc1ae61,2024-03-31,1,77840.89,30.28,52775.68,14.277,36,1-3y,12.84,west,A
ln_8011eddf9857,2024-03-31,0,52939.39,20.19,11775.46,12.468,60,5-10y,18.0,east,A
ln_1b6f2c420798,2024-03-31,0,47379.53,4.31,8947.23,4.228,36,1-3y,17.82,north,A
ln_688011fe5841,2024-03-31,0,66413.13,21.37,10834.87,12.502,60,10y+,11.45,north,A
ln_260bd31feba2,2024-03-31,0,105681.9,19.39,21004.16,11.371,36,5-10y,23.04,west,A
ln_83c49aca86e8,2024-03-31,0,88886.26,20.57,19834.33,17.29,60,5-10y,14.32,west,A
ln_cdd41abd3316,2024-03-31,0,71345.51,17.1,15877.66,7.341,36,3-5y,14.05,north,B
ln_e3ec1511f79a,2024-03-31,0,78778.6,12.81,7832.65,9.435,60,3-5y,6.89,north,A
ln_44359804e5fd,2024-03-31,0,27830.85,13.51,33881.3,5.196,36,1-3y,8.23,east,B
ln_a7ed78fdba0c,2024-03-31,0,68188.37,10.57,15270.84,12.355,36,1-3y,5.39,west,A
ln_0dfb3cf385b1,2024-03-31,0,35756.25,23.41,8981.39,11.673,36,10y+,17.64,south,B
ln_4caf6d24a3ba,2024-03-31,0,148621.01,20.7,12170.7,12.86,36,1-3y,12.66,south,A
ln_97139fdd7994,2024-03-31,0,142692.93,28.13,17661.13,12.833,36,3-5y,8.54,south,A
ln_22fdcd483938,2024-03-31,0,22390.62,20.82,18739.65,12.345,36,3-5y,14.88,west,A
ln_3efc31ef7d08,2024-03-31,1,57738.23,23.29,21699.71,17.152,36,1-3y,12.1,west,B
ln_289bde1d3090,2024-03-31,0,94546.76,25.11,13689.87,16.163,36,<1y,11.0,south,B
ln_f641e446bc88,2024-03-31,1,78323.33,29.88,14993.22,13.208,36,3-5y,16.76,south,A
ln_a64501cc665f,2024-03-31,0,24097.87,20.23,7742.52,11.633,36,10y+,11.61,north,B
ln_23b534b6f7f9,2024-03-31,0,69108.26,24.55,16927.07,14.017,36,10y+,12.05,west,A
ln_bf4fec6a5a57,2024-03-31,0,58425.71,9.78,25705.03,13.21,36,3-5y,10.06,east,B
ln_10eecbb63f96,2024-03-31,0,47251.21,16.19,40708.05,12.264,60,1-3y,13.1,north,A
ln_b35d260ab733,2024-03-31,0,29299.06,19.45,9520.54,5.665,36,1-3y,16.08,east,A
ln_528a12f97a75,2024-03-31,0,75926.32,11.86,12262.23,5.296,36,5-10y,32.73,north,A
ln_60415794bf39,2024-03-31,0,112603.95,10.03,12131.1,6.103,36,5-10y,10.01,east,A
ln_7fa9dfb41ed8,2024-03-31,0,121280.73,17.38,4912.63,9.695,36,1-3y,8.85,west,B
ln_4eb70d39679d,2024-03-31,0,101395.92,29.33,19536.95,15.71,60,1-3y,13.42,south,B
ln_64ef3b163cc6,2024-03-31,0,170138.34,23.07,16034.56,12.76,36,<1y,5.83,south,A
ln_6a0cea13e7ac,2024-03-31,0,78070.54,17.4,28559.03,7.019,36,1-3y,12.74,west,B
ln_04870f197c0f,2024-03-31,0,56638.39,25.51,21523.82,15.418,60,1-3y,15.93,south,B
ln_472e7cee0488,2024-03-31,0,44803.74,26.67,10400.72,12.731,36,10y+,17.5,north,A
ln_ea650bf4442e,2024-03-31,0,50649.33,26.62,39329.49,13.994,36,3-5y,7.82,east,A
ln_c76b5a56916c,2024-03-31,0,49045.15,15.49,12226.12,9.635,36,5-10y,6.44,north,B
ln_730b256f2be7,2024-03-31,0,43802.12,19.87,40906.7,9.883,36,1-3y,14.61,east,A
ln_c7e80bac202b,2024-03-31,0,68385.28,29.21,17271.34,16.835,60,3-5y,11.23,north,A
ln_7857992388d0,2024-03-31,0,76043.85,5.67,24060.55,6.077,36,1-3y,3.6,south,A
ln_1c36d2ba3055,2024-03-31,0,53954.9,10.49,20642.83,8.284,36,5-10y,18.81,south,A
ln_38bd476441b8,2024-03-31,0,47464.54,24.41,20733.31,10.26,36,<1y,9.08,north,A
ln_505d6e58dbdd,2024-03-31,0,79425.8,29.07,11376.53,12.271,36,1-3y,5.78,east,A
ln_0b65cd5ff10e,2024-03-31,0,85345.49,22.35,19891.18,10.862,36,5-10y,5.85,north,B
ln_411884371c18,2024-03-31,0,61245.72,33.11,22971.41,15.06,36,3-5y,10.16,north,A
ln_d3f02c7549d5,2024-03-31,0,45494.3,6.32,32464.69,4.337,36,<1y,20.56,north,A
ln_261826b74182,2024-03-31,0,33914.36,19.65,9783.0,11.117,36,5-10y,16.96,south,B
ln_9357d24c62a7,2024-03-31,0,122623.48,17.88,32348.26,11.415,36,<1y,5.47,west,A
ln_f7b9e29d4a64,2024-03-31,0,75867.76,24.74,8797.99,10.638,36,3-5y,14.18,south,B
ln_3a3c122701bc,2024-03-31,0,66732.2,10.49,23813.64,7.796,36,5-10y,9.82,south,B
ln_655f473c8183,2024-03-31,1,71213.7,34.42,12303.85,14.536,36,5-10y,14.77,west,A
ln_b60fc71d5847,2024-03-31,0,68589.18,15.82,19021.87,11.526,36,<1y,10.42,west,B
ln_dadf96ff5a38,2024-03-31,0,118335.77,17.48,18240.04,11.771,60,10y+,14.49,south,B
ln_d82105ca885e,2024-03-31,0,36267.6,26.86,9786.64,16.783,60,10y+,17.88,west,A
ln_38c17be67c71,2024-03-31,0,79621.08,29.06,28662.33,12.311,36,1-3y,12.29,north,B
ln_a0efa2605de7,2024-03-31,0,25727.95,31.71,12397.6,10.989,36,1-3y,11.37,east,A
ln_f73687cf9663,2024-03-31,0,34965.0,19.04,13119.25,11.596,36,5-10y,27.42,east,A
ln_1de466555e1a,2024-03-31,1,51960.09,35.42,11856.23,15.833,36,3-5y,13.79,south,B
ln_823452002f93,2024-03-31,0,93311.74,10.52,10060.11,12.818,60,3-5y,11.66,east,A
ln_e8275007b604,2024-03-31,0,139675.36,11.33,22965.17,10.496,36,<1y,1.41,north,A
ln_429e988d1342,2024-03-31,0,48238.61,12.23,17534.79,9.644,36,3-5y,5.06,north,B
ln_c782137926e7,2024-03-31,0,51300.54,21.2,10405.8,11.224,36,5-10y,7.8,south,B
ln_bd6f75ea11e1,2024-03-31,0,38606.23,12.4,15385.21,8.502,60,<1y,9.49,north,A
ln_bc1dd3e05057,2024-03-31,0,114253.79,25.6,16792.27,12.373,60,1-3y,14.39,west,A
ln_92fcf6dbcc2e,2024-03-31,0,61660.55,13.58,16124.46,10.211,60,3-5y,14.45,west,B
ln_d059fe8ecac5,2024-03-31,1,52346.7,33.38,10270.4,19.245,60,3-5y,20.72,east,A
ln_1668ef65e8a4,2024-03-31,0,38984.86,25.72,9907.9,13.481,36,10y+,16.36,north,B
ln_b02ad953ed08,2024-03-31,0,96540.5,16.53,11211.55,6.165,36,5-10y,14.2,south,A
ln_18081f8d490e,2024-03-31,0,62311.84,19.18,9570.89,11.917,36,3-5y,11.64,north,B
ln_31eb144439d7,2024-03-31,0,57443.95,15.52,8064.7,6.796,36,3-5y,19.2,east,A
ln_cb046a545c2a,2024-03-31,0,58574.73,10.55,15573.48,10.979,36,3-5y,9.11,east,B
ln_fe652dbaa266,2024-03-31,0,38280.71,12.79,5812.71,9.527,60,5-10y,12.7,west,A
ln_0e790fb2b3ba,2024-03-31,0,58149.35,22.65,13953.09,9.644,36,10y+,14.62,east,A
ln_09007eeade65,2024-03-31,0,20968.9,20.48,9394.8,15.636,60,5-10y,16.53,south,A
ln_d3932940b82b,2024-03-31,1,21281.16,44.1,39865.45,18.5,36,3-5y,16.99,north,B
ln_8233a7f795bc,2024-03-31,0,68696.41,21.41,19213.77,11.898,36,3-5y,12.84,west,B
ln_b8080f430ab7,2024-03-31,0,53574.79,4.03,8367.29,9.31,36,<1y,10.53,north,B
ln_00da88f1ca2b,2024-03-31,0,81377.97,26.41,17809.18,13.196,36,3-5y,12.69,west,A
ln_7428b4db2848,2024-03-31,0,40803.85,21.66,9758.43,11.391,36,<1y,12.21,west,B
ln_86b305a054b6,2024-03-31,1,53374.14,36.93,8597.17,18.268,60,10y+,16.35,south,B
ln_3ac43aa0a988,2024-03-31,1,73938.68,38.99,6601.17,18.328,36,5-10y,13.11,west,B
ln_c9ab62947c9c,2024-03-31,0,40656.13,29.11,10117.17,12.235,36,<1y,18.19,west,B
ln_753222d708f2,2024-03-31,0,35672.1,21.85,5304.55,10.428,60,5-10y,13.85,south,A
ln_a4ff1ca3ee2f,2024-03-31,0,58720.71,20.19,26502.38,11.38,36,5-10y,11.28,south,A
ln_4d73296bf7dc,2024-03-31,0,40301.79,24.01,11668.45,12.055,36,3-5y,11.68,west,A
ln_5dde64e27da5,2024-03-31,0,29713.66,25.92,7015.44,13.991,36,5-10y,17.04,east,A
ln_e377295e4934,2024-03-31,0,114176.86,26.74,18690.67,9.317,36,3-5y,20.32,south,B
ln_8980beb43a48,2024-03-31,0,65312.21,19.81,2922.19,13.85,36,5-10y,24.26,north,A
ln_7db3e57f2794,2024-03-31,0,46026.66,28.63,53082.09,14.166,36,<1y,9.66,east,B
ln_7c51bcf2e9d7,2024-03-31,0,63927.27,31.62,18703.49,15.605,60,10y+,15.92,west,A
ln_1ca380b483ef,2024-03-31,0,47063.44,33.34,21884.84,12.77,36,1-3y,13.59,east,A
ln_31b898c76360,2024-03-31,0,21804.31,17.15,20219.38,11.136,36,10y+,14.26,east,A
ln_e4950a14a02e,2024-03-31,0,39916.96,22.84,26796.25,9.55,36,10y+,16.13,south,A
ln_15b6c5320abf,2024-03-31,0,113529.01,27.6,11989.38,17.117,36,5-10y,14.39,east,B
ln_e6bd7ccb0c77,2024-03-31,0,69908.21,29.24,16076.46,14.753,36,1-3y,14.94,south,A
ln_0a8ecb5dd5fe,2024-03-31,1,49744.79,24.03,11150.51,12.12,60,10y+,15.61,west,B
ln_a28b502f7137,2024-03-31,0,113484.39,32.83,24334.72,17.063,60,5-10y,11.76,west,A
ln_073510710486,2024-03-31,0,44558.89,25.75,1337.1,10.63,36,10y+,14.0,north,A
ln_3dd5af8aff26,2024-03-31,0,81366.79,15.76,10107.53,13.443,36,10y+,15.77,south,A
ln_c1e9ed8a4809,2024-03-31,0,92099.6,21.66,14852.21,16.387,36,5-10y,11.08,east,B
ln_ec4cf32fd43a,2024-03-31,0,43113.74,25.47,19439.94,16.288,36,5-10y,14.37,south,A
ln_9f01e4b7258d,2024-03-31,0,46276.16,14.93,6017.37,9.941,36,1-3y,13.81,west,A
ln_0b78a33bc317,2024-03-31,0,113561.39,27.12,18562.5,15.065,36,3-5y,12.09,west,B
ln_f54f9150987b,2024-03-31,0,94270.19,13.31,11899.98,11.663,36,<1y,11.47,west,B
ln_af602de3625d,2024-03-31,0,66125.06,12.46,9099.52,7.059,36,3-5y,9.32,west,B
ln_452476e16b7f,2024-03-31,0,32953.25,29.2,10438.42,16.1,36,<1y,5.38,north,A
ln_31e05e9c10e8,2024-03-31,0,71850.34,19.3,8982.78,13.404,60,10y+,10.43,north,B
ln_5eadfa7bdff6,2024-03-31,0,54083.04,26.89,21814.53,12.887,36,3-5y,13.21,east,B
ln_aea88f362579,2024-03-31,0,60442.17,18.82,6281.56,10.456,36,1-3y,18.31,east,B
ln_f5b4dd5fdbdf,2024-03-31,0,47862.51,14.23,47702.7,10.516,36,1-3y,9.85,east,A
ln_2b58d099b3d4,2024-03-31,1,49744.47,43.83,36066.42,19.868,60,1-3y,19.07,north,B
ln_886aef8cf927,2024-03-31,0,56880.31,20.25,8924.97,14.871,60,<1y,15.76,west,A
ln_1e60e7bddd6b,2024-03-31,0,41158.77,15.73,4470.77,14.341,36,1-3y,8.06,east,B
ln_83d54718c44e,2024-03-31,0,71726.14,19.19,9367.69,11.286,60,5-10y,13.7,north,A
ln_72576037b809,2024-03-31,0,38596.6,23.98,8959.18,9.122,36,5-10y,19.5,north,A
ln_61746b1dacb4,2024-03-31,1,137423.85,20.3,7975.49,14.144,60,<1y,18.91,north,A
ln_3f370d003337,2024-03-31,1,39878.68,26.39,30140.76,15.648,60,<1y,13.43,north,B
ln_95a2861c8236,2024-03-31,0,92743.41,15.14,10112.13,13.122,36,10y+,9.25,west,A
ln_f4af104e6183,2024-03-31,0,49472.53,25.71,12238.77,13.491,36,<1y,10.63,south,B
ln_e31dd38a93cc,2024-03-31,0,54548.93,17.08,6036.5,14.389,36,<1y,8.42,south,B
ln_ce89a0c80777,2024-03-31,0,63795.43,12.0,19839.22,9.858,36,<1y,19.08,west,A
ln_a03c80269cbe,2024-03-31,0,80709.98,20.51,31162.21,13.301,36,<1y,18.73,west,A
ln_4f8b27673074,2024-03-31,0,34789.32,19.07,19125.59,11.6,36,1-3y,7.57,east,A
ln_d543bb25af99,2024-03-31,0,143891.98,16.2,6005.94,10.152,36,1-3y,10.47,south,A
ln_d380aa6b23cb,2024-03-31,0,64201.9,26.72,42423.76,13.871,60,3-5y,19.0,south,A
ln_060cab7e596e,2024-03-31,0,86742.59,18.53,12819.93,10.004,36,3-5y,7.21,west,A
ln_8e2662180f17,2024-03-31,0,48880.59,15.34,28644.67,14.442,60,<1y,15.51,south,A
ln_d917ed3f2eea,2024-03-31,0,39266.89,20.06,11590.68,9.197,60,5-10y,10.48,north,A
ln_c3cdd1726f0e,2024-03-31,0,102883.15,29.45,8155.94,18.61,60,5-10y,16.42,east,B
ln_f86d366e44f7,2024-03-31,0,54355.2,19.11,13108.04,14.375,36,<1y,11.75,south,A
ln_035fa3d872d1,2024-03-31,0,52906.49,20.06,9227.42,11.276,60,3-5y,21.08,south,A
ln_47749601cd63,2024-03-31,0,104178.66,10.88,4801.5,10.773,60,<1y,14.07,south,B
ln_aca7c756f65e,2024-03-31,0,55373.63,36.99,15881.7,20.02,36,10y+,15.52,south,B
ln_74ef434549b7,2024-03-31,1,86150.52,17.14,11724.07,10.785,36,3-5y,10.68,east,A
ln_788002d895c6,2024-03-31,0,104498.05,23.48,45375.71,9.696,60,1-3y,15.34,west,A
ln_2f9fd159fd7d,2024-03-31,0,86073.79,23.07,4535.89,12.273,36,5-10y,13.55,west,A
ln_30336800f93c,2024-03-31,0,42646.4,11.69,9207.82,11.97,36,10y+,10.62,north,A
ln_e7c46098f5a4,2024-03-31,0,118604.3,23.85,36662.21,12.748,36,5-10y,11.32,west,A
ln_649234721a21,2024-03-31,0,76410.92,12.89,22660.01,8.874,36,3-5y,11.47,south,A
ln_0f554b18707c,2024-03-31,0,127892.98,32.3,31040.15,13.593,36,<1y,8.08,west,B
ln_d7346034fe97,2024-03-31,1,175731.5,23.4,14118.16,12.997,36,3-5y,15.4,west,A
ln_b486f621fcf9,2024-03-31,0,80245.94,29.79,11535.66,15.749,36,10y+,10.74,west,A
ln_536d7b325a01,2024-03-31,0,34023.12,18.77,25094.06,8.839,36,5-10y,23.1,south,B
ln_fd14dcda79a1,2024-03-31,0,95528.81,26.37,32451.06,11.676,36,3-5y,22.2,north,B
ln_c8a6fad23193,2024-03-31,0,64878.69,21.91,11556.87,12.857,60,1-3y,12.63,east,A
ln_c3f602979489,2024-03-31,1,42096.8,29.41,39017.16,13.344,36,<1y,13.09,north,B
ln_83ac650eb5e7,2024-03-31,0,87566.54,14.12,21189.04,9.256,60,3-5y,21.45,south,A
ln_8c0ce791e1f6,2024-03-31,0,58330.91,30.54,8848.71,14.136,36,<1y,12.87,west,A
ln_2323d939ee2f,2024-03-31,0,65280.38,35.88,29406.95,16.781,36,1-3y,14.59,south,B
ln_e9bce8b2e8fb,2024-03-31,1,49263.42,19.85,5585.27,13.896,36,3-5y,12.6,east,A
ln_22858b5c9da1,2024-03-31,0,35952.95,21.08,6679.12,11.858,36,3-5y,5.04,south,A
ln_228b9a327ddc,2024-03-31,0,80936.8,26.81,16934.09,13.791,60,1-3y,14.07,south,A
ln_151999a39db8,2024-03-31,0,39318.71,15.69,11251.14,8.343,36,<1y,21.54,north,B
ln_381992e48b7c,2024-03-31,0,62848.6,16.56,8374.47,11.856,60,<1y,6.04,north,B
ln_ef4ac388136b,2024-03-31,0,68154.0,10.87,4497.75,9.022,36,3-5y,18.28,north,B
ln_8b2757584800,2024-03-31,0,47314.75,25.2,5081.08,16.742,60,1-3y,14.53,north,A
ln_73268b1ca6d3,2024-03-31,0,58140.32,31.06,14854.23,9.783,36,5-10y,22.86,south,A
ln_445a3c87a821,2024-03-31,1,74010.36,24.96,13543.47,15.486,36,1-3y,8.74,west,A
ln_cfbc72e19141,2024-03-31,0,72008.89,37.96,4781.54,12.984,36,5-10y,12.08,north,B
ln_97e7126b1811,2024-03-31,0,59905.71,10.56,13881.58,6.972,36,5-10y,9.93,south,A
ln_396c9479af10,2024-03-31,0,56607.35,12.28,5818.56,6.348,36,<1y,9.86,east,A
ln_962f9a5671c0,2024-03-31,0,79982.64,6.57,7537.03,8.09,36,3-5y,13.07,east,B
ln_241fa1456197,2024-03-31,0,100134.03,5.16,9198.57,8.329,36,10y+,10.36,west,B
ln_387517747cfb,2024-03-31,1,29268.71,21.83,8372.81,14.754,36,1-3y,13.62,south,B
ln_040c9007d787,2024-03-31,0,78039.81,20.21,37136.44,12.434,36,<1y,14.95,west,A
ln_cd8a4dc04b8d,2024-03-31,0,111609.44,15.14,16229.35,7.574,36,1-3y,22.41,north,A
ln_c4509e6d0129,2024-03-31,0,91250.26,30.89,22787.08,12.708,36,3-5y,24.38,south,B
ln_3bb0ad88664d,2024-03-31,0,50550.8,8.77,16867.29,8.781,36,1-3y,9.53,east,A
ln_440e406c0243,2024-03-31,0,161251.24,14.39,7565.92,10.414,36,<1y,14.72,east,A
ln_5114ec715af9,2024-03-31,1,20707.9,32.7,24146.42,11.196,36,3-5y,11.98,north,A
ln_371ef4482209,2024-03-31,0,78237.17,22.12,9028.88,13.533,60,10y+,10.12,east,B
ln_fdf0b4d2c69a,2024-03-31,0,53384.7,17.16,42382.47,12.535,60,1-3y,14.79,north,B
ln_f2042a3648e2,2024-03-31,0,74269.64,36.14,27625.25,18.658,36,5-10y,10.99,south,A
ln_6225f1475d9a,2024-03-31,0,32474.0,6.47,6625.04,9.389,36,1-3y,14.25,west,A
ln_48cc059eedc8,2024-03-31,0,58458.32,19.28,9081.7,10.032,36,10y+,11.28,east,A
ln_61a2e4fbd7da,2024-03-31,0,93909.54,37.66,7576.13,14.368,36,3-5y,15.28,west,B
ln_440a93471e15,2024-03-31,0,66453.02,26.27,15917.26,14.872,36,10y+,12.99,north,A
ln_12e2212d07e5,2024-03-31,0,44381.48,7.67,12223.83,11.154,60,1-3y,15.35,north,B
ln_12c3c3238408,2024-03-31,1,65203.07,15.14,4768.25,10.177,36,3-5y,15.15,east,B
ln_cb76dac8013a,2024-03-31,0,56463.22,17.91,6581.37,8.695,36,3-5y,13.47,east,B
ln_923783802533,2024-03-31,1,77113.51,20.73,6265.65,10.897,36,10y+,16.18,west,A
ln_48f2242d937c,2024-03-31,0,51507.9,21.75,10648.17,9.776,36,3-5y,9.36,south,A
ln_acee5dde225e,2024-03-31,0,106982.19,16.94,10475.74,11.341,36,<1y,6.33,south,A
ln_43d7cb3848ef,2024-03-31,0,70430.7,3.47,24426.7,8.986,36,<1y,7.87,west,B
ln_09b08ada23b5,2024-03-31,0,115788.85,21.57,5888.58,15.155,36,1-3y,9.08,south,A
ln_189b62750521,2024-03-31,0,108386.2,17.77,24951.07,10.923,36,3-5y,10.08,west,B
ln_2bb9cfa773ff,2024-03-31,0,46663.86,41.29,12009.25,21.07,36,10y+,12.38,north,A
ln_3b40515f8ee2,2024-03-31,0,104767.56,0.5,6325.35,3.803,60,5-10y,12.28,south,B
ln_ab5bd73a65a7,2024-03-31,1,32725.44,19.87,16306.94,12.584,36,10y+,14.1,east,A
ln_c2173b11c51c,2024-03-31,0,58939.02,25.95,7711.78,7.377,36,1-3y,13.8,south,B
ln_0d4a8f9aab93,2024-03-31,0,108295.45,38.27,17942.69,14.454,36,<1y,14.72,north,A
ln_c6a15c999091,2024-03-31,0,47853.58,14.11,9031.02,9.751,36,5-10y,12.18,west,B
ln_566957c6062c,2024-03-31,0,87244.74,28.77,18808.66,15.121,36,3-5y,9.42,north,A
ln_c5857cc4a83a,2024-03-31,0,61469.27,12.28,19313.33,9.129,36,1-3y,12.67,south,A
ln_576cacad714d,2024-03-31,1,37311.31,29.42,22566.51,14.54,60,10y+,18.72,north,B
ln_39f60e13773c,2024-03-31,0,102261.58,21.74,8358.43,13.788,36,1-3y,14.33,north,B
ln_b1468d7f315c,2024-03-31,0,71269.44,22.28,18397.52,15.118,36,10y+,8.32,east,A
ln_e7c726d943a8,2024-03-31,1,62562.65,29.98,28271.09,16.566,60,1-3y,18.84,west,B
ln_8708716fa64d,2024-03-31,0,51533.14,14.12,7437.88,8.104,36,5-10y,13.83,south,A
ln_9799f68f6530,2024-03-31,0,58236.77,14.49,7127.78,5.272,36,5-10y,16.03,east,B
ln_5eb64b945d7b,2024-03-31,0,188554.9,17.54,12122.12,5.524,36,5-10y,18.34,north,B
ln_4ddc8f2956f6,2024-03-31,0,73155.91,32.12,17112.54,16.899,36,<1y,8.86,south,A
ln_7494a807767e,2024-03-31,0,103399.14,12.62,11112.22,14.042,36,1-3y,8.13,north,A
ln_c92a031e166e,2024-03-31,0,46657.31,23.04,8552.33,14.91,36,1-3y,8.94,north,B
ln_737da5864271,2024-03-31,0,87590.23,11.55,9317.2,8.943,60,1-3y,13.52,north,A
ln_0661898a2a31,2024-03-31,0,71941.49,28.88,9029.51,16.568,36,10y+,11.0,east,B
ln_df668618f95d,2024-03-31,0,61859.46,33.06,16126.15,16.507,60,3-5y,10.24,west,B
ln_e42ea9e36dee,2024-03-31,0,64437.79,21.59,14315.31,7.954,36,5-10y,22.51,west,A
ln_38cc50c21dd6,2024-03-31,0,142148.43,3.42,29074.12,8.773,36,3-5y,14.57,west,A
ln_1b3bb857b2b5,2024-03-31,0,126170.63,19.89,3477.67,8.979,60,5-10y,18.3,north,A
ln_322cab27c2ae,2024-03-31,0,57952.79,16.08,5006.44,9.934,36,5-10y,22.16,west,A
ln_6e502eb42729,2024-03-31,1,21442.65,27.19,18292.32,18.413,36,<1y,8.78,south,A
ln_6eb51fa0eb87,2024-03-31,0,74624.8,25.87,23338.19,12.734,36,1-3y,14.71,south,A
ln_787da094035b,2024-03-31,0,43805.62,16.71,14319.62,12.739,36,1-3y,8.44,west,B
ln_9291fdc9bb16,2024-03-31,0,49120.92,21.84,8675.96,9.401,36,5-10y,17.12,east,A
ln_233f4ee30598,2024-03-31,0,71543.29,43.92,14236.72,19.601,36,10y+,13.26,east,A
ln_9ad150853a14,2024-03-31,0,30726.31,23.33,26340.94,10.805,36,<1y,10.81,north,A
ln_c871d291799d,2024-03-31,0,86609.66,38.04,11891.48,14.884,36,5-10y,15.16,north,A
ln_0b46f285a14c,2024-03-31,0,73330.83,22.43,17202.64,10.622,60,3-5y,22.02,east,A
ln_ead62a2e4836,2024-03-31,0,86726.3,8.9,6974.82,8.262,60,1-3y,9.14,east,B
ln_f9ac02ad67e1,2024-03-31,0,78357.19,35.93,20931.06,19.164,60,3-5y,10.04,north,A
ln_892b48e75bd3,2024-03-31,0,21487.75,12.17,82504.05,11.805,60,5-10y,14.02,north,B
ln_dd5dda610db0,2024-03-31,0,58558.87,17.66,54842.52,12.855,36,5-10y,8.37,north,A
ln_7340aea7a26a,2024-03-31,0,109001.87,11.12,14143.57,9.732,36,10y+,11.18,south,A
ln_c05790319d7a,2024-03-31,0,57907.69,13.46,16973.44,10.146,36,5-10y,17.25,west,A
ln_d77f36a914bc,2024-03-31,0,56536.15,15.87,5791.5,10.944,60,1-3y,9.01,south,A
ln_02bdba098eeb,2024-03-31,0,54546.39,22.4,3012.7,13.8,36,10y+,15.1,east,A
ln_0f21b697dd10,2024-03-31,0,59699.03,27.29,3667.46,13.782,36,<1y,12.04,south,B
ln_019f1b569ffd,2024-03-31,0,83338.25,22.95,6506.16,15.617,36,<1y,6.63,north,B
ln_9459b23926d1,2024-03-31,1,74406.19,27.69,12817.61,13.352,36,1-3y,12.89,south,A
ln_dcfb6abd90cd,2024-03-31,0,52093.66,17.74,16900.33,9.809,36,1-3y,11.78,north,A
ln_f5a44b26010f,2024-03-31,0,66106.11,27.08,5331.22,13.829,36,1-3y,7.57,south,A
ln_85e951c7144c,2024-03-31,0,88364.93,29.88,7970.0,15.283,36,1-3y,9.75,west,B
ln_771cfbb98f7c,2024-03-31,0,50377.01,14.23,31754.04,12.292,36,3-5y,15.96,west,B
ln_55d6b9559cf9,2024-03-31,0,22086.92,19.19,10637.84,14.444,36,3-5y,6.91,south,A
ln_11224c2d1795,2024-03-31,0,91026.11,28.08,16180.55,14.164,36,3-5y,10.18,east,A
ln_ca2646ab12d0,2024-03-31,0,27147.15,5.36,12670.02,8.484,60,3-5y,13.29,west,A
ln_db1bcd6f4a33,2024-03-31,1,56083.93,21.04,16531.62,14.21,36,<1y,14.62,south,A
ln_70d6366aa652,2024-03-31,0,43388.15,14.45,13283.2,10.077,60,1-3y,8.91,east,B
ln_3b5154ff6010,2024-03-31,0,50609.86,15.34,29676.12,9.165,36,5-10y,17.63,east,A
ln_fa7aeddb4be4,2024-03-31,0,116084.78,24.16,16846.43,14.925,60,3-5y,15.51,north,B
ln_37e47cfa0c2d,2024-03-31,1,48738.31,32.99,56766.27,15.363,60,5-10y,8.45,west,B
ln_5ee28a1c49b1,2024-03-31,1,60412.61,30.48,13311.2,15.568,36,10y+,16.45,north,B
ln_da6cec76512a,2024-03-31,0,46638.09,14.33,37229.34,8.746,60,3-5y,16.15,south,A
ln_e0d598a37d00,2024-03-31,0,28880.26,33.31,7553.54,14.267,60,3-5y,18.03,west,A
ln_ebfc2bb9b84f,2024-03-31,0,45008.98,7.95,13356.64,5.861,36,<1y,9.57,east,A
ln_ae53faa49fd9,2024-03-31,0,91228.1,24.54,7835.14,14.955,36,3-5y,7.85,north,A
ln_163c67e4e7b5,2024-03-31,1,110324.64,27.78,15907.21,16.497,60,1-3y,10.24,east,B
ln_91d6fc32dbf6,2024-03-31,0,47062.91,17.25,4013.17,11.593,36,1-3y,13.19,south,A
ln_fabcae03da9f,2024-03-31,0,130680.53,25.51,6932.73,13.306,60,3-5y,10.88,east,A
ln_7f0a02563424,2024-03-31,0,29414.24,28.9,42719.57,12.829,60,1-3y,9.45,south,A
ln_6e704559e983,2024-03-31,0,136970.31,15.28,10000.21,13.639,36,1-3y,12.57,north,A
ln_972ef50e8b8f,2024-03-31,0,32729.11,29.43,9916.34,14.755,36,<1y,7.77,west,A
ln_27cfa00005c7,2024-03-31,0,26137.8,22.21,15528.27,12.377,60,1-3y,7.69,north,A
ln_ba4c0c7db1a8,2024-03-31,0,48849.25,18.99,19490.9,11.4,60,<1y,7.0,west,A
ln_c328143c9446,2024-03-31,0,31209.31,35.0,5225.47,17.276,36,10y+,13.23,east,B
ln_c6f6f6ffea14,2024-03-31,0,56398.4,23.09,16174.58,12.378,60,<1y,14.15,west,A
ln_b225840bb797,2024-03-31,0,97341.1,21.93,10964.56,12.258,36,3-5y,17.76,north,B
ln_e687e6ace924,2024-03-31,0,97989.93,17.25,12291.19,11.589,36,1-3y,6.71,north,B
ln_930e4fe62963,2024-03-31,0,131320.73,23.42,14062.37,14.271,60,1-3y,8.36,north,A
ln_28e44ceb976d,2024-03-31,0,102933.71,24.38,22859.0,13.906,60,<1y,8.74,west,B
ln_b80edde91d6a,2024-03-31,0,53621.82,11.68,22758.89,10.502,36,1-3y,12.29,north,B
ln_58efa01a722b,2024-03-31,1,95144.5,29.33,12440.79,17.782,60,1-3y,5.84,west,B
ln_767603a368f6,2024-03-31,1,89434.96,35.75,13970.01,18.247,60,<1y,4.44,east,B
ln_88b046eaa138,2024-03-31,0,53571.03,35.19,9280.33,16.084,36,3-5y,10.7,east,A
ln_b2f0985c12ec,2024-03-31,1,119764.11,21.54,10693.9,12.148,36,10y+,18.09,north,B
ln_7aee4c26b429,2024-03-31,0,171197.23,22.59,15988.18,16.149,60,3-5y,20.12,north,B
ln_fd3526c576fa,2024-03-31,0,100534.05,21.26,17252.41,11.354,60,10y+,18.64,south,A
ln_a52a36b5815d,2024-03-31,0,31422.27,24.71,17006.67,13.451,36,10y+,13.48,north,A
ln_6d0a3f590461,2024-03-31,0,58423.49,23.08,4856.94,12.021,36,<1y,15.8,west,B
ln_9fd9dbf7d9b7,2024-03-31,0,80824.98,34.97,32626.45,16.423,36,10y+,12.87,west,B
ln_a6533e5463ce,2024-03-31,1,63325.79,25.21,30701.59,14.538,60,1-3y,7.67,north,A
ln_fcf0da447ec7,2024-03-31,0,31767.3,27.87,26835.29,11.342,36,1-3y,5.88,south,A
ln_36541bf37009,2024-03-31,0,45253.13,31.14,11621.15,16.676,60,3-5y,15.19,west,A
ln_b15e3916f9cc,2024-03-31,0,40315.72,12.65,16160.79,11.444,36,5-10y,10.55,north,B
ln_88f6623117a8,2024-03-31,0,43718.27,36.24,3011.8,15.948,36,<1y,9.08,west,A
ln_eb90b6134282,2024-03-31,0,50720.67,18.8,20645.31,10.472,36,3-5y,19.22,north,B
ln_212c00542eee,2024-03-31,0,62450.6,21.31,17549.5,11.885,60,5-10y,15.23,south,B
ln_a713fd7401a0,2024-03-31,0,41872.29,22.37,28087.25,15.789,36,1-3y,10.75,east,A
ln_c5bbaca72973,2024-03-31,0,69959.46,9.98,13879.82,6.803,60,3-5y,14.0,west,A
ln_7db9a629176f,2024-03-31,0,76146.47,15.65,22444.11,6.053,36,3-5y,12.64,south,B
ln_fb69e5c53c62,2024-03-31,1,53047.15,19.49,20255.21,11.504,60,1-3y,14.67,north,A
ln_a148fbea9fab,2024-03-31,0,45448.27,19.54,7349.48,12.129,36,<1y,12.02,west,B
ln_92760d10d436,2024-03-31,0,43424.11,27.04,12755.27,13.788,36,10y+,14.41,south,A
ln_22fdb4a86e20,2024-03-31,0,48784.64,33.67,7476.28,13.608,36,1-3y,6.38,east,B
ln_eb39471d9f4d,2024-03-31,0,59898.84,12.2,11578.93,11.611,36,5-10y,19.7,east,B
ln_de9d2ae4c8b3,2024-03-31,0,80070.66,20.86,17551.61,14.76,60,<1y,8.6,west,B
ln_02e58390f584,2024-03-31,0,149359.4,18.84,20405.83,11.089,36,3-5y,15.28,west,A
ln_86a13a6308b2,2024-03-31,0,47764.77,21.13,19480.85,13.436,36,1-3y,5.61,north,A
ln_a593ccb1bc5d,2024-03-31,0,76062.74,30.26,17889.52,13.497,36,1-3y,7.07,west,A
ln_eb40ba4f0ebd,2024-03-31,0,51566.66,17.55,4780.32,12.569,36,3-5y,16.11,west,A
ln_427db3e1cfac,2024-03-31,0,52582.54,17.69,38606.62,11.781,60,3-5y,19.72,south,A
ln_30dfb7257d02,2024-03-31,0,102841.75,23.56,28667.99,9.166,36,3-5y,9.13,south,A
ln_cea9e928f992,2024-03-31,0,183105.29,12.62,7108.99,13.323,36,1-3y,12.87,west,B
ln_ee8f562215ec,2024-03-31,0,47337.08,16.65,14801.98,9.909,36,5-10y,21.42,east,A
ln_4be26b25acdc,2024-03-31,0,178645.56,21.78,33199.85,9.104,36,1-3y,9.91,west,A
ln_0bedd0390ce5,2024-03-31,0,93385.54,4.2,16202.78,4.358,36,1-3y,13.16,south,A
ln_39f7019ff054,2024-03-31,0,39528.43,27.24,30306.82,15.26,36,3-5y,9.68,north,A
ln_438882850064,2024-03-31,0,53896.31,6.64,28713.67,12.031,36,<1y,15.11,north,A
ln_54ccf89959c4,2024-03-31,0,32226.43,16.52,12310.55,11.176,36,1-3y,7.23,north,A
ln_40e86511f2aa,2024-03-31,1,49476.17,22.8,20800.55,12.85,36,10y+,18.25,west,A
ln_de9ef1f12183,2024-03-31,0,38989.91,26.82,16833.65,11.282,60,10y+,17.76,west,A
ln_7d6a60ff8c0e,2024-03-31,0,49379.49,27.51,11430.57,9.587,36,1-3y,17.89,west,A
ln_5e679fe7797c,2024-03-31,0,58670.34,29.98,32155.98,14.255,36,1-3y,15.48,north,A
ln_f3800d054181,2024-03-31,0,49408.8,28.52,6955.87,13.562,60,10y+,18.64,east,A
ln_009a18f073ac,2024-03-31,0,76180.05,21.57,25063.81,14.28,60,3-5y,11.86,west,B
ln_cfa208567809,2024-03-31,0,60946.88,3.78,8618.88,8.509,36,10y+,18.98,north,A
ln_ecb9755aca90,2024-03-31,0,78388.28,23.32,25717.26,13.18,60,1-3y,18.18,north,A
ln_e2c3e556dbc2,2024-03-31,0,88856.35,22.41,78076.27,11.824,36,1-3y,12.06,west,B
ln_ecb1691d51af,2024-03-31,1,34398.6,35.78,19035.58,18.526,36,1-3y,4.59,north,A
ln_bb4028adf966,2024-03-31,0,49641.58,20.66,13312.37,14.673,60,1-3y,8.33,west,B
ln_d4495d05c7d6,2024-03-31,0,80680.92,34.46,2907.53,17.222,36,3-5y,13.38,south,B
ln_db6ba5df0062,2024-03-31,0,32285.75,36.28,11336.73,16.572,36,3-5y,16.65,south,B
ln_debcc43dbf49,2024-03-31,0,134286.41,32.95,19615.42,14.847,36,1-3y,14.89,east,A
ln_53825bf98125,2024-03-31,0,58803.26,3.46,15106.31,7.236,36,1-3y,12.06,west,A
ln_95f583e308b5,2024-03-31,1,56105.15,27.63,23110.51,11.573,36,3-5y,12.38,south,B
ln_2edc05937a3c,2024-03-31,0,108585.26,18.94,12938.17,10.543,36,3-5y,9.56,east,B
ln_c619fa9780c0,2024-03-31,0,52921.08,31.64,6869.27,13.608,60,3-5y,20.55,north,B
ln_2555eecf0c97,2024-03-31,0,85437.05,32.84,8034.58,17.976,60,3-5y,15.06,east,B
ln_800866c59344,2024-03-31,0,58347.97,15.26,6522.57,7.033,36,1-3y,12.51,east,B
ln_8f864698b181,2024-03-31,0,23346.29,20.53,12233.11,10.173,60,10y+,15.87,north,A
ln_2e1a4bcbf95a,2024-03-31,0,83063.2,30.81,34543.89,14.252,60,3-5y,20.42,north,A
ln_bebc54b98f4e,2024-03-31,1,88057.91,33.11,37172.04,17.637,60,1-3y,7.89,west,A
ln_517e2f4dcf88,2024-03-31,1,49267.5,31.23,36700.91,16.82,60,<1y,4.59,east,B
ln_6582535f492d,2024-03-31,0,36669.74,27.7,19701.94,15.885,36,1-3y,10.25,east,A
ln_bf8c2928c911,2024-03-31,0,55257.61,34.7,28202.95,16.272,60,<1y,9.36,north,A
ln_7047661abbfc,2024-03-31,0,86563.88,17.02,16594.49,8.407,36,3-5y,7.76,south,B
ln_2c6ae78d56d6,2024-03-31,0,82008.19,24.77,17720.9,12.624,36,10y+,24.12,south,B
ln_02a78aedce74,2024-03-31,0,72389.22,15.44,11534.12,8.857,36,10y+,11.35,east,A
ln_afeb8038a329,2024-03-31,0,22643.98,34.57,10094.93,12.621,36,10y+,33.0,north,A
ln_0001ccfa839e,2024-03-31,0,169202.25,13.72,17495.76,10.699,60,3-5y,15.22,south,A
ln_02561732a3d4,2024-03-31,0,49195.94,21.52,32704.95,10.587,36,5-10y,12.65,south,B
ln_1ebc40d72ae4,2024-03-31,0,73252.46,24.63,7726.41,13.145,36,1-3y,14.76,south,B
ln_6b8d729d0121,2024-03-31,0,77456.59,18.46,19984.98,10.717,36,10y+,14.27,west,A
ln_e4536e86f5ae,2024-03-31,0,69526.4,30.32,13804.49,17.498,36,<1y,15.2,east,A
ln_83044d84a1c2,2024-03-31,0,22352.4,15.94,20737.28,12.285,60,3-5y,15.35,north,B
ln_8a382e832935,2024-03-31,0,44876.84,19.6,17933.27,12.095,36,3-5y,13.86,north,B
ln_bceac1bb4589,2024-03-31,0,110915.71,26.86,12807.28,14.219,36,3-5y,7.89,west,B
ln_0b80e73f219d,2024-03-31,0,47839.85,20.11,11629.44,11.634,60,5-10y,14.19,west,B
ln_56d17f34d15b,2024-03-31,0,119428.42,29.49,3560.3,15.346,60,1-3y,15.6,north,B
ln_9912643e0424,2024-03-31,0,45197.19,26.49,27878.91,12.55,36,3-5y,14.32,west,A
ln_e7b22675545b,2024-03-31,0,78938.59,36.43,10047.29,17.163,36,1-3y,19.09,east,B
ln_d640b4cd0e68,2024-03-31,0,19957.71,24.0,21647.14,12.842,60,10y+,18.31,south,A
ln_f8c41e8fd01b,2024-03-31,0,113978.16,8.27,11278.76,7.506,36,<1y,6.91,south,A
ln_b1293f4ec4db,2024-03-31,0,118249.82,22.0,18614.56,13.177,36,1-3y,8.44,south,B
ln_46ce6ffef7f6,2024-03-31,0,41561.9,13.27,18509.1,8.551,36,1-3y,10.11,south,A
ln_24f5aa3af0f4,2024-03-31,0,31427.99,5.54,16735.36,7.433,60,5-10y,15.63,east,A
ln_7c9e80919976,2024-03-31,0,67585.17,14.69,14878.99,10.965,36,1-3y,14.66,north,A
ln_17bbfb06d8fc,2024-03-31,0,55509.44,25.27,14782.72,15.684,36,1-3y,7.54,east,A
ln_5a7fdc3c179a,2024-03-31,1,50102.44,29.49,11360.56,14.101,36,3-5y,9.09,west,A
ln_ad695f2f704b,2024-03-31,0,130451.08,21.87,8453.49,13.601,60,1-3y,10.46,west,A
ln_de5399b16872,2024-03-31,0,74144.17,19.08,10322.01,11.027,36,10y+,21.28,west,A
ln_467fa3579f4f,2024-03-31,0,75968.58,24.61,3179.77,14.499,36,3-5y,6.67,east,A
ln_6819eb682f58,2024-03-31,0,99698.6,17.68,12896.48,7.079,36,10y+,17.47,south,A
ln_81ddf4c1358a,2024-03-31,0,74936.71,7.84,21320.45,9.865,36,10y+,9.63,east,A
ln_2bf66e5d6954,2024-03-31,0,70499.71,30.08,15752.97,14.18,36,1-3y,11.27,south,B
ln_f2195a98fc6d,2024-03-31,0,52349.59,11.33,33530.85,11.388,60,10y+,9.03,east,A
ln_79f1d11cb8f0,2024-03-31,0,38097.85,23.14,15137.27,9.794,36,5-10y,24.16,north,A
ln_3b9ff015c8ec,2024-03-31,0,58949.73,36.81,4920.86,15.858,36,1-3y,9.61,south,A
ln_e62a4772909d,2024-03-31,0,60174.42,37.62,14628.2,17.464,36,3-5y,10.88,west,B
ln_cccd267b5c73,2024-03-31,0,42492.87,20.22,21042.26,11.969,60,3-5y,10.33,south,B
ln_232996a76a39,2024-03-31,1,95216.72,36.44,21919.91,17.1,60,5-10y,13.99,south,B
ln_4d76ba5da6ec,2024-03-31,0,24549.73,14.32,21581.53,10.879,36,1-3y,6.78,east,B
ln_ba1417c09325,2024-03-31,0,86463.97,9.14,5144.26,11.228,36,1-3y,8.41,north,A
ln_b92e89d78fc6,2024-03-31,0,63899.96,22.47,27133.95,9.031,36,1-3y,8.56,east,A
ln_669f8277cd89,2024-03-31,0,62503.0,18.91,22732.13,11.061,36,10y+,17.65,north,B
ln_a048ecd3c8ad,2024-03-31,0,92616.57,12.68,8634.3,10.971,36,1-3y,8.65,west,A
ln_4d2a64b4e3e6,2024-03-31,0,45136.99,9.23,26849.82,11.358,36,3-5y,8.53,east,A
ln_a9f839c5d1a4,2024-03-31,0,80592.13,10.31,120000.0,9.918,36,10y+,12.47,south,B
ln_dac4496ded77,2024-03-31,0,132352.86,22.96,9648.59,13.806,60,<1y,9.7,south,A
ln_30e8ea37a84a,2024-03-31,0,69669.33,15.87,10841.98,12.05,36,1-3y,6.55,east,A
ln_ccb8c6405f9e,2024-03-31,0,42773.86,22.13,12306.22,14.889,36,<1y,8.58,east,B
ln_908d4dd47de5,2024-03-31,0,78387.29,25.65,10735.83,13.109,36,3-5y,9.99,west,B
ln_f2550bb444b1,2024-03-31,0,74397.44,11.94,9721.16,11.473,60,1-3y,9.54,west,B
ln_88cdbbdfa802,2024-03-31,0,49590.7,23.9,6868.5,12.515,36,3-5y,10.67,west,A
ln_0091ccab0ac8,2024-03-31,1,68685.77,29.19,12763.48,13.587,36,10y+,13.81,north,A
ln_7aef4ea12917,2024-03-31,1,78154.23,24.7,30964.78,12.803,36,5-10y,13.84,east,A
ln_43fa278c7bc5,2024-03-31,0,31370.97,28.54,34823.14,13.176,36,10y+,14.39,east,B
ln_936d2508f134,2024-03-31,0,44160.04,25.07,10325.25,11.41,36,10y+,13.68,west,A
ln_fa11bcf0941c,2024-03-31,0,77088.62,26.71,17214.41,15.567,60,10y+,13.28,east,A
ln_e4c19134fa12,2024-03-31,0,54626.6,14.84,5439.45,11.979,36,5-10y,14.66,south,A
ln_bfe9b2044b90,2024-03-31,0,21216.04,19.28,13220.29,12.361,60,3-5y,11.06,west,A
ln_f8bc805c6822,2024-03-31,0,118924.02,37.37,7633.06,19.185,36,<1y,16.85,north,A
ln_6564c9e48e2d,2024-03-31,1,52722.91,32.54,23942.32,14.856,36,3-5y,14.26,east,B
ln_7e6be156af9b,2024-03-31,0,24548.75,11.96,8732.95,7.52,36,5-10y,14.95,south,A
ln_825245993d5c,2024-03-31,0,75275.07,10.4,9156.8,9.594,60,3-5y,15.27,east,B
ln_3dadfe610ffa,2024-03-31,0,46405.12,10.78,9076.94,8.789,36,5-10y,17.52,north,A
ln_3312b8de9b79,2024-03-31,0,88655.26,21.13,11148.6,12.415,36,1-3y,22.03,south,A
ln_c7cdcbb9430e,2024-03-31,1,48782.57,21.34,15514.35,11.389,60,5-10y,14.61,east,A
ln_70f1c4b5e7ad,2024-03-31,0,66774.5,24.72,24514.63,15.971,60,10y+,15.65,north,B
ln_60d1657e70ab,2024-03-31,0,119046.34,15.72,8570.51,12.158,36,1-3y,9.71,east,B
ln_3f2824cfeec6,2024-03-31,0,82111.67,8.73,11901.62,7.593,36,1-3y,8.81,north,A
ln_e9d8ae43afce,2024-03-31,0,66801.56,10.67,12395.4,8.721,36,10y+,14.23,west,A
ln_cf4eb88d642d,2024-03-31,0,46394.82,27.28,9278.36,14.54,36,1-3y,11.87,east,A
ln_6c716405c4d8,2024-03-31,0,30747.58,28.16,18053.56,14.553,36,1-3y,6.63,west,A
ln_22cc8c005e17,2024-03-31,1,69676.18,24.82,5918.94,16.374,36,3-5y,11.88,west,A
ln_fddb090fb9b5,2024-03-31,0,128847.38,9.67,26487.1,10.129,36,3-5y,13.29,east,A
ln_24ed40763eb1,2024-03-31,0,116859.55,26.32,6925.12,11.231,36,<1y,16.02,north,A
ln_63d671ec8a3c,2024-03-31,0,54644.99,22.89,7280.52,14.771,36,<1y,10.09,east,A
ln_44e452195c09,2024-03-31,0,72945.01,25.68,11218.17,13.592,60,1-3y,11.28,south,B
ln_f17eeec697d1,2024-03-31,1,49362.45,27.16,19524.39,16.62,36,10y+,10.55,north,A
ln_64c14a3c435d,2024-03-31,0,46957.67,21.28,26210.8,7.02,36,10y+,9.74,east,A
ln_46785b9a8b03,2024-03-31,0,36013.49,23.96,13688.09,13.516,36,3-5y,6.3,west,A
ln_b96dc1d690ca,2024-03-31,0,123767.56,14.13,15256.18,8.641,60,3-5y,8.34,west,A
ln_0259ba713405,2024-03-31,0,117980.79,17.84,11887.51,11.32,36,3-5y,12.4,north,B
ln_0bd759a7b98b,2024-03-31,0,55739.15,14.94,8092.94,10.977,60,1-3y,15.27,north,A
ln_ec49355e0215,2024-03-31,1,113336.82,26.49,37196.93,16.0,60,5-10y,14.23,south,B
ln_f924a49fa0d3,2024-03-31,0,43525.62,16.41,26197.3,9.019,60,10y+,11.35,north,B
ln_0ef375aacaed,2024-03-31,0,78332.44,21.06,6116.53,10.014,60,<1y,14.65,east,A
ln_503b615fb593,2024-03-31,0,94152.44,27.26,18436.33,10.954,36,5-10y,24.05,south,B
ln_5151631f656e,2024-03-31,0,106543.99,9.6,21789.92,7.223,36,1-3y,15.74,east,B
ln_aaaabab81d14,2024-03-31,0,20458.77,14.4,58248.02,9.981,60,<1y,8.67,north,A
ln_b4abd2fede3c,2024-03-31,0,68586.84,28.11,15701.18,16.518,36,5-10y,10.43,north,B
ln_69bc4769945d,2024-03-31,0,84815.1,29.96,19718.52,14.043,60,3-5y,11.56,east,A
ln_bab2bfdd69d5,2024-03-31,0,71535.88,30.58,21740.46,18.434,60,1-3y,10.61,south,A
ln_8602a0df3d5a,2024-03-31,1,72564.6,26.71,20017.39,12.445,36,1-3y,11.27,east,A
ln_fcefab7f7b58,2024-03-31,0,46724.57,14.5,3784.8,11.047,60,1-3y,13.0,south,A
ln_8a15b9dc6cc4,2024-03-31,0,53950.66,31.52,15678.51,16.339,36,5-10y,11.33,east,A
ln_3ac1ab8c4233,2024-03-31,1,79254.55,13.37,15068.12,7.671,36,1-3y,23.46,north,A
ln_f5230ea428b2,2024-03-31,0,27282.06,23.96,20956.42,11.017,36,1-3y,11.03,south,B
ln_e788f50f965a,2024-03-31,0,50113.09,20.66,12572.68,12.435,60,10y+,16.71,south,A
ln_814cc0b665f2,2024-03-31,0,46454.9,7.13,49464.99,6.049,36,3-5y,16.04,west,A
ln_834daa4b94df,2024-03-31,0,37855.53,19.84,17194.72,12.35,36,5-10y,15.51,west,A
ln_ecc96a6095a5,2024-03-31,0,54163.51,20.07,9596.39,8.399,36,10y+,14.1,west,B
ln_b33526d94cc8,2024-03-31,0,90781.83,19.43,36715.26,13.221,36,5-10y,12.28,north,A
ln_5f77420d0966,2024-03-31,0,62111.66,25.38,23188.01,11.919,60,3-5y,29.35,south,A
ln_fd079f7ab5e3,2024-03-31,0,59681.13,4.76,9282.17,9.485,60,5-10y,11.85,west,A
ln_9e568b34d3c0,2024-03-31,0,38811.16,22.78,5100.28,12.721,60,10y+,9.46,west,A
ln_111e9b66ac11,2024-03-31,0,113732.72,17.77,36548.45,11.353,36,5-10y,13.4,north,B
ln_2037f103e0ea,2024-03-31,0,23374.93,18.01,12061.65,14.681,36,5-10y,8.78,south,A
ln_b9c8d7aed312,2024-03-31,0,69889.69,26.6,17131.08,14.748,36,3-5y,13.87,east,A
ln_76d25b9a1af5,2024-03-31,0,57974.63,4.89,19435.79,5.751,60,5-10y,13.71,west,B
ln_118f594d605d,2024-03-31,0,48279.32,35.17,19181.02,16.519,36,1-3y,17.83,east,A
ln_dcf750012a54,2024-03-31,0,38421.52,10.36,10120.84,9.5,36,10y+,11.72,east,B
ln_0ea06ed5c422,2024-03-31,0,65364.02,20.62,25574.2,12.167,36,3-5y,19.26,east,A
ln_423901148821,2024-03-31,0,81429.2,22.01,10799.5,11.683,36,3-5y,12.3,south,A
ln_442edbae6e08,2024-03-31,1,52354.3,22.19,24091.02,14.375,36,1-3y,7.79,west,A
ln_8968e7f017fd,2024-03-31,0,27877.38,0.61,9318.88,7.203,36,1-3y,11.54,east,B
ln_082f55039cf5,2024-03-31,0,80478.55,28.71,12008.77,15.508,36,5-10y,24.85,south,B
ln_fd0de837af09,2024-03-31,0,36117.14,7.58,16793.93,9.099,36,10y+,11.36,east,A
ln_e43735caa656,2024-03-31,0,65162.1,22.38,9478.84,17.17,60,10y+,17.54,south,B
ln_87b53307e520,2024-03-31,0,55531.92,18.97,5839.24,10.582,36,1-3y,20.22,east,B
ln_4e996cb2df3f,2024-03-31,0,79153.58,22.69,12817.43,14.133,60,1-3y,11.41,south,A
ln_3915d60f1339,2024-03-31,1,68421.8,30.73,9064.54,14.699,36,5-10y,17.11,north,B
ln_0e976616f296,2024-03-31,0,69537.01,16.36,10619.36,8.165,36,10y+,15.47,north,A
ln_32b93291ec25,2024-03-31,0,116557.21,23.03,10128.01,9.501,36,10y+,12.23,west,A
ln_7d5f496b5a88,2024-03-31,0,67339.14,29.51,8973.43,12.011,60,5-10y,10.5,north,B
ln_9b8cd5e6ab49,2024-03-31,0,145010.41,24.85,17486.01,8.572,36,<1y,21.64,north,A
ln_247cc1401612,2024-03-31,1,39938.42,12.67,14897.17,12.878,36,3-5y,7.56,south,B
ln_ec7fea1b4dad,2024-03-31,0,38587.84,24.13,10620.49,13.758,36,10y+,10.27,west,A
ln_a434a10cb427,2024-03-31,0,86125.23,17.27,14929.29,12.051,36,1-3y,14.91,north,A
ln_ed9d3ec1bca6,2024-03-31,0,97455.95,14.91,21489.99,11.696,36,1-3y,10.94,west,A
ln_5ee66647fab2,2024-03-31,0,133281.34,6.53,5837.91,5.353,36,1-3y,11.84,east,B
ln_f7741bc57af3,2024-03-31,0,72791.1,20.58,20283.97,9.939,36,5-10y,17.01,east,A
ln_027882c3b7a4,2024-03-31,1,62646.13,20.98,8549.16,12.585,36,1-3y,13.79,east,A
ln_a29cc2faa802,2024-03-31,0,93278.62,19.25,8509.19,12.767,60,1-3y,12.05,north,A
ln_eac20d1d88b2,2024-03-31,0,59356.87,19.73,14171.34,9.259,36,5-10y,7.99,south,A
ln_5cfaeaf1c8a5,2024-03-31,0,110537.12,30.13,31714.75,13.671,36,<1y,9.86,east,A
ln_b5f833b1c8e4,2024-03-31,0,52087.54,34.22,13754.89,16.234,36,1-3y,13.53,south,A
ln_6ffe9aac2cfd,2024-03-31,0,62237.94,29.23,26882.26,12.567,36,1-3y,7.38,north,A
ln_57aa9b81b077,2024-03-31,0,60449.11,17.88,12688.52,12.477,60,<1y,7.0,south,B
ln_53ab6a2674fb,2024-03-31,0,128541.73,25.45,7872.33,14.234,60,10y+,17.46,north,A
ln_5782a637531b,2024-03-31,0,70070.65,11.81,13927.58,8.887,60,1-3y,12.55,north,A
ln_32d5c15549cd,2024-03-31,1,105943.99,21.46,7719.96,14.688,36,1-3y,11.5,west,A
ln_f586870cedcd,2024-03-31,0,46049.71,41.71,30096.02,16.646,36,10y+,15.44,west,A
ln_3a7088a03671,2024-03-31,0,90255.29,14.2,18738.11,9.586,36,1-3y,8.86,east,B
ln_e090d26797e7,2024-03-31,0,43572.13,17.66,25882.95,6.529,36,3-5y,16.34,east,B
ln_1c097943594d,2024-03-31,0,72378.66,25.15,15774.72,13.841,60,<1y,10.96,south,A
ln_d83dab94f97e,2024-03-31,0,47755.4,30.3,9337.08,12.843,60,5-10y,20.94,west,A
ln_d7aee5e0f3e7,2024-03-31,0,37189.57,19.26,9508.8,8.953,60,1-3y,14.78,south,B
ln_30624f49402c,2024-03-31,0,45137.39,12.82,21600.75,9.503,60,1-3y,9.42,north,A
ln_d139950236d3,2024-03-31,0,75675.09,16.85,39210.1,9.081,36,10y+,23.04,south,A
ln_ea66a8f67216,2024-03-31,0,109573.94,13.89,11739.09,6.711,60,5-10y,18.72,east,A
ln_514fef21508f,2024-03-31,0,62719.62,13.39,17855.17,10.254,60,10y+,16.67,south,A
ln_1a33b74f64e9,2024-03-31,0,81681.62,30.26,27483.6,16.28,36,<1y,6.97,west,A
ln_fef2cf631012,2024-03-31,0,44663.32,37.1,31488.48,20.478,36,1-3y,14.39,north,B
ln_8f52ce65adf5,2024-03-31,0,59753.89,11.36,14021.75,9.439,60,<1y,14.2,west,B
ln_59f89590426b,2024-03-31,1,37795.42,23.82,21732.29,14.882,60,10y+,17.82,west,A
ln_61d59d94baf8,2024-03-31,0,63911.74,15.37,3772.48,7.968,36,3-5y,18.65,east,B
ln_b0e3a90232a4,2024-03-31,0,56905.69,25.79,15192.26,13.686,36,<1y,10.51,north,B
ln_4f9c5c728747,2024-03-31,0,29845.35,26.55,4522.34,10.856,60,10y+,23.66,east,A
ln_6edd61691783,2024-03-31,0,21486.38,13.52,19586.8,8.855,36,10y+,11.81,south,B
ln_e36472a402c5,2024-03-31,0,42956.13,28.03,10740.19,12.26,36,1-3y,15.17,north,A
ln_66f72395bc1b,2024-03-31,0,77597.39,17.55,16912.5,11.902,36,5-10y,11.44,west,A
ln_ae49f734f4a8,2024-03-31,0,47554.32,35.84,28735.59,15.655,36,1-3y,13.15,north,A
ln_7215c04ec953,2024-03-31,0,74505.0,16.39,16374.38,12.13,36,1-3y,19.38,west,B
ln_14f608eedde0,2024-03-31,0,77638.58,21.6,5537.62,12.141,60,3-5y,13.33,south,B
ln_c25542ea29a1,2024-03-31,0,83162.24,17.31,40040.41,12.21,60,3-5y,13.04,east,A
ln_bde8365f547a,2024-03-31,0,95008.79,9.66,9707.38,6.312,36,1-3y,18.6,north,B
ln_b177ad4e65f0,2024-03-31,1,46012.25,30.42,18030.58,13.331,36,5-10y,9.12,east,A
ln_c7dd6ad1cb3f,2024-03-31,0,116230.5,14.73,10382.7,11.506,36,1-3y,9.54,east,A
ln_87af6d54a24a,2024-03-31,0,102577.47,10.26,7793.46,7.133,36,1-3y,10.6,west,A
ln_79a8e26e0633,2024-03-31,0,55420.27,14.05,11009.31,9.841,36,<1y,5.8,south,A
ln_67242b55a032,2024-03-31,0,99244.54,28.3,9068.23,15.298,36,10y+,22.59,west,A
ln_d680ba6cfef1,2024-03-31,0,34786.01,31.34,24699.14,12.768,36,10y+,15.23,south,A
ln_d9b1db2e5038,2024-03-31,0,92895.22,26.92,10876.99,15.969,60,3-5y,8.76,west,B
ln_8a955b18eeba,2024-03-31,1,90767.74,20.0,7346.77,11.818,60,5-10y,10.97,west,A
ln_4f62f3af6435,2024-03-31,0,55742.2,13.68,27048.61,9.657,36,5-10y,15.16,north,B
ln_894b477ac3a6,2024-03-31,0,75085.14,10.68,26639.28,9.844,60,1-3y,9.52,east,B
ln_d1233a828132,2024-03-31,0,63011.94,21.33,7811.8,12.362,60,<1y,15.24,east,A
ln_efe74c2ef1bc,2024-03-31,0,51573.55,34.41,13326.76,17.71,60,10y+,20.8,east,A
ln_4dad02c6e0fa,2024-03-31,0,81591.2,33.87,12542.92,12.812,36,10y+,10.72,south,A
ln_e69b44b82deb,2024-03-31,0,98257.78,22.47,4857.32,11.85,36,10y+,18.42,east,A
ln_56b9761d369a,2024-03-31,0,68068.34,21.96,14140.17,14.632,36,1-3y,7.85,south,A
ln_f359f408a500,2024-03-31,0,77030.31,33.41,13070.74,16.597,36,3-5y,16.2,east,B
ln_39def25d049b,2024-03-31,0,29526.11,21.59,11947.37,11.291,36,3-5y,13.24,west,A
ln_d2f0799fbc7b,2024-03-31,0,89668.88,22.62,6924.31,14.104,60,<1y,12.54,north,A
ln_f1a0b8b7f9f3,2024-03-31,0,71312.37,22.75,23478.53,11.978,36,1-3y,10.23,west,A
ln_dc0bc83728a2,2024-03-31,0,53499.36,26.92,2695.29,16.202,60,10y+,12.56,east,B
ln_892ce5758ac2,2024-03-31,0,17987.72,22.72,44686.7,11.95,36,10y+,18.36,west,A
ln_c50b7f58e6f3,2024-03-31,0,79520.62,19.62,9115.5,10.783,60,5-10y,19.67,north,A
ln_cf9cf4ce19f0,2024-03-31,1,45576.89,20.67,12093.46,10.857,36,1-3y,12.95,east,B
ln_58645c0bdc85,2024-03-31,0,77327.26,22.71,10060.07,13.638,36,3-5y,13.77,west,B
ln_ce25abc7fd7c,2024-03-31,0,101087.35,25.1,44514.73,16.516,60,3-5y,7.09,south,A
ln_284f8fa1b6f8,2024-03-31,0,40741.4,22.24,16530.79,10.139,36,10y+,20.46,east,B
ln_810b7c6397e1,2024-03-31,0,51736.93,2.93,13379.37,8.911,36,10y+,11.73,south,A
ln_5c0234171343,2024-03-31,0,75714.06,17.83,5093.24,14.811,36,3-5y,12.03,north,A
ln_d5b92a0ef28e,2024-03-31,0,56904.59,12.14,23687.34,5.854,36,10y+,16.4,west,B
ln_5701986ef6ce,2024-03-31,0,45721.18,28.08,19844.47,13.053,36,3-5y,12.61,south,B
ln_f6692c382a2c,2024-03-31,0,77273.11,26.1,30694.17,11.559,36,3-5y,11.58,east,A
ln_3c7aaca7306e,2024-03-31,0,80296.51,11.07,13210.42,8.555,60,1-3y,15.71,east,A
ln_985d0526b0a7,2024-03-31,0,42235.55,24.58,7367.18,10.155,36,5-10y,18.58,north,B
ln_267ce45d313a,2024-03-31,0,75122.65,17.43,34982.95,9.875,36,3-5y,14.7,east,B
ln_9bed5669e003,2024-03-31,0,46294.55,17.08,20898.12,9.497,36,1-3y,10.87,south,A
ln_230a6a6ff71f,2024-03-31,1,100711.71,23.4,28301.79,9.294,36,1-3y,14.36,east,A
ln_e8e12d4a8576,2024-03-31,0,78277.46,39.05,10531.52,15.114,36,3-5y,18.5,east,B
ln_9ec0fde52d54,2024-03-31,0,36573.56,26.66,7809.37,16.298,60,1-3y,14.62,north,B
ln_839cca8dd2a1,2024-03-31,0,123231.49,13.15,4346.77,5.468,36,1-3y,12.21,east,A
ln_145fc1fd2143,2024-03-31,0,57245.0,15.61,13096.42,9.452,36,5-10y,12.67,west,A
ln_7bc67de915b0,2024-03-31,0,86717.4,21.56,40926.49,11.596,36,3-5y,10.03,east,A
ln_58e30ad23c4a,2024-03-31,0,28971.64,26.73,6879.82,14.136,36,3-5y,12.12,north,A
ln_69445103dc2a,2024-03-31,0,58179.95,20.64,8961.91,11.727,60,10y+,13.97,east,A
ln_28f4111c3f55,2024-03-31,1,53734.6,26.5,7576.75,10.598,36,1-3y,8.98,east,A
ln_d9a9f67e1939,2024-03-31,1,58844.63,27.61,16937.33,16.406,36,<1y,4.25,south,A
ln_0e86fe606467,2024-03-31,0,74695.94,27.44,23033.21,13.121,36,1-3y,11.89,west,A
ln_749ef55bf4c3,2024-03-31,0,149610.79,33.41,28021.09,17.402,36,1-3y,9.76,east,A
ln_d45390645c0c,2024-03-31,0,56332.29,22.69,6588.97,12.304,60,1-3y,11.69,west,A
ln_19b9faaa1c66,2024-03-31,0,45283.88,19.97,17373.99,16.017,36,10y+,15.53,east,B
ln_d6fda94698e7,2024-03-31,0,40295.51,22.06,12288.06,10.314,36,5-10y,11.72,south,A
ln_9fa3a2375571,2024-03-31,0,125767.51,29.33,21551.49,15.45,36,1-3y,14.61,west,B
ln_e72ae1c16762,2024-03-31,1,124150.03,35.99,25805.1,17.989,60,3-5y,16.77,north,B
ln_47942c4a9373,2024-03-31,0,22610.47,12.79,6030.01,8.802,36,5-10y,9.31,north,B
ln_fd38964f4a3e,2024-03-31,0,32601.52,15.01,5333.74,10.451,36,10y+,19.73,north,B
ln_52565136d62f,2024-03-31,0,66812.27,18.51,24489.01,10.007,36,10y+,22.41,south,A
ln_028edd382c24,2024-03-31,0,52886.36,19.56,38234.6,10.309,36,3-5y,9.08,south,B
ln_c19fd905a2e9,2024-03-31,0,164065.96,14.49,10419.09,12.263,60,10y+,13.67,south,B
ln_2c6eed359076,2024-03-31,0,95496.6,13.76,11962.12,8.413,36,1-3y,13.94,east,B
ln_89d9940507c1,2024-03-31,0,237836.03,20.5,17740.52,12.712,36,3-5y,21.67,west,A
ln_0cc46e6d8d6b,2024-03-31,0,81822.01,21.52,20747.55,13.311,36,<1y,9.9,west,A
ln_7293814c5a77,2024-03-31,0,74615.51,18.23,8726.43,12.493,36,5-10y,10.83,west,B
ln_050e447409d5,2024-03-31,0,32116.7,15.75,8441.31,9.017,36,10y+,29.24,north,A
ln_ad81e8617e7e,2024-03-31,0,37535.81,13.41,5617.65,11.208,36,5-10y,24.8,south,A
ln_59af0e0b72ac,2024-03-31,0,24893.06,31.08,17136.87,15.623,36,<1y,7.43,north,A
ln_f966f783ec7f,2024-03-31,0,58952.69,38.75,13768.32,17.363,60,3-5y,13.29,north,A
ln_8a714313e99c,2024-03-31,0,67031.57,25.31,13620.42,12.141,36,5-10y,16.84,south,A
ln_eb7421dd3dce,2024-03-31,0,52903.36,42.25,17037.5,20.448,36,1-3y,13.76,north,A
ln_b4140692c749,2024-03-31,1,61121.63,25.57,5629.07,15.074,36,<1y,9.11,east,A
ln_70fcb09cb28f,2024-03-31,0,54229.87,25.29,8105.12,14.796,36,1-3y,7.59,north,B
ln_a0a864504644,2024-03-31,0,70098.85,15.91,11164.89,8.713,36,<1y,9.19,south,A
ln_513ccfc42c1a,2024-03-31,0,75077.41,24.47,19099.51,13.077,36,<1y,3.96,west,A
ln_c5ea20faa31c,2024-03-31,0,74522.22,18.13,38378.27,10.635,36,10y+,8.68,east,A
ln_babe0052189a,2024-03-31,0,64575.12,7.31,4925.75,8.355,60,5-10y,18.76,east,B
ln_17fa3ce0d2d2,2024-03-31,0,41312.03,21.68,9201.68,9.931,60,10y+,17.08,north,A
ln_7729af0d5526,2024-03-31,0,27504.77,18.48,6077.18,10.508,36,3-5y,16.24,north,B
ln_050ec816794c,2024-03-31,0,107144.86,12.4,9013.12,10.889,60,1-3y,5.53,east,A
ln_65cc84213453,2024-03-31,0,152571.18,24.67,15208.66,11.87,60,10y+,16.69,south,A
ln_48c6c19deb5c,2024-03-31,0,55093.65,12.5,5349.5,10.545,36,10y+,16.92,south,A
ln_ca2c03dc45f0,2024-03-31,0,53718.75,23.82,17650.16,14.145,60,10y+,15.03,north,A
ln_9057c9b9e150,2024-03-31,0,109884.67,14.56,6982.61,9.307,60,<1y,4.91,north,B
ln_2caccb8a2709,2024-03-31,0,109444.28,8.64,8076.54,11.11,36,5-10y,12.9,west,A
ln_1ccbb1b4e2c8,2024-03-31,0,36839.46,16.75,12004.12,11.343,60,1-3y,12.12,south,A
ln_f20bb39b52d6,2024-03-31,0,70767.06,15.56,28121.48,10.544,36,10y+,12.97,east,A
ln_8c0869430e02,2024-03-31,0,81686.44,12.43,5934.63,7.837,36,5-10y,20.61,south,A
ln_1416a1e05f59,2024-03-31,0,53736.32,13.33,2933.92,6.821,60,<1y,12.09,west,A
ln_d5042b58e8bc,2024-03-31,1,44415.42,25.9,31661.91,9.578,36,1-3y,7.89,south,B
ln_cfb1506c3652,2024-03-31,0,48961.58,29.8,10813.84,13.381,36,3-5y,15.47,south,A
ln_e7acb7971247,2024-03-31,0,89789.77,15.83,6960.02,8.89,36,5-10y,16.54,south,B
ln_b3b4edb573dc,2024-03-31,0,92413.97,25.34,24593.12,13.301,36,1-3y,14.07,west,A
ln_70721bfa0122,2024-03-31,0,100876.97,40.24,59374.16,15.085,60,10y+,22.19,north,A
ln_9e02a83445e4,2024-03-31,0,32088.82,28.02,9697.31,15.494,36,5-10y,6.42,south,A
ln_ff9f358eb2a9,2024-03-31,0,42250.86,27.99,5583.76,13.064,36,1-3y,8.93,east,A
ln_91466f959e5b,2024-03-31,0,99114.17,24.26,14623.23,10.537,36,3-5y,5.13,south,A
ln_2550ac785393,2024-03-31,0,66149.55,19.02,20611.81,10.075,36,10y+,23.04,east,A
ln_ae9632024b87,2024-03-31,0,93476.52,31.39,17941.4,13.791,36,<1y,7.98,west,A
ln_e0967869f521,2024-03-31,1,21976.35,35.9,26317.5,17.897,60,5-10y,13.08,west,A
ln_b9eee25d919b,2024-03-31,1,22119.54,26.84,13693.48,11.969,36,3-5y,10.99,south,B
ln_8cbda3b8435e,2024-03-31,0,40156.86,20.1,11579.55,13.514,36,1-3y,8.79,south,B
ln_a47f6e0cd565,2024-03-31,0,59056.79,10.35,10501.53,10.169,36,3-5y,10.17,east,A
ln_827639ca4716,2024-03-31,0,58879.24,23.75,5645.82,12.626,60,3-5y,8.25,west,B
ln_18721a2467a3,2024-03-31,0,42110.19,32.53,15633.12,18.312,36,5-10y,15.6,west,A
ln_0a6de323ce8e,2024-03-31,0,90954.09,33.8,19639.47,16.237,36,1-3y,7.24,east,B
ln_9fa086b2aa66,2024-03-31,1,48656.32,31.41,21754.36,12.669,36,1-3y,10.13,west,B
ln_888b625b728d,2024-03-31,0,29841.08,12.88,9644.75,8.003,60,5-10y,18.91,east,A
ln_085da45f87b0,2024-03-31,0,112027.34,15.9,3269.92,8.128,36,3-5y,9.96,west,A
ln_28329fdd3726,2024-03-31,0,31989.47,34.66,4100.4,16.012,36,3-5y,15.76,north,B
ln_7b25c3f77ee2,2024-03-31,0,65182.86,16.74,46345.79,12.326,36,1-3y,11.18,north,B
ln_f57506979f6e,2024-03-31,0,88836.32,19.16,18632.89,9.889,36,1-3y,7.46,west,A
ln_68547472c4f8,2024-03-31,0,74130.18,5.19,11147.9,6.632,60,1-3y,11.97,north,A
ln_0e8ef83d841e,2024-03-31,0,100567.55,7.44,15344.9,6.081,36,3-5y,9.0,west,A
ln_b9704952fa10,2024-03-31,0,51318.28,10.5,24807.47,14.599,60,1-3y,7.1,east,A
ln_f8206fce3654,2024-03-31,0,105805.52,13.51,16516.36,10.784,36,10y+,17.49,south,A
ln_d16e0ee1ee9a,2024-03-31,0,80284.07,14.88,7528.67,8.843,36,10y+,14.73,south,B
ln_08b23e573ab2,2024-03-31,0,62775.92,32.87,44177.35,15.836,60,3-5y,14.32,east,B
ln_3a91dc6a677e,2024-03-31,0,206493.59,10.16,24625.29,6.466,60,10y+,17.86,north,B
ln_e421e35ae321,2024-03-31,0,71148.47,5.24,26933.06,4.097,36,1-3y,12.69,south,A
ln_bee82cfe5549,2024-03-31,0,66352.05,16.03,4378.88,10.133,36,3-5y,9.03,north,A
ln_e79b1709ba5a,2024-03-31,0,51886.39,26.1,13850.93,10.247,60,10y+,30.32,south,A
ln_b926a2814857,2024-03-31,0,138503.7,12.45,17505.68,10.817,36,10y+,12.18,north,A
ln_0828d69ef258,2024-03-31,0,44246.83,36.08,13748.13,14.97,36,<1y,4.14,north,A
ln_070cb4b29797,2024-03-31,0,71992.77,22.96,9485.38,13.43,60,10y+,14.78,east,A
ln_32e47ab89644,2024-03-31,0,188074.02,18.91,20461.15,12.022,36,1-3y,12.99,north,B
ln_80166ca86e6e,2024-03-31,0,85647.72,29.13,33991.86,12.959,36,<1y,18.91,north,A
ln_e7afaa1cc024,2024-03-31,0,35872.15,28.04,6963.45,11.684,36,<1y,10.66,east,A
ln_e1ea00d72d2f,2024-03-31,0,143660.72,7.14,10493.61,7.757,36,1-3y,5.08,south,A
ln_5dc168c13300,2024-03-31,0,46192.08,28.02,11879.43,16.719,60,3-5y,13.71,east,A
ln_7058dd99979d,2024-03-31,0,45195.2,19.14,12506.63,11.34,36,3-5y,17.9,west,B
ln_8e7b9b98831b,2024-03-31,0,110088.08,27.68,10065.06,10.259,36,1-3y,13.29,east,B
ln_ec2382a2867c,2024-03-31,0,120613.6,28.38,5567.87,16.239,36,1-3y,9.45,west,A
ln_f35f2b18c40a,2024-03-31,0,59426.35,31.73,14035.54,14.594,36,10y+,10.67,east,B
ln_d0b3fb4473c8,2024-03-31,1,142655.29,22.32,14463.67,14.43,36,3-5y,7.17,west,A
ln_1e6dfd41cd28,2024-03-31,0,52014.53,28.08,21260.55,14.261,36,1-3y,9.48,west,A
ln_695c7b54c89f,2024-03-31,0,92855.25,17.05,4772.79,7.775,60,5-10y,19.19,north,A
ln_c8cfcb5e0133,2024-03-31,0,58115.32,14.51,8306.16,12.111,36,3-5y,15.55,west,A
ln_b81651e27cb6,2024-03-31,0,155921.01,7.22,7897.9,7.773,36,1-3y,16.2,north,A
ln_1e32dd902e63,2024-03-31,1,67709.86,22.34,14182.24,14.888,36,3-5y,17.22,east,A
ln_f2156b81d544,2024-03-31,0,51813.46,15.92,9187.85,11.879,36,5-10y,10.02,west,A
ln_45eb4f72ac2c,2024-03-31,0,51667.72,22.02,15124.18,15.091,60,3-5y,14.68,north,A
ln_8299f9ed8085,2024-03-31,0,91375.77,6.51,7350.48,11.536,60,3-5y,9.19,north,B
ln_6ecaf13780e4,2024-03-31,0,73443.48,7.59,10367.62,8.524,36,5-10y,18.89,south,A
ln_66e9e5931dc1,2024-03-31,0,39288.4,18.8,12877.69,11.136,60,10y+,20.89,west,A
ln_55c7bd194383,2024-03-31,1,53946.7,20.75,17028.07,10.104,36,5-10y,20.77,east,A
ln_0373866bec5b,2024-03-31,0,59996.27,25.98,10964.72,17.327,60,3-5y,9.28,south,B
ln_e7af1a11cadf,2024-03-31,0,58941.41,23.25,19304.11,13.253,36,10y+,21.73,east,A
ln_e039b502cc26,2024-03-31,0,31070.48,23.38,5800.9,6.212,36,10y+,22.93,west,A
ln_8a41d2056a0c,2024-03-31,0,105698.42,14.5,24293.75,9.009,36,5-10y,20.78,south,B
ln_8b306bf736ad,2024-03-31,0,55233.56,30.01,21453.68,17.463,60,10y+,17.87,west,A
ln_ddcfc1b4f51e,2024-03-31,0,53158.26,26.62,8697.71,14.552,36,10y+,10.83,east,B
ln_eb72ec503dcc,2024-03-31,0,55821.68,27.67,37386.11,12.567,36,3-5y,13.41,north,B
ln_4f428fa24a22,2024-03-31,0,59037.2,25.0,18774.79,12.849,36,10y+,12.42,east,A
ln_3cd6532baf29,2024-03-31,0,87241.33,1.73,13830.81,3.888,36,5-10y,8.99,south,B
ln_9ad0954b2776,2024-03-31,0,58887.52,12.29,15533.92,8.662,36,<1y,9.77,south,A
ln_9582f5e23e78,2024-03-31,0,44376.42,22.5,8922.58,13.136,60,1-3y,6.25,west,A
ln_3dc19014f077,2024-03-31,1,37423.04,31.49,76960.24,13.365,36,3-5y,21.78,west,B
ln_b7dfcc2114c3,2024-03-31,0,60750.82,0.81,3589.39,6.964,36,10y+,9.68,east,A
ln_93dadfda0066,2024-03-31,0,73914.65,18.0,21122.01,13.506,36,1-3y,4.7,west,A
ln_1245565f2957,2024-03-31,0,87732.62,15.45,10789.72,11.373,36,3-5y,15.48,south,A
ln_a05026ea41cb,2024-03-31,0,78884.75,13.27,52662.33,7.879,36,10y+,17.99,west,B
ln_b466acce8e53,2024-03-31,0,135977.29,19.09,17373.0,10.801,60,1-3y,22.07,north,A
ln_f792697553b7,2024-03-31,0,67146.68,27.95,20191.18,14.039,36,10y+,19.37,west,A
ln_000b30ad48fd,2024-03-31,0,68500.15,18.91,28226.9,9.518,36,1-3y,13.25,south,A
ln_a234334e0951,2024-03-31,1,72488.66,30.31,3266.15,14.957,60,<1y,10.39,south,A
ln_bdfebb40f88a,2024-03-31,0,32098.79,7.71,6065.67,9.446,36,10y+,11.74,west,B
ln_cce2be5c524c,2024-03-31,0,125745.18,9.11,21334.98,6.364,36,3-5y,16.33,south,B
ln_2e5eb985860d,2024-03-31,0,37596.51,18.17,19761.02,9.648,36,10y+,17.26,west,A
ln_808f7e7c6a1e,2024-03-31,0,122672.75,41.35,7040.41,15.188,36,1-3y,14.7,east,A
ln_54646c084a82,2024-03-31,0,116900.87,8.01,14575.61,9.436,60,10y+,12.88,east,A
ln_8535c66a5ea2,2024-03-31,0,46740.53,35.03,34228.52,17.053,36,3-5y,18.34,north,A
ln_1202899a8aad,2024-03-31,0,109700.73,4.46,64913.67,7.085,36,5-10y,22.74,east,B
ln_41d714e6b9f4,2024-03-31,0,127422.62,12.67,10179.15,9.893,36,10y+,15.01,east,B
ln_a4f18fcc18e3,2024-03-31,0,214712.66,9.68,18373.15,6.764,36,5-10y,34.63,east,B
ln_451bc872fdaa,2024-03-31,0,49175.46,24.68,8654.11,11.207,36,1-3y,9.24,west,A
ln_b0e4abed8f5b,2024-03-31,0,44399.25,24.7,7032.66,11.414,36,1-3y,12.48,west,B
ln_9611b768ad87,2024-03-31,0,68830.09,35.05,12703.74,12.964,60,1-3y,20.83,south,B
ln_dfde85d88e2f,2024-03-31,0,42991.82,16.23,34311.45,7.968,60,10y+,17.04,south,A
ln_eb693967d7df,2024-03-31,0,116709.73,17.53,7765.66,9.62,36,5-10y,16.69,north,A
ln_98ff217a7651,2024-03-31,0,111003.94,23.37,14295.88,14.732,36,<1y,8.35,east,A
ln_dc8adaf04303,2024-03-31,0,36061.1,22.15,7703.49,11.224,60,1-3y,17.15,south,A
ln_b7a3a37664fe,2024-03-31,0,42868.71,19.28,6534.67,11.19,36,1-3y,10.31,south,A
ln_7c2afa36ee8a,2024-03-31,0,202320.66,6.79,8451.06,8.501,60,5-10y,17.68,north,B
ln_22cea869fa6f,2024-03-31,0,58019.27,26.85,14658.3,13.659,36,<1y,16.38,south,A
ln_3f83cf71ce2e,2024-03-31,0,68819.79,6.68,13743.39,10.3,60,5-10y,22.04,south,B
ln_76dce2be4d60,2024-03-31,0,58169.82,27.17,10816.47,12.737,36,10y+,14.49,west,A
ln_b3d7c22d72b6,2024-03-31,0,42781.29,23.96,5004.58,9.427,36,3-5y,14.36,north,A
ln_56b1182c271b,2024-03-31,0,52874.16,23.74,13576.63,12.66,36,3-5y,10.72,south,A
ln_cf56c585d8d8,2024-03-31,0,40966.1,34.8,13147.16,17.923,36,5-10y,14.46,east,B
ln_0e85a4d23627,2024-03-31,1,26576.56,34.31,23272.94,17.13,60,3-5y,8.47,east,A
ln_19fb4d00f59b,2024-03-31,0,80775.75,17.61,15063.71,9.515,36,<1y,17.28,west,B
ln_7504477dc19a,2024-03-31,0,50810.99,24.91,7750.8,12.783,36,1-3y,7.54,north,A
ln_cb066b2123b7,2024-03-31,0,76110.32,30.19,4777.18,13.458,36,3-5y,7.01,west,B
ln_2f38dca7b15b,2024-03-31,0,41356.33,28.87,13058.39,11.112,60,10y+,18.9,east,B
ln_c26030722fcd,2024-03-31,0,54875.62,11.96,22485.27,10.45,36,10y+,11.65,north,A
ln_8f9665472078,2024-03-31,0,82761.98,7.52,41715.4,5.254,36,5-10y,21.79,east,A
ln_e3e3058cebf9,2024-03-31,0,110034.33,15.94,120000.0,8.277,36,5-10y,12.45,north,B
ln_3be30422a5b8,2024-03-31,1,52639.89,20.71,22612.42,12.504,60,5-10y,27.18,east,B
ln_de55ffe73277,2024-03-31,0,119764.97,25.06,9999.26,13.138,36,3-5y,19.32,north,A
ln_58e01ce6d8fb,2024-03-31,0,50532.21,22.59,17016.04,17.009,60,3-5y,9.46,north,B
ln_b900ec31723b,2024-03-31,0,119135.72,23.18,11711.33,12.946,36,3-5y,13.29,south,A
ln_73412932baec,2024-03-31,0,52789.38,21.37,15626.68,8.111,36,1-3y,10.46,north,A
ln_cea13b6e7ebf,2024-03-31,0,92735.6,28.46,6378.12,12.161,60,1-3y,17.76,south,A
ln_cc4f18e1a0cd,2024-03-31,0,41378.35,25.93,13266.32,14.025,36,3-5y,11.3,west,A
ln_0803836f325d,2024-03-31,0,57770.67,16.54,16130.69,10.767,36,3-5y,17.78,south,A
ln_51c8f1c6beab,2024-03-31,0,91518.1,18.99,15844.97,10.839,36,10y+,13.79,south,B
ln_bcd066806736,2024-03-31,0,69759.39,15.87,16117.31,11.851,60,3-5y,12.56,west,A
ln_cee4c3cfaf26,2024-03-31,1,107438.05,14.93,19083.45,11.157,36,3-5y,10.67,east,B
ln_564ff477e0e8,2024-03-31,0,55913.99,21.58,35377.96,14.556,60,10y+,12.71,south,A
ln_b71207068032,2024-03-31,0,130944.97,16.52,10922.64,10.079,60,3-5y,20.08,west,B
ln_24206ff5569c,2024-03-31,1,49555.42,27.62,32528.75,12.648,60,5-10y,20.62,north,A
ln_a3e589eb8b16,2024-03-31,0,26160.86,0.5,6376.85,9.771,36,3-5y,12.6,south,B
ln_16d43ebd1bf9,2024-03-31,0,94527.93,10.91,25086.73,8.299,60,10y+,9.47,west,A
ln_30411b07b76c,2024-03-31,0,88998.97,7.17,20312.9,6.875,36,1-3y,17.38,south,A
ln_143363851db5,2024-03-31,0,99815.11,0.5,13154.36,5.016,36,10y+,15.11,east,A
ln_fbca1ce80b8f,2024-03-31,0,75401.99,24.18,7402.13,14.411,36,1-3y,12.96,north,A
ln_3ef9e85755ae,2024-03-31,0,154102.22,14.64,9180.32,10.112,36,<1y,8.01,south,B
ln_c91354fd5f1a,2024-03-31,0,53582.16,32.25,16084.43,13.843,60,5-10y,11.86,south,B
ln_b772fc70646c,2024-03-31,0,72754.12,27.01,36787.92,12.685,60,10y+,12.05,east,B
ln_3411e20b3818,2024-03-31,0,41655.65,23.4,13886.97,15.072,36,5-10y,8.19,east,B
ln_e3ff071709e0,2024-03-31,0,71538.91,22.11,23010.23,13.61,36,10y+,15.39,north,A
ln_3da661e8f22d,2024-03-31,0,26084.16,34.23,7330.58,16.087,36,10y+,12.96,south,A
ln_bb33324147c1,2024-03-31,0,117273.94,8.92,8954.31,8.595,36,5-10y,14.65,west,A
ln_379efff7c055,2024-03-31,0,63017.94,24.82,17472.0,13.152,36,1-3y,11.74,west,B
ln_d6fafc580221,2024-03-31,0,21338.34,20.54,6967.04,10.159,60,5-10y,12.3,west,B
ln_1150dad7c0ab,2024-03-31,0,27103.79,32.55,26326.06,15.57,60,5-10y,17.91,north,A
ln_a915259232c7,2024-03-31,1,31999.86,15.58,31045.27,7.281,36,3-5y,14.58,north,B
ln_c926f40a3347,2024-03-31,0,100252.53,21.13,48520.67,11.135,36,1-3y,9.5,west,A
ln_254fc28d8d25,2024-03-31,1,35492.5,23.21,13345.32,9.478,36,1-3y,9.57,west,A
ln_2d77abc270b8,2024-03-31,1,29773.6,20.18,12992.14,13.817,36,<1y,8.79,south,B
ln_973a3464abc5,2024-03-31,0,43061.61,17.63,6565.75,12.493,36,1-3y,15.07,west,A
ln_0e0a440accf5,2024-03-31,0,46072.64,17.2,8024.25,10.327,60,10y+,18.73,north,A
ln_31ffa886d58b,2024-03-31,0,46652.14,23.11,5724.23,12.948,36,3-5y,17.11,south,A
ln_298a21bd3efa,2024-03-31,1,43825.51,38.86,11569.83,17.604,36,10y+,24.85,west,A
ln_91503ae4b3f5,2024-03-31,0,31497.11,23.33,17915.02,12.369,36,5-10y,20.67,north,B
ln_6faee4abe912,2024-03-31,0,59802.49,16.46,22248.07,15.027,60,<1y,10.43,west,B
ln_fd8997688d53,2024-03-31,0,143025.67,22.54,5808.67,10.033,36,1-3y,20.47,north,B
ln_52a9518dd6b1,2024-03-31,0,62144.93,18.53,10798.88,11.286,36,1-3y,8.6,east,A
ln_d1d998e0a740,2024-03-31,0,81368.77,31.43,21080.49,14.532,36,3-5y,9.56,north,A
ln_00017c9fb73e,2024-03-31,0,68926.0,14.97,21479.54,11.092,60,<1y,6.46,west,B
ln_a8427fce5229,2024-03-31,0,88103.75,0.5,10295.6,5.525,36,3-5y,10.24,west,A
ln_79474afe7757,2024-03-31,0,75630.76,10.42,12524.87,10.873,36,1-3y,9.91,west,A
ln_ecb9c1d097bc,2024-03-31,0,67887.39,19.8,12701.73,12.972,36,1-3y,15.8,east,A
ln_abf5cea99bb7,2024-03-31,0,66234.77,26.98,4389.68,8.891,36,3-5y,12.65,south,B
ln_eaa7d1f2268a,2024-03-31,0,104841.29,20.4,14466.23,12.517,36,1-3y,10.62,west,A
ln_0800c0ad3527,2024-03-31,1,47753.78,32.22,53836.87,14.76,36,<1y,14.06,south,B
ln_19b1e3d1cbf9,2024-03-31,0,20570.14,16.12,6952.73,10.155,36,5-10y,9.92,north,A
ln_9fa44437bc1e,2024-03-31,0,39913.14,29.38,9990.16,13.132,36,3-5y,5.56,east,A
ln_a50c50176bcb,2024-03-31,0,55941.65,23.15,19224.19,12.516,36,5-10y,9.45,east,B
ln_587e834e9f0d,2024-03-31,0,32948.47,21.05,14729.82,12.319,36,3-5y,11.09,south,B
ln_61f31b5775af,2024-03-31,0,77563.38,18.53,12408.39,6.499,36,3-5y,14.25,east,B
ln_c4a9754bf177,2024-03-31,0,106707.92,16.64,7904.77,10.888,60,<1y,20.36,north,B
ln_12f6add9e925,2024-03-31,0,29520.03,30.54,21384.26,14.938,36,3-5y,12.38,west,A
ln_e24e3c7ec345,2024-03-31,0,39319.1,35.77,31616.49,14.984,36,5-10y,18.07,north,A
ln_986f0ccacf6d,2024-03-31,0,52695.92,41.81,4536.06,18.373,36,3-5y,10.72,west,A
ln_b5954f961ce7,2024-03-31,0,21346.15,9.78,7740.68,10.328,36,1-3y,6.08,east,A
ln_c2983b939f75,2024-03-31,0,62228.55,14.68,35573.4,12.035,60,1-3y,12.27,south,A
ln_5b493dc6287d,2024-03-31,0,60125.99,26.8,14040.42,14.738,36,5-10y,17.7,west,B
ln_065e884f88ad,2024-03-31,0,59833.71,27.33,5392.52,7.033,36,3-5y,24.3,east,B
ln_248528078c09,2024-03-31,0,78278.1,6.56,29779.13,6.68,36,<1y,5.6,south,B
ln_4c264a1de284,2024-03-31,0,116626.16,19.68,16482.07,13.365,36,5-10y,14.26,south,A
ln_713553404881,2024-03-31,1,52573.52,26.66,22388.93,14.172,36,1-3y,10.73,south,A
ln_572efb233d89,2024-03-31,1,61143.17,24.72,11067.4,13.105,36,3-5y,9.21,west,A
ln_492d07804b1b,2024-03-31,0,29827.99,13.85,13355.37,8.21,60,5-10y,11.09,north,A
ln_8af2a9b54d7f,2024-03-31,0,72863.81,26.33,10867.5,15.326,60,10y+,13.66,west,A
ln_3be1048b9bb5,2024-03-31,1,40931.93,24.39,10322.62,17.491,36,1-3y,10.42,north,A
ln_e18b7dcb2d27,2024-03-31,0,69328.7,21.87,2972.59,12.341,36,1-3y,7.78,east,B
ln_c9aa408d3fe1,2024-03-31,0,81436.24,14.88,24809.55,11.216,36,<1y,16.19,west,B
ln_0ab124ff0e6c,2024-03-31,0,47288.01,22.52,13113.05,13.683,60,<1y,6.02,east,A
ln_30e8381ca687,2024-03-31,1,95636.62,40.36,20226.65,18.885,36,<1y,14.21,south,A
ln_4da6fb764d46,2024-03-31,0,41609.64,27.7,7488.96,12.299,60,5-10y,15.71,north,A
ln_14243ec9bd39,2024-03-31,0,64621.45,22.87,4936.1,9.844,36,<1y,11.26,north,B
ln_81cdc4743aa8,2024-03-31,0,87168.55,22.07,18407.66,10.261,36,1-3y,12.69,south,A
ln_9aac79ec3153,2024-03-31,0,40343.85,31.97,15065.98,15.942,36,10y+,13.88,east,A
ln_e22c46e7a099,2024-03-31,0,102973.22,25.51,15572.17,14.98,60,1-3y,10.41,south,A
ln_8368ee03a9af,2024-03-31,0,60870.52,21.2,15802.91,11.685,36,3-5y,12.84,east,A
ln_5c97d592fd32,2024-03-31,0,106029.86,26.72,120000.0,15.754,36,5-10y,25.24,west,B
ln_31f1d457fa9b,2024-03-31,1,53592.49,23.6,25213.98,12.358,36,<1y,5.29,south,A
ln_36ef509f6a99,2024-03-31,1,71261.91,15.32,10887.2,11.55,60,5-10y,8.15,north,B
ln_c919120ae734,2024-03-31,0,67429.26,23.78,61863.62,11.122,60,3-5y,9.35,east,A
ln_97a5ba784c76,2024-03-31,0,46079.29,19.26,5799.11,11.28,36,5-10y,8.87,west,A
ln_5aa5866d5bb4,2024-03-31,0,40280.5,20.37,30606.56,9.094,36,1-3y,8.76,north,B
ln_6bc069116284,2024-03-31,0,44221.38,24.21,9764.09,11.269,60,1-3y,17.92,east,B
ln_ec78e6d3a84d,2024-03-31,1,155241.46,25.42,32659.88,14.574,36,1-3y,17.34,north,B
ln_f2ff22391316,2024-03-31,0,52168.52,18.43,23393.73,10.75,36,3-5y,6.13,south,A
ln_9d5041ea69f8,2024-03-31,0,43347.39,29.33,13768.39,15.58,36,1-3y,8.38,east,B
ln_95890907a667,2024-03-31,0,47778.69,18.88,14712.62,12.07,60,1-3y,12.65,south,A
ln_63b7779b219e,2024-03-31,0,38708.29,26.58,10264.14,12.338,36,1-3y,20.55,east,A
ln_77b46c3143ef,2024-03-31,0,27344.07,24.24,26621.94,14.639,60,3-5y,9.75,south,B
ln_e5469d75e5fc,2024-03-31,0,120990.73,9.59,22270.05,6.603,60,3-5y,25.72,west,A
ln_efc1766d21de,2024-03-31,0,133972.01,23.72,20509.39,11.841,36,<1y,13.75,east,A
ln_851a59f5b644,2024-03-31,0,87902.1,27.65,8308.34,13.269,36,1-3y,17.64,east,A
ln_16ab532da0e0,2024-03-31,0,55943.0,21.39,11448.36,10.977,36,5-10y,11.72,east,A
ln_c3889ab74069,2024-03-31,0,47366.48,12.84,5427.81,8.069,36,1-3y,12.06,south,A
ln_12895d99560a,2024-03-31,0,94024.11,22.03,6690.8,16.186,60,<1y,5.29,north,A
ln_2a75d8e21497,2024-03-31,0,56717.98,10.45,9831.02,8.841,36,1-3y,13.15,east,B
ln_f3f294e93167,2024-03-31,0,116112.91,16.97,31308.05,8.842,36,5-10y,9.2,east,A
ln_c607bd643b15,2024-03-31,0,80147.27,33.23,14267.24,11.007,36,5-10y,29.67,west,A
ln_b4f29188e8e9,2024-03-31,0,70040.77,22.56,10095.95,11.069,36,3-5y,12.71,west,B
ln_a83cb3740aa5,2024-03-31,0,93083.44,15.2,23655.67,7.43,36,5-10y,7.97,south,B
ln_c29398515375,2024-03-31,0,89593.45,31.1,22722.25,15.843,36,3-5y,9.26,east,A
ln_52645843cf4a,2024-03-31,0,69855.74,26.89,6717.15,12.516,36,<1y,14.74,south,B
ln_105d3330ccd4,2024-03-31,0,47693.72,18.65,2870.36,11.381,36,<1y,10.67,east,A
ln_18d4bf3ee493,2024-03-31,1,41366.12,20.31,8473.48,12.234,36,3-5y,8.74,east,A
ln_2b2ae0e367b5,2024-03-31,0,100596.32,22.22,9689.75,12.346,60,5-10y,11.83,east,A
ln_3cf5d052d713,2024-03-31,0,34750.21,12.97,21844.24,7.123,36,10y+,24.94,west,A
ln_693ea5ca3e3a,2024-03-31,0,104651.59,22.81,12011.26,11.713,36,10y+,14.41,east,A
ln_312cdbb7cf65,2024-03-31,0,61467.59,7.56,27924.5,4.429,36,5-10y,18.36,south,A
ln_9fe4227db0bd,2024-03-31,0,88136.29,24.11,6975.92,15.639,36,10y+,17.88,west,A
ln_c67db3c8a98d,2024-03-31,0,47498.86,20.26,10448.54,8.852,60,1-3y,15.33,south,A
ln_73405e8760f6,2024-03-31,0,70242.08,15.06,67422.67,9.621,60,3-5y,13.32,west,A
ln_b1022743a628,2024-03-31,0,37091.35,18.66,10394.98,11.749,60,3-5y,12.74,south,A
ln_d0fddabc2b88,2024-03-31,0,32299.7,25.22,12569.41,14.925,36,1-3y,10.09,south,A
ln_13b933d845b3,2024-03-31,0,63494.32,18.98,8420.74,9.79,60,10y+,13.75,north,A
ln_856c59d874d6,2024-03-31,0,36169.34,11.36,22074.12,5.35,36,5-10y,21.48,west,B
ln_35edac38e495,2024-03-31,0,120890.22,9.58,30420.53,9.856,36,3-5y,11.1,east,A
ln_c69f81a06532,2024-03-31,1,87032.08,43.51,25927.94,19.607,60,<1y,4.45,east,A
ln_37644c4cde4c,2024-03-31,0,41823.48,25.59,17886.2,9.758,36,3-5y,15.23,south,B
ln_99a1bbe5d763,2024-03-31,0,83158.73,24.62,29988.41,9.991,36,5-10y,18.62,east,A
ln_437edb7f673b,2024-03-31,0,78991.89,17.54,4901.49,13.468,36,1-3y,11.6,south,B
ln_0647d5ff415f,2024-03-31,0,76082.61,17.07,19173.76,17.22,60,1-3y,7.65,north,A
ln_6e4698719712,2024-03-31,0,92108.57,23.84,31573.68,10.332,60,3-5y,15.68,west,B
ln_2e07b843f119,2024-03-31,0,57433.5,19.09,4213.28,8.79,36,10y+,15.42,east,A
ln_f4a8476c5e5e,2024-03-31,0,34204.69,20.54,24077.63,9.248,36,1-3y,16.83,south,B
ln_2489f779c192,2024-03-31,0,73282.36,23.47,11262.68,12.785,36,3-5y,11.4,south,A
ln_1469c16ac46e,2024-03-31,0,110377.62,18.75,28410.16,13.119,36,<1y,17.1,south,B
ln_49e48f41f56a,2024-03-31,1,62696.35,28.17,18784.56,11.859,60,3-5y,18.49,south,B
ln_e182c77f015e,2024-03-31,1,65478.81,36.15,2486.51,15.525,36,1-3y,8.9,east,A
ln_cfe775f2c692,2024-03-31,0,53710.15,19.43,15295.17,16.105,60,5-10y,14.84,south,A
ln_620a206f6e8b,2024-03-31,0,90003.97,17.23,28856.54,9.41,36,5-10y,11.68,south,A
ln_d933d6ad81fc,2024-03-31,0,29481.82,15.47,33066.03,10.42,60,<1y,12.92,north,B
ln_fc72798a7dd7,2024-03-31,0,62807.38,24.26,9977.7,12.757,36,10y+,11.48,west,A
ln_2d44605e5b23,2024-03-31,0,55740.54,28.93,5286.2,14.879,36,1-3y,3.72,south,A
ln_1c962714831a,2024-03-31,0,64646.98,29.31,15979.43,10.254,36,10y+,18.84,north,A
ln_3758f887b8a1,2024-03-31,0,52655.68,29.17,6427.31,15.131,36,5-10y,17.43,south,A
ln_0bfe730ac387,2024-03-31,0,54127.46,24.85,26110.31,12.347,36,5-10y,10.91,south,A
ln_7d7a1d2ff6e9,2024-03-31,1,27697.01,35.05,12042.35,14.787,36,3-5y,9.77,north,B
ln_a21ca4733408,2024-03-31,0,47569.43,28.25,18511.76,11.47,36,1-3y,13.71,east,B
ln_47956a253a30,2024-03-31,0,53836.19,12.53,7752.84,12.623,60,1-3y,8.83,south,A
ln_1ccb6322c037,2024-03-31,0,57762.27,17.21,12150.41,7.327,36,5-10y,12.42,north,A
ln_0c83469473fd,2024-03-31,0,116863.79,17.5,8039.14,12.432,36,5-10y,10.67,west,B
ln_17cf3d5464f6,2024-03-31,0,82677.16,19.71,24977.79,12.339,36,3-5y,18.83,west,B
ln_0ff2f51b9b6d,2024-03-31,1,106567.61,38.56,17295.99,14.918,36,10y+,16.33,west,B
ln_b10763b2c5e7,2024-03-31,0,72947.15,16.77,17531.48,9.584,60,3-5y,13.33,north,B
ln_63adb506d503,2024-03-31,0,91290.5,6.47,42541.02,3.5,36,10y+,22.78,east,A
ln_62f8ebd76e6f,2024-03-31,0,116533.8,29.48,14545.24,11.625,60,3-5y,17.31,east,A
ln_b706ef0ec0a5,2024-03-31,0,65699.62,35.06,33557.3,13.322,36,5-10y,18.29,north,B
ln_f392c953104b,2024-03-31,0,68115.86,22.35,9650.65,11.624,36,<1y,13.29,west,A
ln_f766b3894df3,2024-03-31,0,56777.33,27.04,5810.16,18.748,60,5-10y,11.38,east,B
ln_d9c7c976d703,2024-03-31,1,68556.63,34.42,10457.49,14.385,36,1-3y,14.2,east,A
ln_6e4db210a357,2024-03-31,0,117007.39,9.01,11682.75,7.456,36,3-5y,12.79,east,A
ln_798facc4d7b9,2024-03-31,0,40265.9,31.96,11221.07,14.453,36,10y+,21.35,south,B
ln_5a39867f77a8,2024-03-31,1,119450.38,26.46,12755.94,15.998,36,<1y,9.41,north,B
ln_7c23a9489dad,2024-03-31,0,137946.55,22.72,13728.15,11.358,36,1-3y,12.02,west,A
ln_c89505c0dd2a,2024-03-31,0,80743.07,0.5,10366.54,5.852,36,10y+,25.18,north,A
ln_ab541139d9e2,2024-03-31,0,70719.59,22.58,12770.07,14.249,60,1-3y,10.24,south,A
ln_02511efa1c55,2024-03-31,0,106797.46,18.99,6675.86,14.582,36,3-5y,11.36,north,A
ln_e99ed5962701,2024-03-31,0,78728.49,36.09,3866.69,17.054,36,10y+,14.92,north,A
ln_5b7a37bac6bf,2024-03-31,0,119983.2,24.44,15132.88,12.599,36,10y+,17.04,south,A
ln_6ab1371763cb,2024-03-31,0,64859.44,21.26,24970.83,7.018,36,5-10y,17.36,south,B
ln_9aa588beb23e,2024-03-31,0,28149.57,23.35,5319.37,13.135,36,3-5y,12.09,south,B
ln_8860223e1baf,2024-03-31,0,58193.38,15.42,6213.32,11.245,36,3-5y,7.17,west,B
ln_1a568fa86ff2,2024-03-31,0,61697.95,16.83,9996.52,11.477,36,1-3y,12.76,south,A
ln_70cc1cd6d973,2024-03-31,0,55521.86,19.4,18778.77,12.596,60,5-10y,12.69,south,A
ln_dbe2db713dd6,2024-03-31,0,122085.19,22.98,7435.96,11.476,36,<1y,8.95,east,B
ln_67c00d9e74fd,2024-03-31,0,67042.39,8.44,7635.64,11.702,60,10y+,20.6,north,A
ln_fa6317938602,2024-03-31,0,121390.77,25.74,15464.71,14.635,36,3-5y,23.76,east,A
ln_69fea96009b4,2024-03-31,0,77036.88,15.58,12733.52,9.731,36,5-10y,13.19,north,A
ln_986fdfc926d4,2024-03-31,1,42240.69,41.19,15933.5,18.26,36,1-3y,7.42,west,A
ln_bccac9bb3db2,2024-03-31,0,42844.56,24.68,66211.02,15.157,60,3-5y,8.18,south,B
ln_bf495e567c93,2024-03-31,0,131898.54,12.26,27311.16,6.532,36,5-10y,10.24,west,B
ln_2f1d0add6539,2024-03-31,0,30456.94,32.3,9643.05,17.137,60,3-5y,18.93,east,A
ln_b3d17f3d6c44,2024-03-31,0,60400.49,31.07,15965.02,15.143,60,5-10y,11.12,south,A
ln_909088743f12,2024-03-31,0,55084.68,21.46,9960.46,11.467,36,5-10y,15.07,west,A
ln_1600428a6fe4,2024-03-31,0,22891.45,29.28,4920.17,15.466,36,10y+,12.77,north,B
ln_b82eacc08b66,2024-03-31,0,85671.56,9.43,31842.59,5.279,36,5-10y,19.53,north,B
ln_0c233edf49e2,2024-03-31,0,39987.37,34.48,20792.67,19.225,60,5-10y,17.13,south,A
ln_55ed7d7d7979,2024-03-31,0,38205.13,21.77,11454.46,9.515,60,5-10y,15.84,east,A
ln_38eb76a9d0fa,2024-03-31,0,76750.19,25.46,11129.27,12.591,36,1-3y,8.82,north,B
ln_d5406f8f1e16,2024-03-31,0,75176.56,6.39,2928.93,5.267,36,1-3y,6.42,north,B
ln_1d4200c41d72,2024-03-31,0,61114.18,15.7,15741.31,8.593,36,3-5y,13.46,west,B
ln_cd87402c27af,2024-03-31,0,66093.53,19.75,9796.35,9.807,36,5-10y,20.46,west,B
ln_a23077f1a91f,2024-03-31,0,89440.37,27.05,7494.39,13.58,60,<1y,13.28,south,A
ln_c4606fb48add,2024-03-31,0,57043.78,19.71,22172.0,11.947,36,10y+,11.93,north,B
ln_c34b1dcbbbaf,2024-03-31,0,56712.84,20.84,7063.11,12.206,36,1-3y,10.82,south,B
ln_7909947d3012,2024-03-31,0,68849.68,17.2,7376.74,9.527,36,3-5y,9.25,east,A
ln_a320516b3d27,2024-03-31,0,89178.83,18.71,12723.29,11.851,36,5-10y,12.51,south,A
ln_f70a13b58e44,2024-03-31,0,77046.16,29.8,39390.71,17.9,60,10y+,13.41,east,B
ln_d0b262f474e7,2024-03-31,0,45471.11,11.97,22596.07,8.17,36,3-5y,6.59,south,A
ln_724d3427d102,2024-03-31,0,88233.4,12.64,20109.7,10.41,60,3-5y,7.21,east,A
ln_c8342ee877a6,2024-03-31,1,67506.38,45.16,7608.55,20.949,36,3-5y,7.5,south,B
ln_5614fc9ff8d6,2024-03-31,0,85303.24,24.34,26482.35,14.214,36,3-5y,6.43,north,A
ln_772337c1a0d0,2024-03-31,0,24865.53,15.03,14553.96,7.507,36,1-3y,13.5,east,A
ln_592235e660c8,2024-03-31,0,84118.42,19.48,4467.34,11.414,36,5-10y,9.53,west,B
ln_6c4a7160fff3,2024-03-31,0,69931.29,16.93,7115.32,14.065,36,10y+,12.86,south,B
ln_3febb911a1d2,2024-03-31,0,41400.12,25.82,9140.22,14.279,36,<1y,14.7,north,A
ln_c352f771d23e,2024-03-31,0,42867.51,27.53,1939.14,11.202,36,1-3y,11.49,south,A
ln_21441c12f9a7,2024-03-31,0,78101.29,17.05,8104.57,9.946,36,1-3y,6.73,north,A
ln_5d269224f5b5,2024-03-31,0,46056.55,14.02,15627.84,6.58,36,5-10y,21.15,west,A
ln_5ba328342060,2024-03-31,0,89167.35,3.11,42599.19,5.505,36,5-10y,15.88,south,B
ln_a2a26785441c,2024-03-31,0,67562.99,30.71,18184.81,15.84,36,3-5y,7.28,north,A
ln_95a84b07bfc3,2024-03-31,0,41418.64,19.97,22497.0,10.442,36,3-5y,13.31,east,A
ln_51185e15d526,2024-03-31,0,65120.42,22.74,4475.28,14.689,60,1-3y,9.72,west,A
ln_7d63cd7eff67,2024-03-31,0,70590.61,16.35,27348.52,10.708,36,3-5y,12.81,west,A
ln_7381904f41c0,2024-03-31,0,134245.62,22.07,40005.24,12.431,36,3-5y,6.28,east,A
ln_74ef25c2dc95,2024-03-31,0,72760.9,18.59,32031.7,12.479,36,10y+,13.84,west,A
ln_16dbd38b8873,2024-03-31,0,49480.05,24.28,12139.68,14.764,36,10y+,8.88,south,B
ln_908705cfbd8e,2024-03-31,0,48027.3,38.35,17460.89,16.211,36,3-5y,11.13,west,B
ln_5c0f5bac9437,2024-03-31,0,80051.15,27.19,12496.69,12.904,36,1-3y,6.62,west,A
ln_77ed81623133,2024-03-31,1,74956.84,12.18,42372.59,8.962,36,3-5y,16.52,south,A
ln_08e708bb565b,2024-03-31,1,50366.74,24.0,5895.16,14.876,60,<1y,7.14,west,A
ln_6ca9a21b181d,2024-03-31,0,82471.79,12.5,9823.3,8.05,60,10y+,15.6,east,B
ln_8c02ee716921,2024-03-31,0,115308.74,31.73,6740.92,16.84,60,<1y,12.54,west,A
ln_7aec66f5126a,2024-03-31,0,47232.88,17.0,6668.19,8.474,60,5-10y,17.55,east,B
ln_bd42ef73f6fe,2024-03-31,0,45135.11,23.92,6646.96,13.057,36,10y+,9.72,south,A
ln_940e5b5d5657,2024-03-31,0,118162.31,27.56,20940.85,13.342,60,5-10y,10.74,north,B
ln_536247898ab2,2024-03-31,0,42393.42,23.46,9398.02,15.3,36,5-10y,16.44,north,B
ln_fe5f3717e758,2024-03-31,0,79454.99,22.47,10282.65,14.625,60,5-10y,20.17,north,A
ln_f0cd657676a5,2024-03-31,0,20517.95,4.2,24727.46,8.712,60,1-3y,13.23,north,A
ln_60874fd09bd6,2024-03-31,0,73554.4,16.29,8221.98,11.467,60,1-3y,19.48,west,B
ln_7b1d2d26e849,2024-03-31,0,65226.59,34.23,26477.78,16.494,36,3-5y,10.16,north,A
ln_add4fc73f298,2024-03-31,0,149850.14,10.39,16624.22,6.579,36,3-5y,16.52,east,B
ln_4068bb53bcfe,2024-03-31,0,65059.84,30.76,17405.93,14.674,36,3-5y,6.38,south,A
ln_02843597011e,2024-03-31,0,40671.2,17.21,6297.53,8.528,36,1-3y,17.64,north,A
ln_a14e89def83b,2024-03-31,0,19487.86,28.56,11830.49,13.446,36,10y+,18.4,east,B
ln_18014349335f,2024-03-31,0,115298.19,18.44,9303.73,12.373,60,3-5y,17.89,south,B
ln_084f87bb3933,2024-03-31,1,32535.69,40.0,32601.91,17.778,60,1-3y,13.88,north,A
ln_439360dcccb1,2024-03-31,0,112545.17,22.89,34923.64,12.389,36,1-3y,4.81,north,B
ln_d326ff5a9c35,2024-03-31,0,38004.28,16.27,24134.07,8.966,36,3-5y,8.86,west,A
ln_92c73f849c2e,2024-03-31,0,26920.82,21.04,11550.24,14.517,36,10y+,13.41,north,B
ln_352cf4aa22a1,2024-03-31,0,32048.86,8.78,13534.59,11.407,36,1-3y,11.18,west,A
ln_2421d4d6ba49,2024-03-31,0,96585.06,10.76,15669.24,14.486,60,10y+,12.83,north,B
ln_3fde693492b2,2024-03-31,0,55567.03,27.57,7517.28,16.478,36,<1y,17.8,north,B
ln_afc03d059be4,2024-03-31,0,61265.25,25.48,12765.4,16.627,60,5-10y,13.02,west,B
ln_9682a1a7a2dc,2024-03-31,0,88101.16,24.14,4713.48,9.604,36,10y+,18.16,east,B
ln_cad4d4f3d701,2024-03-31,0,164326.07,7.89,23215.34,7.483,36,1-3y,13.37,west,B
ln_dbd4149528db,2024-03-31,0,121754.87,27.11,30551.34,14.777,60,3-5y,17.95,west,B
ln_74323bafa33a,2024-03-31,0,50491.11,26.19,15539.71,14.533,36,1-3y,17.41,west,A
ln_0f3f74bd4452,2024-03-31,0,101725.28,9.99,6322.65,8.378,36,1-3y,13.22,west,A
ln_28d4e4e71a61,2024-03-31,0,25631.95,16.47,5463.3,11.022,60,10y+,13.5,south,B
ln_36c1c0f762ce,2024-03-31,0,188334.0,17.48,13876.64,11.226,36,1-3y,11.71,south,B
ln_683073b4d4c2,2024-03-31,0,135373.52,31.49,12564.76,15.367,36,<1y,6.0,south,A
ln_e62e5cb11d21,2024-03-31,0,25747.21,17.94,32770.4,10.523,36,3-5y,10.06,east,A
ln_447541d89d4d,2024-03-31,1,32450.58,17.89,14990.18,13.213,60,5-10y,11.9,south,A
ln_ea4b94068a69,2024-03-31,0,76500.05,25.57,28613.07,14.738,60,1-3y,5.28,south,A
ln_3459ebbb43df,2024-03-31,0,68071.82,15.52,10257.65,12.286,60,3-5y,4.44,south,B
ln_ef8d06c58866,2024-03-31,0,31599.35,25.0,14796.62,11.656,36,10y+,16.97,south,A
ln_fd760f48c2e1,2024-03-31,0,35317.26,14.45,34274.06,9.424,60,3-5y,19.99,south,A
ln_fd61ce0ea5c2,2024-03-31,0,18534.33,18.39,9798.45,12.884,36,5-10y,12.34,north,A
ln_694dc9b3391f,2024-03-31,0,49214.91,22.15,4321.1,9.6,60,5-10y,15.87,east,B
ln_675749af200b,2024-03-31,1,118696.28,15.53,6860.72,11.249,36,5-10y,14.6,west,A
ln_81176262b938,2024-03-31,0,91380.27,17.21,10887.56,13.296,36,10y+,12.23,west,A
ln_49deeaa57157,2024-03-31,0,101780.82,17.39,21965.57,9.311,36,10y+,17.07,north,A
ln_6f214c0b2609,2024-03-31,0,59253.33,9.76,27326.39,5.077,36,10y+,17.29,east,B
ln_0c6778a05e2f,2024-03-31,0,81037.82,20.13,8215.69,11.658,60,10y+,13.59,north,A
ln_f887df3afb45,2024-03-31,0,41445.36,14.45,10581.42,12.852,60,3-5y,9.64,east,A
ln_0f8bf30a68f1,2024-03-31,0,44996.63,0.5,20385.2,4.378,36,1-3y,16.65,south,B
ln_d67540c69a4e,2024-03-31,0,106498.85,9.45,12040.5,6.17,36,5-10y,12.6,east,B
ln_86e9646b8ffd,2024-03-31,0,83392.62,18.73,3271.58,10.712,36,10y+,15.04,north,B
ln_fcf424dc0fa6,2024-03-31,0,80878.44,18.06,2365.81,11.396,36,3-5y,9.79,south,A
ln_4e3b30215bea,2024-03-31,0,36083.55,18.25,17119.79,11.448,36,3-5y,9.47,south,B
ln_92cf4caeb051,2024-03-31,0,73012.23,14.54,18549.05,3.987,36,3-5y,14.74,west,A
ln_b81aea222f7e,2024-03-31,0,121364.58,29.54,19739.45,12.501,36,10y+,15.29,east,B
ln_5e19c26c70b3,2024-03-31,0,125667.61,17.62,13233.24,8.582,36,1-3y,10.36,east,A
ln_651b5f9d6098,2024-03-31,0,90523.17,21.46,24780.65,12.729,60,5-10y,13.19,north,B
ln_34e799344aed,2024-03-31,1,32232.84,25.34,12900.44,15.602,36,3-5y,12.45,south,A
ln_0d3e51b290ba,2024-03-31,0,53347.32,31.37,29795.26,13.488,36,10y+,19.61,south,A
ln_9b90f0156a5d,2024-03-31,0,40016.14,1.22,9391.36,4.473,36,3-5y,10.3,south,A
ln_cd03b8be7278,2024-03-31,0,45318.22,25.02,9360.32,15.679,36,5-10y,9.28,east,A
ln_ed69bbe6cbf5,2024-03-31,0,58841.65,14.02,8827.83,10.897,36,<1y,3.52,east,B
ln_56d08c59430f,2024-03-31,0,39373.42,15.61,6472.14,8.463,36,1-3y,9.92,east,B
ln_57dc12869f63,2024-03-31,0,49337.86,22.58,15787.91,13.794,36,5-10y,7.04,south,B
ln_1052be9cc934,2024-03-31,0,81459.24,35.21,18198.71,14.821,36,3-5y,12.64,west,B
ln_b9666e13abb9,2024-03-31,0,51384.21,21.42,17161.14,13.882,36,3-5y,16.35,south,A
ln_583173524e9f,2024-03-31,0,81587.66,31.84,14197.91,18.709,36,5-10y,13.3,east,B
ln_14225ec90d1a,2024-03-31,0,56934.18,20.13,11864.45,11.756,36,3-5y,7.15,north,A
ln_e5a6fb50e943,2024-03-31,0,72083.43,22.17,10484.07,10.002,36,5-10y,11.58,west,A
ln_5e3e99c1248e,2024-03-31,0,48545.62,16.9,8408.17,9.063,36,1-3y,10.43,south,B
ln_35ce43c4f2df,2024-03-31,1,67278.85,29.02,5717.14,17.96,60,1-3y,11.98,west,B
ln_89cd2e0a4e8a,2024-03-31,0,63988.72,29.09,19925.57,12.131,36,10y+,19.18,north,A
ln_f608f6841daf,2024-03-31,0,69425.59,23.58,13430.9,12.222,36,10y+,17.12,north,B
ln_7c67650b2ce5,2024-03-31,0,56644.24,27.02,14457.59,15.748,36,5-10y,5.59,east,A
ln_0fa93a656773,2024-03-31,0,70668.94,21.62,15916.43,11.615,36,5-10y,16.5,north,A
ln_3960876ea2b4,2024-03-31,0,88350.74,10.59,23761.59,7.618,60,5-10y,11.62,south,B
ln_42a4aa6c9a44,2024-03-31,0,58545.93,12.43,34725.37,7.183,36,3-5y,9.35,south,B
ln_773b1558d196,2024-03-31,0,50429.19,30.43,21019.66,17.4,36,1-3y,8.2,south,A
ln_138f07699762,2024-03-31,0,38002.85,18.84,32657.39,11.582,36,3-5y,8.86,east,B
ln_e5950acdcb4d,2024-03-31,0,135499.58,14.87,11782.65,10.73,60,1-3y,12.36,east,A
ln_e80262a1ea53,2024-03-31,0,56249.08,28.81,8598.28,11.548,36,3-5y,13.41,north,A
ln_df88bf60b6aa,2024-03-31,0,100942.22,25.09,9638.89,11.759,36,10y+,15.07,north,A
ln_b8de1491eec7,2024-03-31,1,35150.73,32.69,31758.72,15.524,60,5-10y,13.46,west,A
ln_201722c1dd54,2024-03-31,0,96787.66,18.05,35347.86,12.385,36,5-10y,17.14,east,B
ln_a02ffab7bbe9,2024-03-31,0,52392.74,22.1,34657.84,13.502,36,3-5y,22.16,south,A
ln_db0f871558ba,2024-03-31,0,110368.13,22.54,24940.61,17.873,60,3-5y,8.86,east,B
ln_91ea884530a3,2024-03-31,0,45496.01,4.44,9806.87,10.792,60,5-10y,9.99,east,B
ln_baf1fbf86c72,2024-03-31,0,43167.88,17.42,5088.65,9.633,36,<1y,12.98,north,A
ln_d7b902ac94cd,2024-03-31,0,58374.1,26.32,9927.11,14.056,60,1-3y,24.03,west,A
ln_84261eaac084,2024-03-31,0,70137.13,27.17,8999.9,18.823,60,10y+,11.23,north,A
ln_303b38332cfa,2024-03-31,0,79153.98,11.81,11543.34,9.886,60,10y+,21.14,north,A
ln_fbeba146f225,2024-03-31,0,82463.32,9.43,19478.08,6.83,36,1-3y,7.68,south,B
ln_c36814f27b11,2024-03-31,0,97120.53,30.36,18438.02,15.486,36,5-10y,13.88,west,B
ln_373a11f163c4,2024-03-31,0,46272.65,5.55,22629.98,7.254,36,1-3y,9.24,west,B
ln_5693345436fd,2024-03-31,1,110892.37,12.3,8504.12,11.405,36,3-5y,13.21,north,B
ln_59dbd8d1cb8c,2024-03-31,0,159385.2,12.27,20126.01,8.522,36,3-5y,9.0,south,A
ln_e2c492657a93,2024-03-31,0,64845.8,17.09,11174.23,11.396,60,3-5y,17.75,south,B
ln_4326c2ed0758,2024-03-31,0,54564.69,7.05,12991.37,9.602,36,10y+,20.69,north,A
ln_953e91b55e74,2024-03-31,0,39177.91,18.2,25407.56,8.988,36,3-5y,15.41,south,A
ln_120ef7a0319e,2024-03-31,0,64182.28,21.63,31247.62,14.635,36,3-5y,19.54,south,A
ln_575f74d9f97a,2024-03-31,0,53912.26,27.18,6851.06,16.026,36,<1y,8.82,west,A
ln_75a57b7cccc0,2024-03-31,0,41511.17,5.96,12560.69,7.147,36,1-3y,14.89,south,A
ln_6ab6db82695b,2024-03-31,0,26962.97,32.92,5852.43,13.633,36,5-10y,16.23,west,B
ln_ffba37b5918c,2024-03-31,0,64576.03,24.12,5202.81,15.965,36,10y+,12.37,south,A
ln_280d340713ef,2024-03-31,0,31294.89,31.43,18819.82,13.159,36,1-3y,11.18,west,B
ln_e0bbb565311f,2024-03-31,0,68931.52,20.49,12361.59,14.461,36,3-5y,8.28,south,A
ln_57647d7242b5,2024-03-31,0,103453.87,18.63,15931.98,11.189,36,5-10y,13.38,east,B
ln_0e79728e134c,2024-03-31,0,34877.42,21.97,15829.26,8.606,36,1-3y,17.05,south,B
ln_42b69dceac94,2024-03-31,0,48257.29,15.86,6230.27,11.183,36,3-5y,14.79,north,A
ln_93d9a63d3185,2024-03-31,0,61657.6,27.21,22854.53,12.453,36,10y+,14.44,south,B
ln_efd7c5d02a89,2024-03-31,0,42798.36,25.7,13909.44,13.866,60,3-5y,9.13,west,A
ln_ca783c0baf53,2024-03-31,0,39778.29,23.01,21636.8,9.168,60,3-5y,11.63,south,B
ln_dba45b74dc07,2024-03-31,1,32473.75,31.88,43165.92,12.204,36,<1y,12.86,south,B
ln_25c4b862ddb2,2024-03-31,0,45283.61,34.09,13583.87,17.39,36,1-3y,11.25,south,A
ln_213b0410901c,2024-03-31,0,67098.27,30.77,6397.7,14.14,36,5-10y,8.86,west,A
ln_e762c22125f6,2024-03-31,0,86407.63,13.86,6792.81,7.585,36,1-3y,12.26,north,B
ln_fb41d826656b,2024-03-31,0,46935.49,28.21,28741.15,12.11,36,10y+,18.07,west,A
ln_3d0b53d39ff2,2024-03-31,1,70600.16,24.78,15713.98,13.259,60,<1y,7.86,west,A
ln_5898b956bcfb,2024-03-31,0,49572.47,20.4,14465.65,13.452,36,5-10y,13.76,east,B
ln_ddfa0c4b7f95,2024-03-31,0,38908.39,21.11,20108.78,11.392,36,<1y,14.84,south,A
ln_810cb4249830,2024-03-31,1,117391.52,28.71,7808.79,16.707,36,<1y,11.84,east,A
ln_ce7c79f5d48f,2024-03-31,0,17897.37,11.34,15133.26,10.65,36,<1y,4.97,south,B
ln_154ce93a1f1b,2024-03-31,1,41838.79,17.68,19159.26,9.786,36,1-3y,12.14,east,A
ln_e87a4adde5d0,2024-03-31,0,77028.9,15.45,9655.38,10.563,36,5-10y,9.39,north,B
ln_488d7d5276a9,2024-03-31,0,72724.48,23.88,7924.07,13.093,60,<1y,10.76,east,A
ln_f6a958cbd8a9,2024-03-31,0,164906.68,23.06,5644.39,12.758,36,5-10y,9.82,east,A
ln_6180b5e40381,2024-03-31,0,84732.57,9.86,6094.69,9.885,60,1-3y,23.81,west,A
ln_5d7e3af743c8,2024-03-31,0,98482.75,13.69,8613.43,11.036,36,3-5y,19.24,east,A
ln_7ba5c02dd01b,2024-03-31,0,131539.9,14.4,8486.48,8.195,36,1-3y,18.25,south,B
ln_6cbc3a62ad4e,2024-03-31,0,92635.75,20.8,3097.25,13.932,60,3-5y,16.64,south,A
ln_7bf9a4a26372,2024-03-31,0,70963.0,16.91,7508.12,11.525,36,3-5y,11.28,north,A
ln_94f1304452ee,2024-03-31,0,37535.32,7.09,9940.11,7.899,60,10y+,16.07,south,B
ln_4850a43339e8,2024-03-31,0,57186.99,21.51,24863.29,14.331,36,5-10y,11.1,east,A
ln_2558c49114c4,2024-03-31,0,103693.98,23.94,13118.49,13.621,36,1-3y,10.47,west,B
ln_693f80a910cf,2024-03-31,0,30747.37,13.02,5783.99,7.38,36,5-10y,20.44,south,A
ln_f387a20ce86d,2024-03-31,0,89318.96,14.48,15406.7,9.986,60,<1y,15.29,north,A
ln_b1cf0aea4602,2024-03-31,0,54740.91,11.96,6340.55,13.168,36,1-3y,14.95,south,B
ln_b3558f1444ed,2024-03-31,1,59235.17,24.05,16717.24,11.769,36,<1y,2.99,north,A
ln_50618d93f343,2024-03-31,0,50782.24,22.21,27057.78,11.158,36,<1y,11.47,north,A
ln_007377a9c647,2024-03-31,0,31290.25,22.75,13437.54,11.775,36,10y+,15.36,east,A
ln_1f9ff0452e0d,2024-03-31,0,136720.38,21.22,9854.29,12.968,36,10y+,7.86,north,A
ln_fecc96a5f8a6,2024-03-31,0,32749.76,20.39,37946.4,13.125,36,10y+,9.28,south,A
ln_e7f50fcc781e,2024-03-31,0,85753.61,26.65,47439.66,10.951,36,1-3y,13.62,north,A
ln_07c60715a21a,2024-03-31,0,49525.07,10.48,10191.0,10.836,36,1-3y,6.88,east,A
ln_46999d0f37f0,2024-03-31,0,71508.11,14.85,9371.79,7.532,36,3-5y,7.67,east,A
ln_4921cf62f928,2024-03-31,0,88370.74,22.93,13423.07,11.684,36,<1y,8.15,east,A
ln_445e1235951a,2024-03-31,0,118869.3,28.57,27819.21,14.961,36,5-10y,17.81,south,A
ln_eec2c5c2055a,2024-03-31,1,76227.31,17.58,12577.39,11.119,36,3-5y,8.72,north,B
ln_272fc7ce5020,2024-03-31,0,72894.23,21.58,9188.57,11.077,36,<1y,13.88,east,A
ln_f50aff6e0113,2024-03-31,0,47687.1,24.0,19791.37,13.183,60,1-3y,15.54,north,A
ln_99bb01fd1829,2024-03-31,0,41433.18,6.15,7779.47,11.147,36,3-5y,12.12,north,B
ln_dff901b49c34,2024-03-31,1,285942.34,20.93,18562.85,13.9,36,3-5y,11.72,east,B
ln_157fd77d1edb,2024-03-31,0,40433.55,35.47,8528.65,13.898,36,<1y,11.83,south,A
ln_a60566ba8888,2024-03-31,0,33187.28,27.84,11895.68,15.549,36,1-3y,24.86,north,A
ln_7ea44d017a25,2024-03-31,1,44945.42,27.34,12781.0,13.72,60,1-3y,10.62,east,A
ln_22a578e2ca8c,2024-03-31,0,60183.2,23.77,10973.4,12.063,60,10y+,25.58,north,B
ln_951084b5a650,2024-03-31,0,35147.27,28.19,23203.6,8.969,36,<1y,15.53,east,B
ln_1e5715918c55,2024-03-31,0,41657.34,21.45,24250.02,9.762,36,<1y,13.64,east,A
ln_68122ee7a841,2024-03-31,0,92766.44,25.11,15362.65,10.656,36,1-3y,16.39,south,A
ln_4184af68ec85,2024-03-31,1,48590.27,23.51,4062.16,13.203,36,3-5y,13.82,south,A
ln_37477852af45,2024-03-31,0,55511.77,33.48,16819.06,17.095,60,5-10y,9.76,north,A
ln_4d850e66fb1b,2024-03-31,0,90373.45,19.44,4673.47,11.866,36,10y+,20.6,south,B
ln_f8629e487de4,2024-03-31,0,65592.95,29.43,21932.78,13.48,36,5-10y,21.43,east,B
ln_24c26ee60df4,2024-03-31,0,103804.56,22.73,10097.8,11.058,36,1-3y,18.47,south,A
ln_5e7ff4b9779c,2024-03-31,0,66189.49,17.76,21137.09,11.938,60,3-5y,9.39,east,A
ln_ab86ac96c172,2024-03-31,0,49978.9,20.87,17756.4,12.326,36,10y+,9.87,west,A
ln_f3682f09b9a2,2024-03-31,0,67970.36,37.25,7624.61,17.094,36,1-3y,11.36,east,A
ln_dd44b0025f2f,2024-03-31,0,32502.08,19.89,6155.36,12.784,36,10y+,15.36,north,A
ln_b4cbb81fecd9,2024-03-31,0,29712.62,16.97,16427.61,8.681,36,1-3y,6.57,north,A
ln_eaddf49ab31b,2024-03-31,0,44297.51,23.01,13527.39,8.634,36,5-10y,10.76,north,A
ln_650e8b1d2e52,2024-03-31,0,90233.0,26.25,13189.43,14.328,36,5-10y,10.77,west,A
ln_d78b1b57c61c,2024-03-31,0,61833.02,19.66,14219.13,11.559,60,3-5y,12.67,east,A
ln_98c669348136,2024-03-31,0,118579.1,12.01,5317.35,10.278,60,1-3y,12.23,east,A
ln_5a5fc6ce45aa,2024-03-31,0,60098.21,21.19,12916.94,9.747,36,5-10y,25.34,north,A
ln_b068d9929227,2024-03-31,0,67896.59,24.12,18302.85,11.486,36,<1y,12.46,west,B
ln_44f4939443e2,2024-03-31,0,64745.91,17.41,6606.4,11.173,60,1-3y,9.96,south,B
ln_15e7052cd558,2024-03-31,0,48036.38,23.57,6967.39,10.221,36,5-10y,14.83,south,B
ln_256f70e55571,2024-03-31,0,76044.67,31.0,19845.18,14.685,36,5-10y,10.07,south,A
ln_0e3c85564ee0,2024-03-31,0,41469.54,15.59,14090.73,10.243,36,1-3y,11.46,north,A
ln_5c0aeb6621c8,2024-03-31,0,69726.32,15.38,11596.02,11.536,36,1-3y,10.54,north,B
ln_4eb7d991f3c8,2024-03-31,0,109509.56,16.63,22053.77,11.24,60,<1y,18.46,south,B
ln_b37c873256d5,2024-03-31,0,38749.24,22.0,25003.52,12.615,36,1-3y,14.43,south,A
ln_6ad39c209f13,2024-03-31,1,104996.67,14.0,13916.71,10.851,36,3-5y,21.13,north,B
ln_87cd34afb442,2024-03-31,0,50165.98,12.71,32272.98,11.204,60,10y+,17.54,east,B
ln_ae4a32ddfb48,2024-03-31,0,65202.6,26.18,12051.89,11.712,36,1-3y,10.92,east,A
ln_2b21bf24d6c9,2024-03-31,0,80044.13,23.86,12470.3,10.913,36,10y+,13.05,north,A
ln_e626085d1d43,2024-03-31,0,43103.5,10.62,11989.03,4.665,60,1-3y,16.62,west,A
ln_84c66aef3ce1,2024-03-31,0,58539.08,19.24,11487.61,10.506,36,5-10y,27.13,north,B
ln_8b6f1a25813b,2024-03-31,0,100035.21,30.32,15972.04,12.127,36,1-3y,14.91,north,A
ln_14248b5cf763,2024-03-31,0,110947.97,11.69,13919.75,6.171,36,5-10y,19.04,south,A
ln_8b55bb11e486,2024-03-31,0,34844.2,18.03,22533.2,11.358,60,1-3y,17.8,west,A
ln_cfec23dcc127,2024-03-31,0,89668.86,22.23,17133.95,10.478,36,3-5y,17.68,west,A
ln_5875c62574d7,2024-03-31,0,46633.47,2.45,29284.31,8.288,60,<1y,9.53,south,A
ln_d4535e6dd452,2024-03-31,0,54535.58,26.05,19066.28,11.478,60,3-5y,15.44,west,A
ln_bf89199235fe,2024-03-31,0,85275.35,18.72,18464.7,11.819,36,3-5y,11.12,east,B
ln_0c07f5852d0c,2024-03-31,0,78358.42,26.29,10662.36,13.187,36,5-10y,10.11,north,A
ln_2eac4bd472df,2024-03-31,0,72150.26,12.71,23887.57,7.387,36,1-3y,9.1,east,A
ln_4b7c87bdb94d,2024-03-31,0,53265.39,26.7,15923.6,16.144,60,5-10y,14.4,south,B
ln_38afebd6067e,2024-03-31,0,50709.52,15.39,30817.27,6.729,36,3-5y,5.9,south,A
ln_74fed3a49d1e,2024-03-31,0,99821.49,32.97,19783.65,15.239,36,1-3y,15.09,west,A
ln_aea64ec5488a,2024-03-31,0,64725.17,17.15,8817.71,13.508,36,5-10y,12.49,north,A
ln_9c0ee5c8cace,2024-03-31,0,59279.51,21.98,15593.73,11.141,60,3-5y,11.98,east,A
ln_5bc6d22e4340,2024-03-31,0,54888.36,21.69,6586.17,13.539,36,10y+,16.28,east,A
ln_456457ba1b30,2024-03-31,0,38102.21,11.23,9053.92,10.6,60,<1y,13.26,north,B
ln_36525ece28c6,2024-03-31,0,80323.78,23.07,22810.01,14.305,36,1-3y,9.82,north,A
ln_989bf501aca9,2024-03-31,0,83728.56,12.25,10407.42,9.039,36,5-10y,14.18,south,B
ln_5ce06989eddb,2024-03-31,1,66499.57,24.02,18806.12,16.213,60,1-3y,6.29,east,A
ln_67692fa58962,2024-03-31,1,135326.24,24.78,20541.47,13.48,36,1-3y,13.81,west,B
ln_4ada17e875aa,2024-03-31,0,91551.01,16.44,6383.36,13.028,36,1-3y,8.31,south,A
ln_5310b7706924,2024-03-31,0,125971.55,28.07,6513.19,15.195,36,3-5y,9.8,north,A
ln_9d481abc6af6,2024-03-31,0,41652.81,18.86,23389.73,12.023,36,<1y,12.07,west,A
ln_741ac8ab02b6,2024-03-31,0,60801.89,6.23,9272.16,8.833,36,1-3y,7.52,north,A
ln_a282864f43ef,2024-03-31,0,97979.36,17.95,7631.94,10.414,36,1-3y,11.93,west,A
ln_dd2bc464ccdd,2024-03-31,0,97990.75,22.25,21609.3,7.948,36,1-3y,12.14,west,A
ln_3dc6597cd6af,2024-03-31,0,116347.97,8.72,22377.39,4.516,36,5-10y,15.16,east,B
ln_e64565959639,2024-03-31,0,146165.49,24.92,28754.32,13.552,36,1-3y,6.2,south,A
ln_0161c1e47348,2024-03-31,1,30025.19,25.56,50708.68,13.67,36,<1y,12.51,north,A
ln_279e1b1f6769,2024-03-31,0,53458.0,18.65,22387.21,13.658,60,1-3y,7.2,north,B
ln_ea574224d71c,2024-03-31,0,25587.98,16.86,2832.32,9.395,36,1-3y,10.78,north,B
ln_4ded1676e82a,2024-03-31,0,67493.04,15.23,34444.61,10.104,60,<1y,8.65,east,A
ln_01e578425ea9,2024-03-31,0,97620.48,16.85,18368.39,10.68,36,3-5y,8.76,south,A
ln_0e7960e6fdac,2024-03-31,1,31372.92,30.65,35937.96,18.065,36,5-10y,9.36,north,B
ln_d103adcef509,2024-03-31,0,49738.07,16.08,41956.89,9.026,36,<1y,9.46,south,A
ln_d5bcb415fd5e,2024-03-31,0,48090.02,30.97,17066.34,12.548,36,3-5y,9.52,west,B
ln_92e925eef923,2024-03-31,0,49953.89,27.03,13423.31,16.935,60,3-5y,16.53,east,B
ln_b2a00bbea46c,2024-03-31,0,55499.55,21.98,17129.18,11.359,60,10y+,17.86,north,A
ln_048812433145,2024-03-31,0,39343.02,18.52,11874.09,10.43,36,5-10y,16.15,west,B
ln_99d3ebd23f28,2024-03-31,1,46839.75,29.2,14317.29,15.8,60,<1y,12.32,north,B
ln_57aee07ff4d5,2024-03-31,0,35546.33,26.84,25434.44,13.127,36,1-3y,15.35,south,A
ln_9ed43e12848d,2024-03-31,0,57944.04,11.33,13159.68,6.508,36,3-5y,17.73,east,A
ln_226947dd985d,2024-03-31,0,78934.24,24.17,6507.45,12.365,36,10y+,13.24,east,A
ln_d26d694b1120,2024-03-31,0,83694.46,14.01,65816.95,8.8,36,1-3y,5.79,north,B
ln_1db1f9c43ff6,2024-03-31,0,52644.61,26.28,9352.41,14.599,60,1-3y,8.39,north,A
ln_052ffa639a85,2024-03-31,1,62918.16,24.9,32362.86,13.512,36,1-3y,13.09,west,B
ln_d6ac492913f1,2024-03-31,0,94088.09,28.58,27617.23,15.304,36,3-5y,15.75,south,A
ln_54a23b220082,2024-03-31,0,73495.84,29.68,8159.12,15.168,60,5-10y,15.19,south,B
ln_340c8a7372b8,2024-03-31,0,88365.63,24.68,6159.15,13.821,36,<1y,6.42,east,A
ln_822019730f4c,2024-03-31,0,98573.06,24.64,18927.14,9.862,36,5-10y,12.54,north,A
ln_34becbae4186,2024-03-31,0,68817.87,31.32,17322.41,10.301,36,5-10y,17.84,west,B
ln_39d84cfebd1e,2024-03-31,0,44958.21,13.84,9341.21,7.384,36,<1y,11.86,east,A
ln_9dee54e1a7d2,2024-03-31,0,63470.08,10.3,18039.26,8.203,60,5-10y,10.75,north,B
ln_e20442e0913a,2024-03-31,0,53052.04,6.83,14420.63,8.385,36,3-5y,10.52,east,B
ln_ded9db51f93e,2024-03-31,0,137904.83,19.03,7465.21,13.29,36,1-3y,11.19,north,A
ln_5429c256da45,2024-03-31,0,60401.73,14.02,10761.4,9.641,36,1-3y,19.01,west,B
ln_026742a72419,2024-03-31,1,125735.23,28.62,9840.37,15.7,36,<1y,14.8,east,A
ln_cf6662a86ee5,2024-03-31,0,68454.0,19.6,28137.66,8.816,36,<1y,8.36,west,A
ln_eafabe4524aa,2024-03-31,0,58255.14,18.87,17586.11,11.624,60,10y+,12.24,north,B
ln_8e52e3f203a7,2024-03-31,0,78266.12,3.96,12650.5,11.837,36,5-10y,15.58,east,A
ln_5e1d7ba48e2f,2024-03-31,0,87175.74,27.93,5775.41,16.154,36,1-3y,5.58,south,B
ln_6048375ad375,2024-03-31,0,67224.37,13.64,20012.68,7.147,60,1-3y,8.48,north,B
ln_bd338f7435b0,2024-03-31,1,95577.62,22.82,17010.2,13.099,60,1-3y,10.93,south,B
ln_26b8de0c98af,2024-03-31,0,42039.77,23.97,6843.84,14.524,60,10y+,18.81,west,B
ln_924ae59e39b9,2024-03-31,0,34530.76,24.68,7832.79,10.023,60,<1y,6.28,west,A
ln_ec180f212872,2024-03-31,1,43489.11,25.5,11785.47,17.274,60,3-5y,7.48,east,A
ln_d395099c04d6,2024-03-31,1,44300.56,19.28,47915.19,11.889,60,5-10y,21.47,north,B
ln_f0f298fee30d,2024-03-31,0,89234.96,14.75,33448.61,11.752,36,10y+,10.16,north,A
ln_e70363141fb0,2024-03-31,0,45454.89,13.79,16480.43,13.975,36,10y+,11.51,west,A
ln_60e9ea1b4482,2024-03-31,0,55670.95,2.99,95691.01,8.293,60,1-3y,16.33,south,A
ln_2264f4472456,2024-03-31,0,68374.14,20.08,15881.98,9.586,36,5-10y,15.42,south,B
ln_f37d6e9ddaba,2024-03-31,0,99725.96,23.75,16300.09,11.81,36,3-5y,17.83,north,A
ln_7451741cbc4b,2024-03-31,0,52608.21,22.49,10508.12,11.763,36,5-10y,18.59,east,A
ln_3ed48459f01f,2024-03-31,0,69324.28,22.56,19432.77,14.109,36,1-3y,9.24,west,B
ln_b99f1c0dd869,2024-03-31,0,101552.23,25.14,20373.1,12.005,36,3-5y,11.42,west,A
ln_4e4d22c66ff2,2024-03-31,0,34036.3,18.01,11132.41,11.642,60,5-10y,14.36,west,A
ln_1a1f23748807,2024-03-31,0,66932.2,21.53,9411.18,7.362,36,5-10y,12.24,north,A
ln_fa03a33eb5cb,2024-03-31,0,80819.88,23.35,8251.88,11.17,36,3-5y,10.47,east,B
ln_5b84354245c4,2024-03-31,0,63604.51,17.9,9809.53,10.818,36,5-10y,14.29,east,A
ln_2182f008cee0,2024-03-31,0,40771.48,22.44,19189.42,11.982,36,1-3y,16.94,south,A
ln_acae3b5cf3db,2024-03-31,0,70822.53,2.5,18759.53,5.831,36,5-10y,12.27,west,A
ln_a535f6a20ce1,2024-03-31,0,54378.89,19.88,17700.91,8.847,36,5-10y,9.33,east,A
ln_17f4d19594bc,2024-03-31,1,28085.33,31.99,8243.33,17.985,60,<1y,10.54,west,B
ln_7627912f4d62,2024-03-31,1,35875.76,33.24,16132.05,12.377,60,5-10y,12.7,south,B
ln_9817255100c5,2024-03-31,0,59061.06,20.74,16942.11,10.49,36,1-3y,14.68,north,B
ln_3e367b67a066,2024-03-31,1,66722.8,20.73,4993.72,11.991,36,<1y,7.61,south,B
ln_196f7d6228b4,2024-03-31,0,68153.3,25.47,70278.6,14.574,36,<1y,8.85,west,A
ln_586d25f66283,2024-03-31,0,37329.53,25.39,12253.34,14.936,60,10y+,17.39,north,A
ln_02014aaf13a6,2024-03-31,0,39200.84,20.27,21351.34,14.01,36,10y+,14.36,north,B
ln_67d4e4bdeaab,2024-03-31,0,48793.54,30.43,17757.93,14.023,36,1-3y,6.17,east,A
ln_1d475b8912b6,2024-03-31,0,90240.61,22.75,18196.19,10.17,36,10y+,15.09,west,A
ln_ce5c21eac029,2024-03-31,0,67644.1,16.68,19284.83,11.8,36,1-3y,6.95,north,A
ln_a2ffccac0b7c,2024-03-31,0,41406.17,24.54,8950.5,11.86,36,<1y,5.35,south,B
ln_46e5a30f57ff,2024-03-31,0,169922.01,13.14,23941.33,9.337,36,1-3y,18.92,west,B
ln_7ae05602f5a3,2024-03-31,0,86442.75,18.12,12249.12,10.071,36,5-10y,24.01,south,B
ln_3acc774d2dda,2024-03-31,0,82168.92,22.88,17413.75,9.1,36,1-3y,17.84,east,A
ln_f25e24293591,2024-03-31,0,96478.39,24.17,11322.47,12.718,36,5-10y,11.88,west,A
ln_f3f1106700e2,2024-03-31,0,243040.67,9.74,20770.11,11.93,60,1-3y,11.0,north,B
ln_d65a0d883a46,2024-03-31,0,45029.35,20.88,20158.96,13.918,36,5-10y,13.81,west,B
ln_bd2c28b7d253,2024-03-31,0,32155.86,19.05,28785.18,14.244,60,10y+,19.09,south,A
ln_9e1a3e6cdb41,2024-03-31,0,55103.06,28.49,8553.75,13.939,36,3-5y,6.13,west,A
ln_e7e4cd8af21d,2024-03-31,0,48412.81,14.02,18800.69,12.062,60,5-10y,7.09,north,A
ln_50c322bffccf,2024-03-31,0,86345.64,16.75,9655.93,10.339,36,5-10y,12.13,east,A
ln_436c2859ecae,2024-03-31,0,58503.47,20.12,19729.97,15.098,60,10y+,14.22,south,A
ln_99c567a48ee1,2024-03-31,0,44581.73,22.61,28053.25,12.333,36,5-10y,17.13,east,A
ln_3a8904ffb894,2024-03-31,0,46402.52,23.02,29360.99,13.178,36,10y+,16.43,east,A
ln_3f2ce95de1be,2024-03-31,0,73556.77,28.4,62490.46,13.473,36,1-3y,13.32,east,B
ln_1ad91f24829c,2024-03-31,0,68313.27,17.83,5645.22,9.111,36,5-10y,20.09,west,A
ln_88110d75b35e,2024-03-31,0,48758.82,22.26,5643.54,10.243,36,3-5y,19.76,south,A
ln_6a538b3fbed0,2024-03-31,0,44839.48,27.99,7314.42,15.667,60,5-10y,13.7,south,A
ln_35e3f4fefd10,2024-03-31,0,60752.03,16.04,26078.69,11.576,60,3-5y,9.49,east,A
ln_20cbfdc597a9,2024-03-31,0,61490.92,24.17,16452.51,9.989,36,1-3y,11.74,south,A
ln_c705175bac5b,2024-03-31,0,87345.37,38.75,23540.06,17.31,36,1-3y,21.08,north,A
ln_b9903b63ed6d,2024-03-31,0,38860.62,16.28,6618.74,6.841,36,1-3y,19.7,south,B
ln_0fc68232b81d,2024-03-31,0,93074.81,21.83,19030.74,11.214,36,1-3y,21.68,east,B
ln_9511f4862fd2,2024-03-31,0,48087.72,34.58,6548.84,19.243,36,3-5y,10.04,east,A
ln_fead83bae074,2024-03-31,0,36330.47,13.59,7709.06,6.551,36,1-3y,16.27,west,A
ln_4ae951786e0e,2024-03-31,0,66065.98,12.74,14066.81,5.862,36,5-10y,24.62,north,A
ln_e0d9f3bbeb2f,2024-03-31,0,35310.66,26.95,14110.36,13.181,36,3-5y,19.52,north,A
ln_b62dc82a157e,2024-03-31,0,61622.35,19.83,19398.74,12.66,36,3-5y,11.44,south,A
ln_7ec0b537b383,2024-03-31,0,38122.15,15.92,11237.71,11.081,36,3-5y,15.9,east,B
ln_e6ff81e6e76c,2024-03-31,1,56203.94,12.51,22738.16,13.915,36,10y+,8.75,east,B
ln_c8902f198273,2024-03-31,0,49401.41,24.75,18157.26,15.402,60,1-3y,18.6,north,A
ln_579747287c51,2024-03-31,0,78472.48,24.01,10758.36,13.471,36,<1y,5.11,west,A
ln_b26f9a8785bf,2024-03-31,0,53541.09,24.37,6464.94,15.363,36,5-10y,10.15,east,A
ln_08ad8435ee99,2024-03-31,0,40045.35,23.03,25606.36,16.105,36,1-3y,9.35,east,B
ln_7c251e1f38cb,2024-03-31,0,61279.6,22.78,8579.01,12.086,36,3-5y,8.59,east,B
ln_2bc2cbe4f0e4,2024-03-31,0,199030.68,20.3,22660.88,16.413,36,3-5y,15.53,north,B
ln_942af5e9f501,2024-03-31,0,48009.29,21.05,16782.86,9.523,36,5-10y,14.12,east,B
ln_242969b752d0,2024-03-31,0,68518.65,16.01,11464.37,9.63,36,3-5y,15.02,east,A
ln_5f56f7376324,2024-03-31,1,93823.83,16.7,3894.32,5.403,36,3-5y,21.9,south,B
ln_ec05d89aea29,2024-03-31,0,56284.14,28.11,28768.16,13.394,36,1-3y,9.29,north,A
ln_d9851c8f3761,2024-03-31,0,53361.49,12.2,13826.37,10.774,36,<1y,7.77,east,A
ln_d91392bc6066,2024-03-31,0,37292.65,15.07,11688.24,9.274,36,10y+,10.29,north,B
ln_1b4ee1a1f844,2024-03-31,0,47076.18,28.6,19443.41,13.197,60,5-10y,16.92,west,A
ln_b2cf20385c43,2024-03-31,0,87356.2,29.9,4708.98,17.811,60,1-3y,8.57,south,A
ln_554cf159e0ac,2024-03-31,1,31898.55,17.05,22036.17,10.989,36,<1y,20.99,west,A
ln_935c2c0834ea,2024-03-31,0,47553.69,39.3,28951.06,15.877,36,3-5y,12.86,north,A
ln_6f6af5899e18,2024-03-31,0,39114.32,11.86,26510.99,8.85,36,1-3y,9.19,north,B
ln_336071a3ac2c,2024-03-31,1,52306.87,23.28,65898.57,14.709,60,5-10y,14.57,north,B
ln_674d0e3cafb3,2024-03-31,0,61658.24,30.94,8779.11,17.372,36,10y+,13.23,south,A
ln_638aa12c28fc,2024-03-31,0,97883.6,23.21,12888.18,14.344,36,10y+,9.19,north,A
ln_2ff7c63eadc1,2024-03-31,0,65593.26,24.74,21175.7,13.29,60,1-3y,24.86,west,A
ln_09fc8cb10c4d,2024-03-31,0,77575.86,36.21,18057.51,14.256,36,10y+,12.75,north,B
ln_a774e1fcfa1c,2024-03-31,0,62424.67,26.92,23019.35,10.019,36,1-3y,11.85,west,A
ln_78a6e6425983,2024-03-31,1,58255.72,36.29,8597.44,17.541,36,1-3y,13.7,south,A
ln_087e5c9a623f,2024-03-31,0,87216.92,7.07,7274.44,9.392,60,1-3y,11.83,south,A
ln_88107bd79df9,2024-03-31,0,58790.74,34.29,13132.58,16.202,36,5-10y,18.07,north,A
ln_251c2dbe5d33,2024-03-31,0,40388.36,21.47,20258.45,10.019,60,1-3y,13.77,south,A
ln_52cd8d02790e,2024-03-31,0,96384.63,22.34,22569.47,9.634,36,1-3y,15.61,north,A
ln_a6a428104fdc,2024-03-31,0,73869.63,23.81,7254.62,11.365,36,1-3y,11.41,south,A
ln_f868db68d45f,2024-03-31,0,66936.63,5.04,6378.86,8.305,36,5-10y,13.6,west,A
ln_9c5f410d8d1a,2024-03-31,0,50195.21,22.09,23208.23,15.369,36,10y+,15.76,south,A
ln_95b7ca440497,2024-03-31,0,58526.99,17.44,5376.92,9.919,60,1-3y,11.25,east,A
ln_1f4cab59ed68,2024-03-31,0,94293.07,29.36,12249.67,13.639,36,3-5y,15.37,south,A
ln_a73bdb8cf72f,2024-03-31,0,30340.62,27.48,24975.38,12.497,36,10y+,17.86,west,A
ln_a17251c12d59,2024-03-31,0,90405.99,36.77,9437.97,17.639,36,10y+,13.87,east,B
ln_879ba0d4fc8f,2024-03-31,1,36656.38,17.99,50439.68,13.849,36,1-3y,12.18,south,A
ln_2902045fd3fc,2024-03-31,0,86796.95,35.88,13997.01,16.565,60,3-5y,5.84,south,A
ln_9e0b2f344d7f,2024-03-31,0,121469.83,15.19,21449.25,11.714,36,3-5y,8.08,south,A
ln_972adc17e8a3,2024-03-31,0,34920.93,11.27,31389.99,8.599,36,3-5y,10.75,north,A
ln_bd7846230984,2024-03-31,1,59403.67,25.11,4867.4,13.773,36,5-10y,11.09,south,A
ln_77495639827c,2024-03-31,0,91679.75,19.77,9022.49,10.357,36,3-5y,15.31,west,B
ln_85fc1a76f2e2,2024-03-31,0,65038.51,11.4,15958.83,8.166,36,3-5y,6.8,south,B
ln_9694364af7d0,2024-03-31,0,40236.46,5.18,18899.5,4.997,36,1-3y,13.95,east,B
ln_25e043d32d6c,2024-03-31,0,107294.39,18.18,52165.52,10.458,60,3-5y,9.13,south,A
ln_0be5dd5b874c,2024-03-31,0,57861.35,31.71,5029.02,14.294,36,1-3y,15.88,north,A
ln_4690d7bdffe3,2024-03-31,0,89648.16,29.27,3799.61,15.372,36,1-3y,5.44,west,B
ln_374c21eaf95d,2024-03-31,0,151012.68,14.23,17254.99,7.962,60,10y+,13.37,west,A
ln_8f1766996778,2024-03-31,0,38904.09,1.78,13345.79,5.285,36,<1y,15.9,south,A
ln_e47ff40f06c0,2024-03-31,0,80085.21,20.42,11495.52,11.713,36,5-10y,9.73,north,B
ln_2746fa1ad250,2024-03-31,0,94426.06,8.1,8964.11,4.662,60,1-3y,16.53,west,B
ln_74ee69fe306e,2024-03-31,0,53331.41,14.7,8731.92,11.563,36,1-3y,16.39,south,B
ln_8f216fd48058,2024-03-31,0,127999.87,16.87,9577.81,11.905,60,3-5y,9.65,south,A
ln_748d6b251c53,2024-03-31,0,104997.44,24.53,19652.61,7.581,36,3-5y,21.5,north,A
ln_0c1acbecb674,2024-03-31,0,128680.15,27.87,12862.0,12.03,36,10y+,10.05,east,A
ln_1132ae4a07b0,2024-03-31,0,42466.21,26.63,26266.04,14.271,36,5-10y,12.72,east,A
ln_f8e9d946aa44,2024-03-31,0,111818.85,12.45,18214.42,9.16,36,5-10y,16.14,south,B
ln_69c1128fe2ac,2024-03-31,0,62787.02,25.44,20208.3,12.99,60,<1y,11.89,west,B
ln_6c135347d193,2024-03-31,0,66405.88,16.15,8643.51,11.808,36,<1y,11.53,west,B
ln_975706a6acec,2024-03-31,0,73536.5,13.69,16380.16,8.244,60,10y+,13.23,north,A
ln_1bffa47ee7c0,2024-03-31,0,45458.52,30.26,42180.93,11.308,36,1-3y,12.38,south,A
ln_dd9db472a618,2024-03-31,0,63144.84,21.74,8610.24,11.887,36,3-5y,10.34,west,A
ln_d7ce14465053,2024-03-31,0,35205.1,15.72,13440.28,10.228,36,<1y,9.05,east,A
ln_afdcf2be3f8c,2024-03-31,0,70048.62,13.7,20657.57,10.42,36,5-10y,11.46,west,B
ln_3e174ffb9d17,2024-03-31,0,72632.16,24.34,21528.02,10.328,60,5-10y,20.42,west,A
ln_0e1d31f3007f,2024-03-31,0,83776.85,12.54,6994.56,13.638,60,10y+,14.65,north,A
ln_d6adadb146fb,2024-03-31,1,35237.44,28.14,21809.37,17.532,36,3-5y,12.08,east,B
ln_755e4a3cdda0,2024-03-31,0,91402.4,20.17,22850.8,15.422,36,5-10y,18.01,south,A
ln_e07d3658a7d2,2024-03-31,1,35339.91,25.76,8928.87,17.302,60,<1y,7.54,south,A
ln_5f51db87b464,2024-03-31,0,53672.39,24.82,12319.11,8.803,36,<1y,7.0,north,A
ln_82bb5fb4773f,2024-03-31,0,118714.97,30.8,9646.7,15.585,60,5-10y,10.58,east,A
ln_ab4a78a75eb5,2024-03-31,0,35141.32,10.65,9421.18,4.78,36,3-5y,15.27,north,B
ln_5fef3d67297f,2024-03-31,0,49805.94,39.28,10079.32,12.975,36,10y+,26.51,west,B
ln_b04159b48ba0,2024-03-31,0,82836.23,18.25,15507.31,9.461,36,3-5y,6.41,west,B
ln_0108b0bc6b89,2024-03-31,0,87301.94,32.73,22307.64,19.383,36,10y+,12.4,north,A
ln_3134d2abddab,2024-03-31,0,39602.17,22.02,9909.75,6.785,36,1-3y,14.15,south,A
ln_601ecdd58d3d,2024-03-31,0,51471.91,15.23,10641.14,10.034,36,10y+,17.17,east,B
ln_24c573ac0b9e,2024-03-31,0,96053.22,16.43,14968.03,9.665,36,10y+,18.05,south,B
ln_c685eb7602d3,2024-03-31,0,72211.35,10.59,4780.02,7.514,36,<1y,9.07,east,A
ln_821232ecc910,2024-03-31,0,72654.34,23.02,28574.94,14.366,36,5-10y,12.01,north,B
ln_64a6e11d1774,2024-03-31,0,73211.18,29.81,37713.06,15.421,36,5-10y,13.31,south,B
ln_4f62f65f1b9a,2024-03-31,0,51312.66,29.37,6104.09,15.147,36,<1y,9.09,west,A
ln_9e47f46e23ef,2024-03-31,1,29752.59,11.99,6807.81,7.84,36,3-5y,11.73,south,A
ln_aac90eb830c3,2024-03-31,0,64270.86,18.57,9317.19,10.235,36,1-3y,16.93,south,B
ln_eaa1af08f3dd,2024-03-31,1,56936.65,28.06,21021.77,8.969,36,3-5y,13.22,east,B
ln_b3a24b9a3b06,2024-03-31,0,42140.5,29.35,8655.89,15.548,36,1-3y,4.29,south,A
