loan_id,as_of_date,default_flag,annual_income,debt_to_income,loan_amount,interest_rate,term_months,employment_length,credit_history_length,region,fairness_group
ln_8fcddf35dbd2,2024-06-30,0,30465.98,31.19,18585.7,18.603,60,1-3y,11.47,east,B
ln_13a98538fb4e,2024-06-30,0,36848.17,20.96,15647.89,14.259,36,<1y,12.73,east,B
ln_679e0edb3067,2024-06-30,0,100255.32,0.5,8719.65,5.299,60,1-3y,10.18,east,B
ln_c2a597f6f284,2024-06-30,0,55380.65,9.22,30701.97,9.032,36,1-3y,23.27,south,B
ln_1ea671c3cdb2,2024-06-30,1,127077.22,31.65,12711.41,14.158,36,1-3y,10.02,east,A
ln_568b4da8dc13,2024-06-30,0,43728.27,8.39,8513.34,10.491,60,<1y,18.39,south,B
ln_2126de42a105,2024-06-30,0,40311.59,19.57,11543.85,12.027,36,3-5y,29.91,north,A
ln_6d486b9a5411,2024-06-30,0,127127.29,15.72,43399.69,9.33,36,5-10y,9.81,south,A
ln_fa29766fdba9,2024-06-30,0,57003.14,30.12,20488.0,12.631,36,10y+,18.23,east,A
ln_39248c2dac7d,2024-06-30,0,28117.0,27.31,13530.19,14.176,36,1-3y,15.66,north,A
ln_5e23eb38a9ad,2024-06-30,1,74285.35,31.2,21398.96,17.346,36,1-3y,6.78,south,A
ln_eae3494e4fe0,2024-06-30,1,105926.85,35.44,23089.61,15.35,36,5-10y,13.08,north,A
ln_58b58d1eead7,2024-06-30,0,46951.96,34.23,19400.95,18.209,36,5-10y,9.69,west,A
ln_3af96806729b,2024-06-30,0,94447.82,23.34,7731.58,14.204,36,5-10y,10.01,south,B
ln_23c6a523e98c,2024-06-30,0,87909.59,11.56,34774.3,9.351,36,10y+,15.51,west,A
ln_5c6edbe71102,2024-06-30,0,44514.79,8.67,20347.99,7.191,36,10y+,15.42,west,A
ln_dc3f7fecdca5,2024-06-30,0,20829.2,18.25,18088.48,13.089,60,5-10y,13.48,north,A
ln_61efd747f484,2024-06-30,0,91142.83,17.27,14147.77,11.132,36,3-5y,8.0,east,B
ln_7343fe6abaa9,2024-06-30,0,43433.41,24.67,12770.25,13.69,36,5-10y,11.8,north,B
ln_5faf827eaa5a,2024-06-30,0,69242.66,15.77,6894.94,9.149,36,5-10y,10.82,east,A
ln_fc3eaffce95c,2024-06-30,0,99410.2,15.63,13785.75,11.392,36,3-5y,7.65,south,A
ln_75b9ed43bd2d,2024-06-30,0,24810.54,18.49,12393.42,9.758,36,10y+,17.99,east,B
ln_5831c5038ef3,2024-06-30,0,28479.2,24.87,7853.66,10.843,60,1-3y,9.8,south,A
ln_5e4cb3754722,2024-06-30,0,60515.95,16.68,11545.45,10.795,36,1-3y,16.0,south,B
ln_070447fba50e,2024-06-30,1,34202.25,22.95,11968.51,12.549,36,10y+,10.27,north,B
ln_4b90a1c0dbd7,2024-06-30,0,25119.79,18.85,33556.18,11.566,36,3-5y,10.43,south,A
ln_0a9a1d3f6b58,2024-06-30,1,70093.87,27.85,14190.76,15.917,36,10y+,12.21,east,A
ln_813170a090c5,2024-06-30,0,88791.27,21.4,13208.97,10.489,60,10y+,20.87,north,A
ln_b2aa58c724a7,2024-06-30,0,31154.11,32.77,7781.58,14.151,36,10y+,15.02,south,A
ln_76b2ad79b9c4,2024-06-30,0,58771.14,25.37,10260.01,11.334,36,10y+,16.35,north,A
ln_7879af668e72,2024-06-30,1,37330.54,36.56,5982.99,19.999,36,3-5y,10.38,south,B
ln_f8f5f1278f3e,2024-06-30,0,28973.14,37.68,9516.07,16.432,36,3-5y,12.64,west,A
ln_6b3a4e252c2f,2024-06-30,0,167651.85,7.78,7328.2,11.059,60,1-3y,12.84,north,A
ln_6ef8560465bf,2024-06-30,0,77269.99,13.15,5842.18,8.907,60,<1y,10.03,north,A
ln_b6e9f757f22a,2024-06-30,0,33748.47,36.99,20733.22,15.015,36,3-5y,12.71,south,A
ln_4a3ed2093d2d,2024-06-30,0,63549.07,17.76,9286.12,14.053,36,1-3y,13.13,east,B
ln_b88339af2aee,2024-06-30,1,58444.83,25.75,7031.52,12.293,60,1-3y,13.05,south,A
ln_fa071605aff3,2024-06-30,0,64727.98,19.63,29430.5,14.757,60,5-10y,17.09,east,A
ln_ca25d4d7ab81,2024-06-30,0,33912.59,35.19,14303.98,12.779,36,1-3y,13.73,east,A
ln_cf6137aa78ab,2024-06-30,0,48856.38,28.75,16432.59,16.693,60,1-3y,14.36,west,B
ln_038410bf61b5,2024-06-30,0,67688.03,31.45,20126.83,15.236,36,1-3y,9.2,north,A
ln_159d003566a2,2024-06-30,0,45731.44,12.59,9644.41,8.896,60,3-5y,10.87,east,A
ln_ea9820d5000b,2024-06-30,0,56633.47,13.88,7609.31,4.988,36,5-10y,19.43,west,A
ln_84559ad99f88,2024-06-30,0,85715.81,30.19,8344.36,16.508,36,3-5y,12.19,north,A
ln_29bf0b02954b,2024-06-30,0,58310.92,17.91,12046.3,10.944,36,5-10y,20.92,east,A
ln_1e95c1a7132d,2024-06-30,0,31569.28,30.8,15528.13,16.13,60,1-3y,18.93,south,B
ln_381907fa693e,2024-06-30,0,46601.47,28.93,12512.99,14.374,36,3-5y,19.7,north,A
ln_37061fbc03c7,2024-06-30,0,94349.39,18.8,10612.84,7.086,36,1-3y,19.4,north,B
ln_be289307c4c3,2024-06-30,0,110705.85,33.06,16618.83,14.499,36,5-10y,22.9,north,A
ln_aecb726fe8c2,2024-06-30,0,90199.02,20.06,19164.21,8.725,36,3-5y,12.28,south,B
ln_3bdae9390e6f,2024-06-30,0,53316.47,35.55,15046.99,18.642,36,3-5y,17.46,north,B
ln_05b7aaccf05e,2024-06-30,0,54570.03,11.54,7886.21,8.664,60,10y+,19.82,east,A
ln_b6f8e4021228,2024-06-30,1,34442.82,33.64,43757.32,21.109,36,1-3y,8.57,west,A
ln_f08dce7e7be3,2024-06-30,0,84739.56,17.83,21977.82,12.606,60,5-10y,10.74,south,A
ln_cdbee0e81a93,2024-06-30,0,41495.39,32.28,22840.19,16.269,60,<1y,6.7,south,B
ln_cfdbf3699461,2024-06-30,0,35417.8,24.92,14768.27,19.209,36,3-5y,7.32,south,A
ln_e086abeb4a77,2024-06-30,0,84682.52,8.91,20403.8,7.801,36,3-5y,8.53,east,B
ln_ee446cc2409d,2024-06-30,0,52095.43,19.78,28695.81,11.394,36,1-3y,8.87,east,A
ln_672bb07c25c4,2024-06-30,0,57203.8,33.38,27831.3,18.772,60,1-3y,7.16,west,A
ln_7f82778515e5,2024-06-30,0,61172.3,20.74,22806.27,14.49,36,5-10y,9.3,east,B
ln_310c92f5df2a,2024-06-30,0,71985.03,24.66,6949.17,16.291,36,1-3y,5.38,east,B
ln_3506880755d5,2024-06-30,1,45699.27,29.97,7165.14,16.596,36,3-5y,18.36,south,A
ln_9ace9a9abe9b,2024-06-30,0,47148.51,16.5,9904.59,12.319,36,1-3y,13.17,east,A
ln_50756193cf67,2024-06-30,0,55963.13,6.87,18388.86,10.719,36,1-3y,14.7,north,A
ln_209b1dfe6694,2024-06-30,0,30895.13,25.73,12193.36,11.228,60,3-5y,18.24,west,A
ln_b19fe13f3085,2024-06-30,0,60929.85,21.22,42289.86,11.107,36,<1y,13.87,east,A
ln_e9bd3a677f6e,2024-06-30,0,235501.16,19.61,11955.92,12.794,36,1-3y,16.06,west,B
ln_6f9df5764422,2024-06-30,0,51846.93,20.18,16311.86,9.481,36,5-10y,12.17,west,B
ln_5e41f5fc89e8,2024-06-30,0,88440.66,20.97,7135.55,9.28,36,10y+,20.09,east,A
ln_34ba34ff3e28,2024-06-30,0,53638.8,12.6,11004.24,10.59,36,10y+,9.65,north,A
ln_637b2cbe8456,2024-06-30,0,38718.03,22.92,25998.58,10.335,36,1-3y,8.18,east,A
ln_f68af9ab218b,2024-06-30,1,47705.39,27.93,19677.99,12.411,36,<1y,16.78,south,B
ln_e84851eb68e5,2024-06-30,1,42455.16,29.07,4823.31,11.784,60,1-3y,8.55,east,A
ln_66c4786eec19,2024-06-30,0,68685.23,27.6,9206.11,15.015,36,5-10y,10.8,north,A
ln_938dcd3b0f4d,2024-06-30,0,73653.89,30.03,6036.47,13.068,60,10y+,13.53,north,A
ln_c8b2e623cc12,2024-06-30,0,64834.62,34.78,14667.81,18.923,36,3-5y,11.68,south,B
ln_2df81f30ed4a,2024-06-30,0,46497.93,0.5,6873.13,7.271,36,<1y,11.04,east,B
ln_e2e2bc9cced6,2024-06-30,1,54298.2,21.88,11781.33,15.686,60,3-5y,8.43,north,A
ln_9bab459fef6f,2024-06-30,0,38048.55,35.51,16828.41,19.929,36,3-5y,8.49,west,B
ln_6469063d0fda,2024-06-30,0,56555.71,18.03,9193.01,14.809,36,1-3y,13.62,north,A
ln_5f154816e195,2024-06-30,0,38376.81,24.45,11912.88,15.209,36,1-3y,15.37,east,A
ln_bcb8f2035d02,2024-06-30,0,69197.98,2.28,11690.52,5.72,60,1-3y,19.01,south,A
ln_4045864b04d6,2024-06-30,0,104560.86,12.09,14465.37,8.464,36,3-5y,14.59,south,B
ln_d571800db309,2024-06-30,0,43544.61,23.88,17900.05,14.149,60,10y+,17.92,west,B
ln_eeb5bcd4b412,2024-06-30,0,53462.34,16.01,12432.85,11.394,60,3-5y,12.46,north,B
ln_fc786e114cb6,2024-06-30,0,33214.58,21.86,10608.21,11.131,36,5-10y,7.4,south,B
ln_9a5b9b09048d,2024-06-30,0,56439.06,36.87,3279.2,18.281,60,5-10y,30.62,east,B
ln_815ec8d0ba72,2024-06-30,1,36920.12,54.64,8113.82,22.813,36,10y+,21.58,south,A
ln_4484c7d59184,2024-06-30,0,41840.24,24.78,8434.3,13.961,36,1-3y,8.18,east,A
ln_65b61ca2372b,2024-06-30,0,33752.78,13.19,25724.94,10.898,60,3-5y,19.0,north,A
ln_8e4c97096128,2024-06-30,1,76307.0,41.93,20927.42,17.198,36,1-3y,20.58,north,B
ln_e03737060eb5,2024-06-30,0,40339.3,20.35,7101.91,12.545,60,1-3y,9.21,east,A
ln_a18b1acdbe9c,2024-06-30,0,119318.05,17.57,19053.5,11.676,60,1-3y,13.1,south,B
ln_84a8ff8f00bc,2024-06-30,0,134062.46,31.26,29840.17,17.234,36,1-3y,6.93,east,A
ln_a4881b690a78,2024-06-30,1,30075.22,35.85,9650.35,18.211,36,<1y,6.29,east,A
ln_66214107d782,2024-06-30,0,35874.18,10.43,13907.6,10.727,36,3-5y,18.12,east,A
ln_dc67ee03ee88,2024-06-30,0,39095.14,15.14,5786.47,10.538,36,10y+,18.73,east,B
ln_5f5cba5034ed,2024-06-30,0,58089.02,17.22,11675.4,8.969,36,3-5y,9.15,south,A
ln_d8f4fd0cb544,2024-06-30,0,48745.03,17.57,8775.21,16.81,60,5-10y,16.79,north,B
ln_205e4b296ed7,2024-06-30,0,89963.29,21.76,23151.51,12.083,60,<1y,13.69,north,B
ln_c7b4cebc43d7,2024-06-30,0,45863.53,11.99,24138.04,8.837,36,3-5y,12.96,south,A
ln_c05cb1b06833,2024-06-30,0,165540.45,6.82,36122.19,8.341,60,<1y,14.22,south,A
ln_a59a7ad2eccc,2024-06-30,0,34447.01,28.93,5787.42,12.838,36,10y+,12.18,west,A
ln_c1e23cb44e4f,2024-06-30,0,89537.57,10.19,22355.18,8.229,60,<1y,4.92,south,A
ln_0e17f366fef0,2024-06-30,0,23257.89,34.39,8195.55,17.987,36,5-10y,11.16,west,A
ln_6a7f76f46f71,2024-06-30,1,33597.71,25.4,13226.76,14.33,36,1-3y,6.18,east,A
ln_7d7b1238cc62,2024-06-30,0,90581.22,17.98,12475.09,12.035,60,3-5y,12.01,north,B
ln_5723e849e5c1,2024-06-30,1,57455.53,33.11,11094.45,19.448,36,<1y,12.84,west,B
ln_2da5ed857420,2024-06-30,1,99123.39,18.1,33222.85,13.004,60,1-3y,10.67,east,B
ln_a0a788bab069,2024-06-30,0,70704.48,14.65,18538.1,7.375,36,3-5y,11.27,south,B
ln_45c8271abce9,2024-06-30,0,114435.99,25.89,20234.32,13.448,60,10y+,23.07,south,B
ln_e0e7c751c514,2024-06-30,0,47817.9,29.87,8541.6,12.738,36,3-5y,8.16,east,B
ln_f3633b152750,2024-06-30,0,151642.89,30.65,19546.67,19.033,36,3-5y,18.74,west,A
ln_bb1ea9d882bc,2024-06-30,0,39652.22,23.28,16537.34,12.018,36,1-3y,26.16,east,B
ln_eaf817c08fa5,2024-06-30,0,41266.59,27.69,17718.5,9.948,36,<1y,7.77,south,A
ln_1ef949cc4686,2024-06-30,1,79562.47,32.96,11933.79,20.143,36,3-5y,6.83,north,B
ln_749f35c23d16,2024-06-30,0,45318.67,12.16,33389.77,12.283,36,5-10y,16.8,west,B
ln_3c2f623ce34f,2024-06-30,1,128520.92,36.84,16273.67,17.461,36,3-5y,20.02,south,A
ln_6ce16ae93164,2024-06-30,0,63938.13,12.64,18127.16,8.781,36,3-5y,15.61,east,A
ln_de0d25fa5491,2024-06-30,0,129727.79,7.14,14326.95,9.536,36,5-10y,12.58,north,B
ln_1158b14a3d17,2024-06-30,0,46859.05,29.75,8722.72,16.128,60,10y+,21.2,west,A
ln_1a9f8451674f,2024-06-30,0,70836.13,6.56,24145.93,8.635,36,5-10y,15.48,north,B
ln_bfce40512ad2,2024-06-30,0,40865.71,33.8,11442.6,15.426,60,10y+,34.76,west,B
ln_a948f2905588,2024-06-30,0,45263.39,21.18,22693.39,13.783,36,<1y,1.78,west,B
ln_60aac771b612,2024-06-30,1,43464.57,27.33,7110.39,13.642,36,<1y,9.0,south,A
ln_b14dc74f3302,2024-06-30,0,51971.71,35.54,21962.62,17.664,36,5-10y,8.5,south,B
ln_f53b58f48dc6,2024-06-30,1,41070.48,25.19,6881.51,15.501,60,1-3y,13.9,north,B
ln_70924093eb91,2024-06-30,0,70570.62,15.34,16970.39,15.447,60,<1y,7.17,east,A
ln_205b0f412448,2024-06-30,0,107766.09,23.35,26399.03,17.699,36,<1y,8.4,north,B
ln_81a73067ffbe,2024-06-30,0,120739.63,28.72,24323.47,10.75,36,1-3y,12.32,south,B
ln_cbfe3848d921,2024-06-30,1,35295.99,42.16,15561.4,19.647,36,10y+,13.47,east,A
ln_f5925c110eb6,2024-06-30,0,26520.68,21.73,8799.32,14.194,60,<1y,14.85,north,A
ln_a9dfea136889,2024-06-30,0,61750.74,12.95,14069.27,9.955,36,3-5y,10.41,south,A
ln_43779747efee,2024-06-30,0,58631.25,3.21,11505.15,9.213,60,3-5y,8.42,west,B
ln_97a6b9695483,2024-06-30,0,59611.57,16.92,10184.43,13.088,60,<1y,10.66,west,B
ln_32e0170608af,2024-06-30,0,61151.28,21.13,44047.38,12.885,60,3-5y,17.29,west,A
ln_59286ce3f575,2024-06-30,0,32143.4,14.35,9982.29,6.459,36,1-3y,13.49,south,A
ln_f269a3f537b0,2024-06-30,0,42829.76,32.78,58093.74,13.398,36,10y+,13.5,east,B
ln_bc58281a0e11,2024-06-30,0,31309.24,28.38,14434.6,15.472,36,3-5y,9.2,east,B
ln_6c1cd66786f2,2024-06-30,1,63220.97,21.73,7348.6,13.809,36,5-10y,7.26,north,B
ln_490d1536a0c6,2024-06-30,0,87069.8,16.55,10744.2,9.899,36,1-3y,11.32,west,B
ln_22071fd03d8c,2024-06-30,0,51324.48,31.56,8256.41,16.378,36,3-5y,14.59,east,A
ln_0a33663411da,2024-06-30,1,83150.27,30.88,6200.48,15.091,36,5-10y,19.72,north,B
ln_a0ce2f414d20,2024-06-30,0,63018.86,17.68,15251.05,13.473,36,5-10y,9.68,north,A
ln_94842d8497e6,2024-06-30,0,59933.21,15.91,18660.7,11.32,36,3-5y,17.34,west,A
ln_ff61a8cef851,2024-06-30,1,43053.66,36.63,9791.78,18.976,36,5-10y,14.38,west,B
ln_28fb8c275ae7,2024-06-30,1,52983.31,43.91,8064.84,17.483,36,3-5y,14.31,south,A
ln_4bb34975b4f9,2024-06-30,0,44039.27,23.12,9327.84,12.272,60,10y+,18.3,east,A
ln_674a88f0cebc,2024-06-30,1,34180.67,27.23,8907.59,13.314,36,1-3y,11.11,east,B
ln_ca6409241a81,2024-06-30,0,90982.96,24.5,9318.13,14.168,36,1-3y,9.72,east,B
ln_e6a773ee183c,2024-06-30,0,96030.42,23.04,23187.21,11.667,36,5-10y,21.64,north,B
ln_1545d5f6afba,2024-06-30,1,40982.93,19.09,3683.84,13.429,36,<1y,7.66,west,B
ln_d87263986ce8,2024-06-30,0,89242.42,26.05,14772.13,16.757,60,1-3y,6.21,west,A
ln_821cd153df9c,2024-06-30,0,112805.82,22.48,7705.36,8.512,36,5-10y,21.35,south,A
ln_5406cc52df8c,2024-06-30,0,103299.75,24.51,10007.34,15.29,36,<1y,9.56,west,B
ln_c26da1787348,2024-06-30,0,33593.73,22.7,12323.36,12.223,36,10y+,18.86,north,A
ln_f762b487c11c,2024-06-30,0,82714.26,26.85,28884.43,15.515,36,1-3y,9.89,north,A
ln_a2c80909d3be,2024-06-30,0,57928.83,18.18,10949.97,12.102,36,10y+,15.62,north,A
ln_0a5fb1f22534,2024-06-30,0,52482.15,15.29,11721.27,14.568,36,10y+,14.19,west,A
ln_ab35950d1b63,2024-06-30,1,46908.9,28.14,13977.28,14.075,60,10y+,16.85,east,A
ln_db2232ae09b4,2024-06-30,0,60627.25,26.5,4081.91,16.697,60,1-3y,10.33,north,A
ln_3e6081414039,2024-06-30,0,53028.83,21.81,22859.1,15.096,60,5-10y,8.78,west,A
ln_787a8cbf8df0,2024-06-30,1,66813.5,19.27,11274.62,14.213,60,3-5y,8.81,east,B
ln_d74fece8e415,2024-06-30,0,109656.38,34.7,11081.94,16.686,36,1-3y,12.99,north,A
ln_c855e1f0c967,2024-06-30,0,27867.87,16.37,6687.76,7.837,36,3-5y,21.47,west,B
ln_3d33a735cb9b,2024-06-30,0,27963.78,19.01,14737.51,10.878,36,1-3y,4.41,north,A
ln_8284c9706377,2024-06-30,0,68728.18,10.01,31206.27,12.816,36,1-3y,9.84,west,B
ln_57a3e011de14,2024-06-30,0,51445.96,14.67,16298.14,10.384,36,3-5y,9.49,east,B
ln_cc1c0bdedceb,2024-06-30,0,72875.44,25.47,6344.01,14.927,36,1-3y,8.17,west,B
ln_35751bb19a29,2024-06-30,0,87758.84,25.81,21198.78,15.134,36,1-3y,7.81,north,B
ln_ab6583142684,2024-06-30,0,62687.74,30.04,19502.33,12.905,36,1-3y,10.31,west,A
ln_e4578d8abece,2024-06-30,0,59718.27,30.36,8430.57,16.183,60,1-3y,17.28,north,B
ln_7d5685b0f8f5,2024-06-30,0,34905.0,26.03,41790.95,13.648,36,1-3y,14.31,north,A
ln_7bc44801aa5e,2024-06-30,0,38256.02,24.64,6664.41,14.849,36,3-5y,13.49,east,A
ln_da051e1ee138,2024-06-30,0,56044.33,25.98,11370.55,8.237,36,10y+,10.33,south,A
ln_6294fbf25f2c,2024-06-30,0,65146.23,9.96,18042.75,7.887,36,10y+,13.34,west,A
ln_9c67228adbb9,2024-06-30,0,59137.42,21.01,37510.15,17.945,36,<1y,7.91,south,A
ln_04ebf7f1052a,2024-06-30,0,84476.67,30.3,17302.67,16.695,36,10y+,13.44,east,A
ln_8edac5af5202,2024-06-30,1,52948.68,36.76,8014.67,20.221,36,<1y,1.86,north,B
ln_a1ba11986b4c,2024-06-30,0,43819.16,34.02,16556.55,16.403,36,<1y,4.87,west,A
ln_12d3c4b033d0,2024-06-30,0,31861.97,25.74,34482.61,14.239,60,1-3y,13.68,south,A
ln_aa938fff9ce0,2024-06-30,0,113070.47,27.87,75512.26,13.045,36,10y+,17.03,south,A
ln_08bff2048e5c,2024-06-30,0,124682.85,21.83,9072.73,11.576,36,10y+,14.66,north,B
ln_240ac5abf82d,2024-06-30,0,63925.62,28.96,13154.63,17.217,60,10y+,10.67,west,A
ln_b44ccf04b09c,2024-06-30,0,54249.48,12.08,21745.4,5.526,36,10y+,22.74,south,A
ln_9738957ab610,2024-06-30,0,40107.02,19.62,13670.4,13.068,36,3-5y,11.21,north,B
ln_6ff68e05b9f1,2024-06-30,0,44518.25,28.54,39761.6,14.497,36,1-3y,5.45,north,A
ln_79e882338dfe,2024-06-30,1,57538.14,33.75,13325.19,13.04,36,1-3y,8.76,east,A
ln_e26e49c39c66,2024-06-30,0,31150.17,33.41,16068.01,16.77,36,<1y,21.67,south,A
ln_3a16bbd58972,2024-06-30,0,107653.07,18.65,13214.43,8.85,60,1-3y,12.84,west,A
ln_2674da2b5eda,2024-06-30,0,49486.1,20.17,4677.41,16.126,60,1-3y,6.03,north,B
ln_6a0643d00262,2024-06-30,1,66232.23,19.17,22253.46,12.66,36,1-3y,5.7,west,B
ln_1d7b69e7b781,2024-06-30,0,71280.9,17.91,23504.08,10.648,36,<1y,13.5,east,B
ln_21118616c767,2024-06-30,0,128003.47,18.38,8937.45,13.439,36,5-10y,13.34,south,B
ln_45e3f97aa2cf,2024-06-30,0,41557.17,22.86,10902.62,11.87,36,5-10y,11.45,south,B
ln_d3cdd16013ae,2024-06-30,0,52278.06,17.91,11868.24,15.933,36,5-10y,11.83,south,A
ln_401e3223d22a,2024-06-30,0,80153.23,31.32,8967.22,11.745,36,5-10y,17.3,south,A
ln_98de8089c131,2024-06-30,0,177018.92,17.04,37173.76,6.682,36,1-3y,21.79,south,A
ln_38cb751dbad7,2024-06-30,0,53622.78,18.8,14105.08,13.599,36,1-3y,7.84,east,B
ln_6af9475d26e1,2024-06-30,0,65870.74,18.61,21881.14,10.488,36,5-10y,12.46,south,B
ln_fde4c1fc898c,2024-06-30,1,55169.51,28.16,16977.23,15.445,36,10y+,7.91,north,A
ln_f9c775fb3d98,2024-06-30,1,31538.0,31.23,5301.48,17.764,60,3-5y,8.7,west,A
ln_33eeb4142f07,2024-06-30,0,45291.52,32.53,13205.59,13.596,36,3-5y,13.74,south,A
ln_fa5662c68b2e,2024-06-30,0,35499.97,16.17,24681.33,12.859,36,3-5y,3.63,north,B
ln_f8c111d7a8d3,2024-06-30,0,29426.24,0.5,20750.98,7.215,36,5-10y,9.25,east,A
ln_1b61b76a8fde,2024-06-30,1,68306.03,42.35,14158.01,17.846,60,3-5y,18.1,west,A
ln_22d2cd7df89e,2024-06-30,0,68775.36,21.89,7559.81,13.426,36,1-3y,10.79,east,A
ln_3c60e71f79d4,2024-06-30,0,58845.52,19.22,12936.57,12.343,36,10y+,12.64,north,B
ln_9332b00855b3,2024-06-30,0,52518.15,8.83,10363.81,9.864,36,1-3y,5.59,east,B
ln_81a886df833b,2024-06-30,0,83944.78,28.99,12689.28,17.229,36,1-3y,10.01,south,A
ln_a18bde33ce79,2024-06-30,0,72782.74,34.78,10165.57,17.223,36,1-3y,4.97,south,B
ln_e17966029c7b,2024-06-30,1,54798.2,31.52,7237.12,16.813,60,3-5y,14.81,north,A
ln_ea8320e23fa3,2024-06-30,1,48863.06,32.75,16816.68,16.471,60,5-10y,11.81,west,A
ln_b1153b1f00b9,2024-06-30,0,76466.61,28.05,13167.96,13.47,36,10y+,18.72,east,A
ln_74d0ae75cbe5,2024-06-30,0,73625.59,29.53,23144.07,20.191,60,5-10y,10.74,east,B
ln_3577d38729af,2024-06-30,0,102449.98,27.98,14647.25,18.17,60,3-5y,8.3,west,B
ln_7f5d3c344512,2024-06-30,1,34301.77,25.03,10882.67,16.899,60,1-3y,8.67,east,B
ln_e5fe6d930462,2024-06-30,0,123230.3,16.64,16099.9,11.651,60,3-5y,19.27,west,A
ln_fc5230b6c624,2024-06-30,0,61649.92,9.39,15153.88,6.124,36,10y+,26.47,south,A
ln_6b83487827e2,2024-06-30,0,19780.08,19.4,14617.27,8.778,36,10y+,11.38,west,A
ln_aff8c442c19e,2024-06-30,0,61560.56,8.32,12938.33,14.063,60,5-10y,11.62,south,A
ln_fc237a10f27a,2024-06-30,0,96968.25,28.24,9824.81,14.847,36,3-5y,6.04,north,A
ln_0e49c553381f,2024-06-30,0,66984.44,29.41,18741.51,17.511,60,1-3y,12.59,east,A
ln_7165b12a3ec5,2024-06-30,1,49034.3,23.57,13798.32,13.829,36,<1y,11.97,east,A
ln_17e06f648203,2024-06-30,0,27089.37,23.46,15100.5,14.282,36,5-10y,11.99,north,B
ln_5150c8760c27,2024-06-30,0,65330.45,12.89,44408.76,9.189,36,<1y,12.58,east,B
ln_47b4d42550bb,2024-06-30,1,32945.83,31.18,43610.93,14.083,36,<1y,12.21,north,B
ln_8767839cbe59,2024-06-30,0,29427.63,33.31,10497.7,15.154,36,10y+,13.13,east,B
ln_54ab5ee4840d,2024-06-30,0,61933.81,44.27,7771.36,20.264,36,1-3y,14.33,north,A
ln_c158a3a8af22,2024-06-30,1,31830.64,15.28,14764.79,9.07,36,1-3y,10.18,south,B
ln_6f43eaede4f1,2024-06-30,0,55311.36,11.47,7128.46,9.539,60,<1y,11.35,west,B
ln_77e95c1ea236,2024-06-30,0,54595.5,25.61,30817.47,12.321,60,1-3y,5.4,east,A
ln_224b6c88b0b3,2024-06-30,0,47349.89,17.78,11381.13,12.804,36,1-3y,11.44,north,A
ln_a0ee29ddfd0f,2024-06-30,0,57001.37,16.81,15151.79,14.099,60,<1y,7.0,west,B
ln_7536467b7f5c,2024-06-30,0,30997.2,11.53,8479.48,5.529,36,5-10y,18.04,east,A
ln_a25d4b68b762,2024-06-30,0,61800.01,31.3,13267.25,14.499,60,10y+,14.56,north,A
ln_df502725dcd3,2024-06-30,0,76646.24,17.63,12938.22,10.7,36,5-10y,12.89,south,B
ln_da845c3096ee,2024-06-30,0,45104.75,35.56,20234.64,17.914,36,10y+,16.43,west,A
ln_db5a1491cf6b,2024-06-30,0,46959.76,4.59,9673.9,5.87,36,5-10y,13.82,south,B
ln_81f372b7bf6b,2024-06-30,0,80768.97,21.96,16865.87,10.989,36,3-5y,21.58,east,B
ln_8936f16cf22d,2024-06-30,0,69919.0,7.15,31776.03,8.307,36,3-5y,8.76,west,A
ln_36efe7982387,2024-06-30,0,88298.74,31.88,19128.14,20.013,36,5-10y,8.46,west,B
ln_53bcc6d87be7,2024-06-30,0,51555.12,34.21,17207.71,19.042,60,5-10y,10.75,west,B
ln_530da3f621fe,2024-06-30,0,21796.93,26.28,20902.56,16.03,36,3-5y,5.94,west,A
ln_560b31db576b,2024-06-30,1,41729.26,34.1,42733.99,15.426,60,1-3y,10.84,west,A
ln_fa63e1da09f6,2024-06-30,0,131646.54,15.99,10670.14,10.225,36,10y+,16.82,north,A
ln_1eb3907c0012,2024-06-30,0,89538.41,12.85,9993.56,11.519,36,10y+,12.58,west,A
ln_c24b94b77e14,2024-06-30,0,79801.72,12.82,25700.55,10.383,36,1-3y,10.29,east,A
ln_5ef8af8095c2,2024-06-30,0,104836.39,25.1,56433.64,9.525,36,5-10y,12.01,west,A
ln_3034eb9014d2,2024-06-30,0,48122.82,14.39,15439.61,9.541,36,1-3y,20.52,west,B
ln_425ec3cbf7a0,2024-06-30,0,86921.9,23.1,12174.33,12.542,60,<1y,14.51,north,A
ln_b7d14e66d4eb,2024-06-30,0,82829.38,34.32,34570.0,15.473,36,1-3y,5.93,south,B
ln_a2d609f9b12c,2024-06-30,0,114623.27,21.51,17322.75,12.641,36,3-5y,12.17,east,A
ln_91912996194c,2024-06-30,0,56343.48,25.14,16622.66,13.703,36,1-3y,9.86,east,A
ln_e69043795a09,2024-06-30,0,138727.44,18.02,45641.74,13.264,60,<1y,10.1,west,B
ln_fa5b7a2ccfee,2024-06-30,0,61872.89,7.15,18271.99,6.833,60,1-3y,14.09,east,A
ln_ff9378b2524b,2024-06-30,0,68395.78,30.09,10174.32,18.75,60,1-3y,15.85,west,A
ln_739e231c94f4,2024-06-30,1,36866.34,25.14,14361.13,11.766,36,1-3y,7.03,east,A
ln_4b0e9034c46d,2024-06-30,0,55996.23,21.05,114749.46,9.083,36,<1y,13.7,west,A
ln_f1736894fa68,2024-06-30,0,46158.84,12.57,24952.52,10.333,36,3-5y,12.19,east,A
ln_581efa224b6d,2024-06-30,0,39950.04,27.57,15269.14,18.116,60,3-5y,12.41,north,B
ln_78a911e550d5,2024-06-30,1,27401.84,27.62,16147.37,18.771,36,<1y,12.96,east,A
ln_4a72d5f7a3d2,2024-06-30,0,93837.85,30.84,8673.98,14.239,36,10y+,14.94,north,B
ln_a0e4bc9a9c24,2024-06-30,0,60219.59,20.26,39750.87,11.367,36,<1y,10.12,south,A
ln_b5e3da0a72f1,2024-06-30,0,41542.01,28.8,30729.46,14.188,36,1-3y,13.11,east,A
ln_f691b1ea3aab,2024-06-30,0,60412.71,22.81,16646.16,14.167,36,5-10y,21.58,east,B
ln_d8c3052172ef,2024-06-30,0,77364.18,18.5,20222.31,13.981,60,1-3y,9.14,north,A
ln_ecca37090596,2024-06-30,0,65849.98,26.11,33321.83,12.323,36,1-3y,10.45,north,A
ln_0d7bde1f288d,2024-06-30,1,36777.42,47.62,18692.37,22.31,36,3-5y,21.13,south,B
ln_37cab896b5e3,2024-06-30,0,65496.43,23.42,28779.36,13.173,60,1-3y,6.49,west,B
ln_1e244c4cce77,2024-06-30,0,28222.05,23.08,20057.72,12.152,60,1-3y,12.68,west,A
ln_9ac63ea730ce,2024-06-30,0,74336.33,20.66,12708.75,11.56,60,1-3y,11.94,south,A
ln_5fd1e829c47f,2024-06-30,0,22915.54,10.0,19224.17,10.13,36,1-3y,5.3,north,A
ln_5faa7dc6c9d6,2024-06-30,0,88752.2,25.87,25425.32,19.034,36,1-3y,14.12,north,A
ln_e35824fa9a8c,2024-06-30,0,62525.25,28.13,2596.4,16.811,60,<1y,5.74,north,B
ln_cf41972a7e59,2024-06-30,0,23241.38,23.94,14298.67,11.535,36,5-10y,16.05,south,A
ln_ba7cacc6e054,2024-06-30,0,59491.26,30.85,18087.24,17.742,36,5-10y,12.04,west,A
ln_cd1cb3ef21cc,2024-06-30,0,22689.02,4.24,8823.15,6.051,36,5-10y,18.87,north,B
ln_2f7a91e44cce,2024-06-30,1,91192.22,24.73,17302.97,13.762,36,10y+,19.6,south,B
ln_3c453c84ad2d,2024-06-30,1,44428.88,27.44,5609.65,15.354,60,10y+,14.91,south,B
ln_19eb266a5df7,2024-06-30,1,45504.02,30.93,5396.72,17.198,36,1-3y,7.63,north,A
ln_c16e1753a57b,2024-06-30,0,27769.23,8.33,11197.11,8.37,36,1-3y,11.35,west,A
ln_6c4eb1169987,2024-06-30,1,52732.92,35.46,36246.07,16.365,36,10y+,16.02,south,B
ln_e218ace2cda5,2024-06-30,0,96203.34,21.89,10838.15,13.545,36,1-3y,8.3,west,B
ln_e27fc2602247,2024-06-30,0,68936.69,13.6,8495.45,11.643,60,1-3y,13.99,west,B
ln_1b2378910d91,2024-06-30,0,27461.57,19.61,13224.49,13.29,36,1-3y,12.36,west,A
ln_d26089a9305a,2024-06-30,0,92225.02,21.9,7495.1,11.414,60,3-5y,5.32,east,A
ln_b2c992322394,2024-06-30,0,94286.23,29.56,10531.89,14.63,60,1-3y,15.87,east,B
ln_c2ad3d812f5c,2024-06-30,1,33748.68,32.51,19961.37,17.884,36,5-10y,9.92,north,A
ln_ef823d1f6029,2024-06-30,0,79605.31,20.6,18991.24,12.072,36,3-5y,9.04,north,B
ln_57cd21dec6ac,2024-06-30,1,52676.21,19.13,22204.98,11.819,60,10y+,16.76,north,B
ln_9e33493038c2,2024-06-30,0,32650.36,25.81,7790.32,13.958,60,10y+,16.31,north,A
ln_dd0a2ca2ec1d,2024-06-30,0,45862.74,18.44,7543.07,11.519,36,<1y,13.95,west,A
ln_17e9804066c8,2024-06-30,0,68300.67,14.14,14933.94,9.42,36,<1y,12.35,south,A
ln_74ff85aa58b2,2024-06-30,0,51506.89,33.69,9415.92,14.732,36,5-10y,13.29,east,B
ln_d10f27d702f9,2024-06-30,0,29942.04,12.07,25784.54,10.181,36,5-10y,14.43,north,B
ln_f8774bd61a8b,2024-06-30,0,59067.07,16.87,27259.87,9.226,36,3-5y,11.48,west,A
ln_0ccdf89d2b78,2024-06-30,0,34735.79,27.21,11870.81,16.982,36,3-5y,12.97,south,B
ln_6a1a20271433,2024-06-30,0,70176.99,17.69,10380.23,10.187,36,1-3y,16.96,west,A
ln_933957505679,2024-06-30,0,36538.18,36.59,34430.94,21.636,36,3-5y,9.97,south,B
ln_097ec472ac93,2024-06-30,0,28041.31,20.51,11849.0,13.652,36,1-3y,7.81,north,B
ln_085b6e184f34,2024-06-30,0,42212.7,15.95,16045.44,15.013,36,3-5y,16.2,east,B
ln_6d8e3a8d63a6,2024-06-30,0,76658.11,21.69,16822.6,12.356,60,3-5y,7.93,west,B
ln_08387651abd5,2024-06-30,0,56430.19,30.39,24184.8,16.896,60,3-5y,8.31,north,A
ln_baf94356e2e5,2024-06-30,0,94003.75,17.64,7870.66,9.918,60,<1y,13.06,south,B
ln_4a42cf7914c7,2024-06-30,0,76377.93,12.88,18372.05,12.205,36,5-10y,14.49,west,B
ln_ab5c7cf12333,2024-06-30,0,48518.13,30.12,14960.56,13.229,36,10y+,14.39,north,B
ln_2f65d1f9af79,2024-06-30,0,32878.34,28.21,25489.34,11.448,36,10y+,15.97,north,A
ln_aa82faa90848,2024-06-30,0,28659.62,23.98,8827.12,16.679,60,1-3y,8.38,west,A
ln_beba52352a18,2024-06-30,0,47654.95,30.1,13406.14,15.416,36,1-3y,16.25,west,A
ln_2f19f79f5dc7,2024-06-30,0,95429.48,16.75,20188.86,12.119,36,10y+,20.17,east,A
ln_7b467e42f316,2024-06-30,0,52370.8,36.68,18309.58,19.249,36,10y+,18.35,south,A
ln_3954f5233864,2024-06-30,0,94022.45,30.96,3048.69,18.023,60,3-5y,9.36,north,A
ln_57b1de6cbd05,2024-06-30,0,67435.57,24.87,14446.91,18.399,60,3-5y,9.3,north,B
ln_a19298cf00ca,2024-06-30,0,178850.48,20.5,8928.26,8.801,36,1-3y,12.06,south,B
ln_2b55ca06bbb3,2024-06-30,0,93347.71,11.14,34269.19,14.751,60,5-10y,14.28,west,A
ln_e811fbbbd66c,2024-06-30,0,33852.82,32.0,27429.24,15.2,36,3-5y,9.84,east,A
ln_e67e2fbcfe46,2024-06-30,0,58340.4,19.68,18882.13,12.461,60,10y+,22.88,north,A
ln_be89d5cb436d,2024-06-30,0,48321.76,15.41,9603.31,13.312,60,<1y,13.19,west,B
ln_38bb828e3270,2024-06-30,0,28489.05,20.63,7383.52,11.533,60,5-10y,21.73,north,A
ln_613614c7b643,2024-06-30,1,165238.96,27.49,9631.93,18.198,60,1-3y,10.94,east,A
ln_b595acfa5c9b,2024-06-30,0,61036.87,31.45,13822.25,15.665,60,1-3y,11.17,west,B
ln_d7cb3bad0832,2024-06-30,0,45653.03,21.34,34812.53,13.673,60,3-5y,9.53,east,A
ln_4fe69cee0c57,2024-06-30,0,23616.07,22.91,18046.83,16.415,60,5-10y,8.76,east,A
ln_3ae9c0054189,2024-06-30,0,70397.38,20.09,8339.09,12.732,36,10y+,17.48,south,B
ln_287ecb0ead79,2024-06-30,0,41236.03,26.33,5933.09,12.159,36,5-10y,11.42,north,A
ln_3e17fcba20f9,2024-06-30,0,93204.48,26.59,10111.2,14.457,36,<1y,6.33,north,A
ln_681ba33b159a,2024-06-30,0,40389.79,17.59,30770.94,11.052,60,3-5y,15.18,west,A
ln_1a7433c0ee41,2024-06-30,0,35793.47,25.43,33109.39,11.581,36,3-5y,11.71,south,A
ln_3f634123d17a,2024-06-30,0,82368.54,21.73,7196.36,12.019,36,5-10y,13.69,south,A
ln_d91f594cff20,2024-06-30,0,32143.35,6.7,30424.87,10.551,36,<1y,4.6,east,A
ln_c5e9cb790c75,2024-06-30,0,28263.72,24.28,18316.78,11.165,60,5-10y,18.09,north,A
ln_990ff7dc7931,2024-06-30,0,22955.48,9.02,6470.28,11.383,36,<1y,5.77,south,A
ln_d89ff9113763,2024-06-30,0,30142.77,27.52,10392.95,11.656,36,10y+,17.42,west,A
ln_f910ba95f4b2,2024-06-30,0,86135.59,17.78,21521.06,12.982,36,10y+,13.84,east,A
ln_f832fffd6efa,2024-06-30,0,50540.4,6.23,49331.85,9.425,60,3-5y,12.92,south,B
ln_971dfc04a904,2024-06-30,0,125659.78,23.14,31621.69,11.425,36,5-10y,13.33,north,B
ln_6f448a001fae,2024-06-30,0,104540.14,11.34,56156.42,9.674,36,3-5y,20.52,south,A
ln_445b0cb977ad,2024-06-30,0,60552.23,14.58,5613.79,10.16,36,5-10y,18.1,north,A
ln_7523ad501003,2024-06-30,0,43101.61,17.71,19711.51,9.523,36,3-5y,13.1,west,A
ln_371331bca5f4,2024-06-30,0,111010.79,20.42,41847.17,13.335,36,1-3y,12.14,north,B
ln_006d8574aef7,2024-06-30,0,92956.66,17.51,23299.17,11.753,36,3-5y,10.91,south,B
ln_81fcc5914ca1,2024-06-30,0,52192.46,20.98,14827.53,11.97,36,5-10y,16.72,north,A
ln_ab16d8377ce9,2024-06-30,0,61861.85,11.32,17665.29,13.553,36,10y+,9.81,south,A
ln_78b7fa217d54,2024-06-30,0,46820.89,22.95,9570.17,15.803,36,<1y,8.31,east,A
ln_7aa0f55791e7,2024-06-30,1,69672.98,41.3,5854.78,15.827,60,10y+,11.12,north,A
ln_02444a689fb0,2024-06-30,0,148981.78,10.3,16444.1,11.254,60,5-10y,15.6,west,B
ln_daceabf7d368,2024-06-30,0,72673.47,20.06,15574.3,13.921,60,1-3y,10.35,east,A
ln_e03e687d1255,2024-06-30,0,62075.66,16.65,28630.8,9.429,36,5-10y,21.33,west,A
ln_309e8b982d5b,2024-06-30,1,115934.05,35.99,18147.25,18.756,36,3-5y,8.83,west,A
ln_60989db25b23,2024-06-30,0,74900.45,22.36,12596.24,15.861,60,1-3y,7.73,south,A
ln_2d7c6b7a8839,2024-06-30,1,66403.42,36.57,6722.86,20.513,36,10y+,11.19,west,A
ln_cb98c5ec5090,2024-06-30,0,52214.1,25.95,5723.07,15.189,36,<1y,11.1,south,A
ln_0507b1363871,2024-06-30,0,78089.99,0.5,4916.61,3.5,36,10y+,15.94,east,B
ln_c817327ab725,2024-06-30,0,25712.48,24.01,7557.76,15.576,36,3-5y,10.87,north,A
ln_0cd25923e02c,2024-06-30,0,82800.59,29.59,8330.27,13.514,36,3-5y,8.09,south,B
ln_888ee07d47c9,2024-06-30,0,42760.42,18.3,28131.57,10.947,36,1-3y,13.9,south,A
ln_61b034cf9448,2024-06-30,0,60606.39,28.36,8061.62,15.854,36,3-5y,18.15,north,B
ln_cefd2adaf92f,2024-06-30,1,60766.84,32.25,23907.54,19.813,36,10y+,10.15,west,B
ln_4e43e257b653,2024-06-30,0,47830.97,35.18,60494.81,15.242,36,1-3y,18.2,west,B
ln_f973a240fa80,2024-06-30,0,120143.47,9.17,6009.92,10.345,36,<1y,12.93,east,A
ln_733d45efb0a3,2024-06-30,0,50730.84,18.97,6802.64,10.181,36,3-5y,17.95,east,A
ln_da30c15dd4eb,2024-06-30,1,71474.65,28.19,12705.73,17.042,60,10y+,13.11,north,B
ln_cf753f4b0d18,2024-06-30,1,47600.12,21.31,13049.29,13.221,60,<1y,4.64,north,B
ln_9265cc9a83f0,2024-06-30,0,58489.0,22.5,35593.5,12.455,36,1-3y,9.03,north,A
ln_a1b437b5895d,2024-06-30,1,80043.06,16.65,11993.69,14.605,36,10y+,12.07,east,B
ln_328681bfeaab,2024-06-30,0,74799.44,22.27,10482.38,15.29,60,5-10y,14.25,south,A
ln_f6341c630022,2024-06-30,0,70382.87,29.29,11853.28,15.291,60,5-10y,11.4,east,A
ln_e7363d353e20,2024-06-30,0,67194.41,20.31,14541.71,14.275,36,1-3y,13.31,south,A
ln_f88615599513,2024-06-30,0,51867.45,37.1,6939.19,19.339,36,3-5y,11.63,south,A
ln_8a84c977b2cf,2024-06-30,1,54393.19,45.91,5587.91,18.197,36,3-5y,15.63,south,B
ln_73d3622085a9,2024-06-30,0,123857.53,22.6,14527.53,13.39,36,3-5y,14.88,west,A
ln_42fc2ec7ff02,2024-06-30,0,67232.77,17.53,5885.4,11.023,36,5-10y,9.65,west,B
ln_f9167f9fca30,2024-06-30,0,115639.22,22.13,21446.48,13.777,36,1-3y,15.6,south,B
ln_9f1fa3ac0805,2024-06-30,0,45548.69,16.83,15761.79,10.84,36,5-10y,11.77,west,A
ln_693b4d0cc767,2024-06-30,1,59288.35,12.82,31109.29,15.611,60,10y+,14.14,east,A
ln_5de9d26f4670,2024-06-30,1,49392.79,13.66,18713.26,9.245,36,3-5y,13.21,west,A
ln_9578bb5b158d,2024-06-30,0,24146.15,25.14,14860.84,16.229,36,1-3y,9.95,south,B
ln_aca7cf2d78b4,2024-06-30,0,33353.08,27.13,9402.14,18.138,60,5-10y,10.8,east,A
ln_d30c0d33b15b,2024-06-30,0,46145.31,24.91,11774.96,14.566,60,10y+,19.84,west,B
ln_c6d07782dc38,2024-06-30,0,142358.87,15.02,8466.11,10.859,36,10y+,13.19,east,A
ln_ba21b5b52eb2,2024-06-30,0,54279.5,25.77,17772.05,16.537,36,1-3y,8.65,east,B
ln_51b15bf37391,2024-06-30,0,72374.69,10.43,11948.37,9.767,36,5-10y,15.88,south,B
ln_31d290eb5973,2024-06-30,0,71497.93,25.77,12044.28,13.59,60,5-10y,17.32,north,B
ln_d6022f514043,2024-06-30,0,57264.0,9.43,30778.87,9.169,60,1-3y,10.46,north,A
ln_5dad57a7e1b9,2024-06-30,0,56477.25,20.46,12507.58,12.314,36,5-10y,16.18,east,A
ln_f414cbaf7733,2024-06-30,0,33686.82,23.23,17517.72,12.346,36,5-10y,16.37,west,B
ln_799cbebee1bb,2024-06-30,0,18968.71,30.87,13338.59,15.88,36,3-5y,10.85,west,A
ln_c15964b9cafd,2024-06-30,0,83206.35,25.1,13609.29,17.251,36,5-10y,7.3,south,A
ln_d53efb7c98a3,2024-06-30,0,41286.19,34.04,19093.83,18.181,36,3-5y,12.05,south,B
ln_a72c8d785c95,2024-06-30,0,27230.92,23.65,25314.36,12.636,36,1-3y,11.77,west,A
ln_6a317db70777,2024-06-30,0,41200.12,26.63,21565.92,18.531,60,<1y,5.95,west,B
ln_4e33535f9f1f,2024-06-30,0,48297.91,24.84,18596.24,12.521,36,3-5y,12.13,east,B
ln_fa887de9091d,2024-06-30,0,44972.04,23.0,9520.5,13.675,60,3-5y,18.59,south,B
ln_73a9bb382ce4,2024-06-30,0,93089.41,21.5,2256.64,12.745,36,3-5y,11.94,south,B
ln_893583b60ce2,2024-06-30,0,98318.83,16.0,17727.61,8.664,60,3-5y,16.61,south,B
ln_7f363ee35827,2024-06-30,0,86768.18,33.21,29681.99,15.851,36,<1y,11.04,west,B
ln_9498e9bbf68d,2024-06-30,0,94720.45,27.42,26250.05,16.228,60,1-3y,10.84,west,A
ln_7aa9ae4d9db5,2024-06-30,0,44698.56,18.67,16203.93,10.593,60,5-10y,21.46,north,A
ln_7e296e9308ee,2024-06-30,0,100094.68,21.51,35325.32,14.971,60,5-10y,8.66,east,B
ln_3ba1dfa8133f,2024-06-30,0,51529.35,18.56,3537.49,13.236,36,5-10y,11.95,west,B
ln_ed258ee9717d,2024-06-30,0,51874.17,1.6,9373.11,9.094,36,<1y,2.37,west,A
ln_e23d18129450,2024-06-30,1,31798.78,15.96,30506.12,9.015,60,3-5y,17.55,south,A
ln_2dabac9d2dcc,2024-06-30,0,48179.09,42.07,9253.52,21.833,60,3-5y,15.64,south,A
ln_75b070518002,2024-06-30,0,14659.13,19.53,7807.42,14.939,36,5-10y,12.98,south,A
ln_623306c36b11,2024-06-30,0,219090.95,13.45,35236.11,9.135,36,<1y,25.4,south,A
ln_1e1abc093cb4,2024-06-30,0,50220.16,25.93,18078.53,15.977,60,5-10y,17.1,east,B
ln_858ee8c007dc,2024-06-30,0,163335.36,14.19,10892.85,10.187,60,1-3y,12.48,south,B
ln_a6751cefef6e,2024-06-30,0,20531.82,30.16,34907.19,14.392,36,1-3y,18.54,north,A
ln_c2cefa39929b,2024-06-30,0,83687.7,15.09,11451.5,10.208,60,5-10y,16.8,west,A
ln_4d6b3eb7fc80,2024-06-30,0,74178.87,17.91,11395.69,11.97,60,3-5y,12.69,north,B
ln_3c890645a3c5,2024-06-30,0,33999.47,29.23,26967.92,17.079,36,10y+,18.76,west,A
ln_1320ec3fbad7,2024-06-30,0,35320.95,28.67,31903.71,13.044,36,1-3y,9.06,west,A
ln_f0a4c5d6d403,2024-06-30,0,66992.45,11.62,9580.84,6.839,60,10y+,17.52,east,A
ln_9cc2895f74a7,2024-06-30,0,30606.45,32.61,19104.57,12.929,36,3-5y,18.97,east,B
ln_10264bbc7aee,2024-06-30,0,56734.65,21.28,19078.68,8.658,36,10y+,22.56,east,A
ln_d31005f0f760,2024-06-30,0,52258.05,26.55,20269.17,16.73,60,10y+,15.7,north,B
ln_1a9b20d24bb8,2024-06-30,0,43356.59,30.72,5613.95,14.401,36,5-10y,13.22,north,A
ln_57801e267932,2024-06-30,1,90630.9,27.32,10366.12,18.329,60,1-3y,14.13,east,B
ln_c8d5acc019bf,2024-06-30,1,16066.79,37.77,10892.58,16.875,36,5-10y,18.12,north,A
ln_b94e8307c0dc,2024-06-30,1,57309.8,29.44,36118.49,15.485,60,1-3y,5.52,north,A
ln_82f8366ffae9,2024-06-30,1,50665.45,32.96,6188.06,16.139,60,3-5y,10.5,east,B
ln_810fdc13f46c,2024-06-30,0,42535.32,32.5,8560.93,15.649,36,10y+,17.03,east,A
ln_0ae387647a44,2024-06-30,0,36468.83,29.44,15176.03,14.477,36,10y+,16.68,east,A
ln_2e02fef02477,2024-06-30,0,29213.2,15.46,5582.86,10.926,60,1-3y,22.89,east,B
ln_0e0a0ff77438,2024-06-30,0,83033.07,20.38,14352.64,14.488,60,3-5y,9.99,west,A
ln_c77f85d87ea1,2024-06-30,0,92953.35,30.52,11602.1,17.118,36,1-3y,11.64,south,B
ln_bd3f89b4b3a7,2024-06-30,0,35666.04,14.97,8523.43,5.174,36,3-5y,18.73,east,B
ln_ce026c98345f,2024-06-30,0,48208.86,21.85,6165.42,15.996,60,1-3y,9.97,east,A
ln_140701f458a7,2024-06-30,0,66500.74,15.26,8005.52,12.773,36,1-3y,10.46,west,A
ln_1760c8c895c3,2024-06-30,0,142025.26,19.11,24037.09,9.889,36,5-10y,18.0,south,A
ln_e85a2e758b62,2024-06-30,0,68639.87,34.69,40231.11,12.428,36,10y+,34.18,south,B
ln_b9a5c2524ce9,2024-06-30,0,48157.77,30.81,27581.71,17.494,36,10y+,25.17,south,B
ln_ba1748a6cb52,2024-06-30,0,83488.7,19.04,9136.75,12.449,60,5-10y,14.08,south,A
ln_58a1fe08dae4,2024-06-30,0,64685.05,24.53,5287.52,13.948,36,5-10y,21.03,east,B
ln_50683f38a4c3,2024-06-30,0,43193.62,22.34,15492.89,11.555,60,5-10y,11.3,east,A
ln_c867525841a7,2024-06-30,0,37995.78,21.68,13321.3,14.404,60,5-10y,10.99,north,A
ln_f9fecb4f7d4c,2024-06-30,0,61179.61,29.15,18131.69,15.55,36,5-10y,10.11,east,B
ln_21f4bd8e4879,2024-06-30,1,110666.23,24.03,56458.81,14.813,36,10y+,14.52,north,B
ln_fce69b965cf4,2024-06-30,0,166281.45,22.31,11832.02,7.493,36,3-5y,19.28,west,B
ln_6a0708303106,2024-06-30,1,36891.6,19.26,12590.88,10.134,36,1-3y,6.27,south,A
ln_cea8a7621fc5,2024-06-30,0,46176.91,12.41,16913.07,9.37,36,5-10y,8.86,north,A
ln_1ad162f3ea96,2024-06-30,0,69021.07,22.49,18619.85,15.639,36,5-10y,11.15,north,A
ln_7a8d1691ddd6,2024-06-30,0,42279.08,25.81,12278.08,12.6,36,3-5y,19.56,south,A
ln_fc84bb24568a,2024-06-30,1,74032.53,30.94,13194.48,17.823,36,3-5y,15.9,south,A
ln_8d21169a5ccf,2024-06-30,0,46076.48,22.45,14903.58,15.6,36,10y+,12.78,west,A
ln_8f43c13296ed,2024-06-30,0,63176.19,26.55,8601.87,15.628,60,5-10y,9.18,west,A
ln_e6bae13358cf,2024-06-30,0,110415.21,24.45,12055.87,15.134,36,1-3y,9.9,south,B
ln_11dd6e20db41,2024-06-30,1,70511.81,34.74,13469.22,18.805,36,3-5y,15.57,east,B
ln_8057aa10c3cd,2024-06-30,0,38128.84,20.97,34579.98,10.653,36,10y+,11.23,east,A
ln_2fa692613bfc,2024-06-30,0,49759.13,14.88,9100.53,9.753,36,10y+,21.89,east,B
ln_63e998d339e4,2024-06-30,1,39795.81,27.08,13967.34,17.93,36,10y+,15.78,east,A
ln_7c951d41fb98,2024-06-30,0,58093.07,22.3,9847.04,14.14,36,1-3y,8.03,west,B
ln_d9f70786dc80,2024-06-30,0,72217.08,20.64,6877.07,12.152,60,3-5y,14.83,east,A
ln_f6d321fbfed4,2024-06-30,0,155610.72,29.27,8214.88,13.251,36,1-3y,9.13,east,A
ln_1bf4a582ac31,2024-06-30,0,109330.71,28.35,12347.69,13.681,36,10y+,20.64,south,A
ln_93bb3dd881e9,2024-06-30,1,102526.0,20.3,22495.01,11.645,36,1-3y,7.74,west,A
ln_540ab1bf74b8,2024-06-30,0,56972.09,20.41,13316.73,16.041,60,<1y,5.6,south,A
ln_b0f59deb2d03,2024-06-30,0,85945.49,23.4,15538.39,14.9,36,1-3y,9.76,north,A
ln_1010a29c5854,2024-06-30,0,49716.93,24.77,12359.63,15.76,36,1-3y,14.71,west,A
ln_d1d403fc1a4d,2024-06-30,0,57399.83,24.67,18708.05,14.722,60,3-5y,15.72,south,B
ln_b4117c6c9ef9,2024-06-30,0,28461.53,14.69,12965.55,14.896,36,10y+,15.95,east,A
ln_80f7d5a8add3,2024-06-30,0,69387.4,19.22,7274.32,12.771,36,5-10y,6.64,west,A
ln_6e5f772227fe,2024-06-30,0,41758.41,23.52,16929.11,12.644,60,5-10y,16.92,east,B
ln_184a46ed8c59,2024-06-30,0,86074.1,18.73,9885.86,14.354,36,<1y,12.66,west,B
ln_acc76b27a1d7,2024-06-30,0,22087.11,18.95,22462.12,10.926,60,3-5y,14.62,west,A
ln_178d45628e4a,2024-06-30,0,75869.7,33.28,9201.63,17.951,36,3-5y,9.57,north,B
ln_7d0db1eb8406,2024-06-30,0,59525.5,13.67,54447.79,10.423,36,1-3y,10.49,south,A
ln_d1f45836666a,2024-06-30,0,24288.64,18.58,3646.18,14.459,60,3-5y,14.23,south,A
ln_9e7bd523dfee,2024-06-30,0,103248.77,14.77,20924.38,11.575,36,<1y,9.35,north,A
ln_94b66d015d43,2024-06-30,1,144606.49,17.51,17292.03,12.907,36,3-5y,9.34,south,B
ln_e4965cff26ce,2024-06-30,0,82688.64,32.44,24518.34,16.911,36,3-5y,20.63,east,B
ln_52ca872c07b6,2024-06-30,0,65298.29,31.63,7343.07,19.961,60,1-3y,2.5,west,A
ln_bd6d946873e9,2024-06-30,0,58468.5,21.0,29465.5,12.684,36,1-3y,12.61,east,A
ln_f600b8683258,2024-06-30,0,72330.83,20.94,12599.05,18.217,60,5-10y,13.24,north,B
ln_94cc99aceed2,2024-06-30,0,32804.31,26.72,11529.57,16.865,60,1-3y,8.42,south,A
ln_5a6d6bd0729d,2024-06-30,0,86889.55,29.63,1918.13,14.793,60,5-10y,12.73,south,A
ln_901c771d553a,2024-06-30,1,104895.16,38.09,12944.27,17.096,60,3-5y,10.9,west,A
ln_185bd57bab44,2024-06-30,0,40663.73,25.34,22945.81,17.449,36,1-3y,5.89,south,A
ln_386340092bc5,2024-06-30,0,59297.76,24.46,68343.95,10.067,36,3-5y,12.6,west,A
ln_451f2d59fdf9,2024-06-30,1,53335.81,40.87,10797.75,17.905,36,<1y,10.17,south,A
ln_6f610c92eacf,2024-06-30,0,142130.09,22.4,10861.71,16.101,36,5-10y,16.43,west,A
ln_ba0f63c7e1bb,2024-06-30,0,27630.16,29.59,17669.93,14.514,36,1-3y,11.61,east,B
ln_c1c22b0b1f84,2024-06-30,1,44059.67,30.97,9445.02,16.856,60,3-5y,9.82,south,A
ln_35818a7b3162,2024-06-30,0,38614.55,9.79,16250.05,6.688,60,10y+,13.22,west,B
ln_8ad7c99750a1,2024-06-30,0,59035.55,24.83,14481.34,12.786,60,5-10y,19.4,west,A
ln_721fe9fc025f,2024-06-30,0,61857.32,20.59,7023.93,12.961,36,10y+,14.01,south,B
ln_8c15bb4e3f85,2024-06-30,0,52728.57,13.05,7811.36,12.596,60,1-3y,10.76,south,A
ln_8a820ca54b12,2024-06-30,0,65497.53,26.65,16335.66,16.292,60,<1y,5.48,east,B
ln_a7372f9a7eb1,2024-06-30,0,63858.58,24.63,13214.78,15.37,36,3-5y,9.55,north,B
ln_9bbd68bd6909,2024-06-30,0,34493.1,21.86,4580.38,12.328,36,3-5y,21.92,south,B
ln_bdb825621df5,2024-06-30,0,39503.58,14.73,10043.63,8.651,36,5-10y,14.28,west,A
ln_4f0f786f0d52,2024-06-30,0,40075.65,11.67,10424.55,9.225,60,3-5y,14.11,south,A
ln_90c77f70a6c4,2024-06-30,0,102538.53,26.26,4759.56,14.003,36,<1y,12.13,east,B
ln_3c1907bb9dbb,2024-06-30,1,30748.99,31.35,5863.4,18.291,36,10y+,10.5,north,A
ln_2f5c7822e76f,2024-06-30,0,70551.8,24.2,22740.29,15.376,36,3-5y,10.09,north,A
ln_b812314bbeb4,2024-06-30,0,36655.24,25.24,17995.29,15.57,60,1-3y,12.24,north,A
ln_a3e47fa96cd3,2024-06-30,0,52285.84,27.72,8429.41,17.575,36,<1y,14.12,east,B
ln_0f86f50d6f8b,2024-06-30,0,76345.45,23.62,36850.03,13.998,36,10y+,14.7,south,B
ln_41cc764c27ca,2024-06-30,0,61200.87,22.45,16356.41,14.893,60,3-5y,9.1,west,B
ln_ddbc10d89d14,2024-06-30,1,129524.02,19.75,7582.85,12.786,36,1-3y,11.21,north,B
ln_3299c5af66f7,2024-06-30,0,81230.61,8.57,8316.42,7.628,36,1-3y,10.37,east,A
ln_be045ae38881,2024-06-30,0,48105.04,30.31,8613.6,14.011,36,5-10y,11.38,south,B
ln_07fd10fa0ac4,2024-06-30,1,25271.17,17.81,5733.53,15.835,36,1-3y,8.53,east,A
ln_9ee543924fc5,2024-06-30,0,59039.35,13.65,26485.92,8.926,36,3-5y,11.31,west,B
ln_9c2cb56a55bf,2024-06-30,0,60673.82,18.66,8094.12,9.853,36,<1y,13.54,east,B
ln_ae9bd76a553b,2024-06-30,1,43590.26,37.84,3774.49,15.385,36,3-5y,15.47,east,A
ln_ef1fc76c6c13,2024-06-30,0,64279.69,28.36,11722.44,14.584,36,5-10y,13.63,west,A
ln_1fa09a08f562,2024-06-30,0,28777.12,15.04,46088.89,10.383,36,5-10y,12.31,east,A
ln_4a3c6cf78d45,2024-06-30,0,61525.66,15.16,10967.48,13.127,36,5-10y,10.79,east,A
ln_7be99d9a4ce3,2024-06-30,0,81075.15,11.23,13765.29,10.169,36,5-10y,11.03,north,B
ln_c68b41d3c2e8,2024-06-30,0,31541.29,11.08,7261.99,10.363,36,1-3y,13.94,north,B
ln_c5b2f5e9401b,2024-06-30,0,44045.11,21.69,10184.87,9.2,36,3-5y,24.57,east,A
ln_529211bba8cf,2024-06-30,0,28582.01,24.58,13834.6,12.357,36,3-5y,17.93,north,B
ln_552faeb62bbb,2024-06-30,0,48596.09,34.18,10296.77,16.844,36,3-5y,14.1,west,B
ln_ba92592d89bc,2024-06-30,0,24107.7,35.22,31758.99,20.939,36,<1y,11.34,north,A
ln_076812d7a942,2024-06-30,0,94882.62,17.82,19232.1,12.938,36,3-5y,11.0,west,B
ln_66a6f9e96e25,2024-06-30,0,147413.09,13.51,9044.89,9.117,36,10y+,15.98,north,B
ln_669bc0ed62ca,2024-06-30,1,31402.63,21.28,21413.01,13.675,36,1-3y,4.73,north,B
ln_6593a63bfd3b,2024-06-30,0,89530.28,33.33,4748.84,14.323,36,5-10y,15.57,east,A
ln_c9e63f1f17d1,2024-06-30,1,53804.03,17.15,17921.19,11.005,36,1-3y,15.13,east,A
ln_9638a24e6760,2024-06-30,0,116842.15,8.71,21587.73,9.989,60,3-5y,10.14,east,B
ln_aba1f8ed63da,2024-06-30,0,99004.82,16.83,16602.27,8.057,36,10y+,24.77,north,A
ln_11c5e023b714,2024-06-30,0,73748.29,18.93,14284.6,14.385,60,1-3y,15.43,north,A
ln_ba5ba50da879,2024-06-30,0,34972.3,17.8,7298.56,8.61,36,3-5y,10.32,west,A
ln_96782911c9c3,2024-06-30,0,110330.56,30.27,9400.16,15.601,36,<1y,10.89,west,A
ln_752a8a3ecd35,2024-06-30,0,86514.95,17.33,22295.54,11.598,36,1-3y,9.36,east,B
ln_6f09d9742959,2024-06-30,1,41911.26,32.33,7956.67,13.01,60,3-5y,16.37,south,A
ln_30a52d923b1c,2024-06-30,0,66666.33,22.56,12687.57,12.787,36,1-3y,12.31,south,B
ln_a4971ce1d1c4,2024-06-30,0,69741.47,40.65,15804.69,17.44,36,5-10y,10.08,north,B
ln_2e91b1a2b8c3,2024-06-30,0,114210.0,17.7,40671.76,13.518,60,1-3y,5.28,south,B
ln_5b6f93407b97,2024-06-30,1,78061.69,39.78,19894.31,19.765,36,3-5y,12.71,north,B
ln_1d49cf6b115e,2024-06-30,0,135649.43,29.17,8726.36,13.92,36,5-10y,15.05,north,B
ln_73ca696c5213,2024-06-30,0,112663.19,23.03,20777.82,11.209,36,10y+,12.32,north,B
ln_3ccf13331424,2024-06-30,0,93587.7,27.12,8531.08,13.818,36,1-3y,12.89,west,A
ln_ff05ab30b7bf,2024-06-30,0,50504.44,20.03,11479.95,8.364,36,10y+,15.19,north,A
ln_300f53b725c9,2024-06-30,0,54566.61,31.98,8831.57,15.512,36,3-5y,9.38,east,A
ln_582e89cf3a33,2024-06-30,0,27489.26,13.14,10897.0,9.835,36,1-3y,9.15,west,A
ln_67fe11d9f430,2024-06-30,0,33029.03,31.58,10357.66,16.575,36,1-3y,15.07,south,A
ln_31f19290e94e,2024-06-30,0,80247.45,13.42,6574.18,9.416,36,5-10y,16.06,north,B
ln_bc342e712cd7,2024-06-30,0,43332.55,30.86,8720.11,17.14,36,3-5y,8.4,south,A
ln_abbd2faf4cf2,2024-06-30,0,73159.74,44.09,13444.98,19.235,36,3-5y,10.91,north,B
ln_3100ac2bba66,2024-06-30,0,41412.41,20.5,15303.45,14.023,36,3-5y,14.46,east,B
ln_77ed708b9aeb,2024-06-30,0,69565.25,12.65,5545.6,9.172,36,5-10y,14.24,east,B
ln_6630589dd7bb,2024-06-30,0,34930.95,33.33,9228.67,17.996,36,1-3y,17.83,north,B
ln_62294e474445,2024-06-30,0,84942.62,21.2,8914.25,14.013,60,10y+,21.33,north,A
ln_2a8a04ea2ee0,2024-06-30,0,21420.04,32.31,9696.63,16.584,60,1-3y,17.64,east,B
ln_5c49620438c0,2024-06-30,0,24647.45,13.93,15696.88,12.788,60,10y+,12.53,west,A
ln_0644ef1b054d,2024-06-30,0,63761.8,26.0,12308.16,11.808,36,3-5y,7.89,east,A
ln_d57e56da90e2,2024-06-30,1,44076.19,30.33,13457.83,17.22,36,10y+,11.83,east,A
ln_88451b564ea0,2024-06-30,0,51600.4,24.05,20485.56,14.468,60,5-10y,13.44,west,B
ln_1ed65a994ad8,2024-06-30,0,69345.49,19.25,20027.81,13.1,36,10y+,13.54,south,B
ln_4335d04acc82,2024-06-30,0,66017.09,12.25,7087.06,9.31,36,1-3y,11.11,south,A
ln_ad738ea4f717,2024-06-30,0,30613.05,6.87,21008.66,8.936,36,5-10y,20.24,north,B
ln_1e0a74e00e29,2024-06-30,0,161634.94,21.29,5736.99,8.855,36,3-5y,22.98,east,B
ln_5f0ff5cbf6e0,2024-06-30,1,63677.84,32.45,25153.29,17.546,60,1-3y,16.6,west,A
ln_402e764be79e,2024-06-30,0,79858.83,24.13,27820.38,13.471,36,1-3y,15.24,west,A
ln_a69be43c1b90,2024-06-30,0,62906.44,17.48,15830.11,12.45,36,3-5y,11.94,north,B
ln_d40fe4f1db60,2024-06-30,0,53794.11,26.03,6507.92,14.676,36,1-3y,7.84,south,B
ln_d2a61109b39a,2024-06-30,0,81989.78,14.53,14916.11,10.121,36,3-5y,14.27,south,B
ln_9c73c723f3f6,2024-06-30,0,50954.35,36.84,15732.62,16.967,36,3-5y,9.1,east,A
ln_3a7aa511ac1d,2024-06-30,0,55786.33,28.52,10825.9,14.687,36,5-10y,14.33,east,A
ln_f5a5bd9f3bac,2024-06-30,0,43585.88,27.64,16717.19,9.182,36,10y+,11.44,south,B
ln_3f0b55b9852a,2024-06-30,0,42618.27,28.16,9706.47,16.009,36,3-5y,14.84,west,B
ln_05866b197b99,2024-06-30,0,99571.97,18.52,10475.3,14.313,36,10y+,14.03,east,A
ln_d97f8b21d00f,2024-06-30,1,26916.56,23.56,5389.92,13.862,36,5-10y,12.8,south,A
ln_4c1246e40b57,2024-06-30,0,81846.03,23.09,14024.17,11.078,36,5-10y,15.67,west,B
ln_d3a029b8b40b,2024-06-30,0,47887.81,24.1,32995.59,14.337,36,10y+,12.46,south,B
ln_bd8529331b0f,2024-06-30,0,70495.61,10.11,26883.11,9.55,36,1-3y,4.92,north,A
ln_aa13f6c358a5,2024-06-30,0,46126.33,20.15,16297.68,13.492,60,10y+,12.44,north,A
ln_0c051edd067b,2024-06-30,0,26680.16,15.85,11484.26,11.678,36,3-5y,14.93,south,B
ln_cc49cb3341b6,2024-06-30,0,32082.53,20.56,14101.41,14.392,36,5-10y,8.83,west,A
ln_17b8e6ad948d,2024-06-30,0,88702.75,21.81,8267.8,12.345,60,10y+,16.66,east,A
ln_c18c50f6f4f3,2024-06-30,0,31664.21,26.27,18723.46,21.493,36,1-3y,8.69,east,B
ln_7a28ecb23434,2024-06-30,0,67551.99,25.99,34828.66,11.673,36,1-3y,12.32,south,A
ln_ee4662c6666c,2024-06-30,1,38989.36,27.43,12605.7,14.21,36,10y+,17.1,north,B
ln_87bfb9669e72,2024-06-30,0,26543.35,33.04,44801.55,13.881,36,3-5y,10.02,south,A
ln_86936d7f24ea,2024-06-30,1,52074.14,33.76,7638.41,15.503,36,3-5y,12.74,east,B
ln_0b061b52a39b,2024-06-30,1,49452.04,36.42,15795.61,16.544,36,5-10y,22.94,south,B
ln_184f994cf006,2024-06-30,0,52854.05,23.57,39160.59,12.489,36,3-5y,17.7,west,B
ln_eed9b52dd866,2024-06-30,0,85027.0,23.31,8257.62,16.529,36,3-5y,6.85,north,A
ln_c00c8c2262e0,2024-06-30,0,94936.97,27.39,15491.02,14.082,36,1-3y,13.7,south,B
ln_f7ed64753f31,2024-06-30,0,75535.6,25.03,5936.22,10.738,60,3-5y,8.31,north,A
ln_a7bae143017e,2024-06-30,0,52434.17,23.63,9712.14,16.795,36,5-10y,14.02,south,B
ln_539d3eb35e5f,2024-06-30,0,33632.91,21.03,26253.55,11.85,36,5-10y,15.23,south,B
ln_a359fa798d38,2024-06-30,0,28198.31,19.72,10371.55,13.859,36,10y+,18.24,east,B
ln_82c7f3455041,2024-06-30,1,34215.5,44.98,22893.92,21.872,36,3-5y,11.15,west,B
ln_8758014d793f,2024-06-30,0,49175.18,27.26,7854.95,16.162,60,3-5y,17.99,north,A
ln_770076f32423,2024-06-30,0,31727.21,26.39,2970.38,13.72,36,1-3y,10.54,west,B
ln_50059ba3bc7b,2024-06-30,0,31915.62,17.13,16323.29,16.906,60,10y+,16.5,north,A
ln_00f967d84133,2024-06-30,0,74219.68,31.95,18151.88,13.255,36,10y+,24.56,south,B
ln_f3f720fd94f5,2024-06-30,1,55225.98,37.49,26836.32,18.874,36,5-10y,15.21,north,A
ln_d23f7221f432,2024-06-30,0,51108.98,23.22,7589.55,16.738,60,10y+,15.16,west,A
ln_4f8e761cea4c,2024-06-30,1,43763.29,39.92,11180.2,20.947,60,1-3y,15.35,north,B
ln_a0791e1f9896,2024-06-30,0,74382.53,21.21,24955.05,12.316,60,10y+,15.8,west,B
ln_fd441a07adec,2024-06-30,0,40402.5,18.3,12866.01,14.328,36,10y+,17.62,west,A
ln_c8729828967d,2024-06-30,0,92546.96,3.33,12974.58,4.983,36,1-3y,6.82,east,B
ln_9ba753ffd121,2024-06-30,0,21183.64,15.06,6172.28,13.687,60,3-5y,8.23,south,B
ln_970947000947,2024-06-30,0,61492.73,22.19,19403.31,10.05,36,10y+,15.0,north,A
ln_51ea030f957a,2024-06-30,0,73381.13,34.41,17866.68,14.844,36,1-3y,11.8,west,B
ln_8bf1e9939f95,2024-06-30,0,61905.01,25.5,9977.33,16.986,60,10y+,16.2,north,A
ln_9bb3f71c9d31,2024-06-30,0,142195.31,25.7,9552.23,9.269,36,3-5y,8.59,west,B
ln_5997a0377f52,2024-06-30,1,69413.56,36.78,23503.48,16.687,60,10y+,16.5,north,B
ln_2dedb65f6497,2024-06-30,0,26447.28,28.39,21505.56,14.919,36,10y+,11.1,west,B
ln_f2e298caeec8,2024-06-30,0,33383.32,27.02,23897.31,12.066,36,3-5y,9.02,east,B
ln_b600d48e2b6f,2024-06-30,0,50963.54,20.29,14457.97,10.729,36,3-5y,14.91,west,B
ln_d059770930fd,2024-06-30,0,26339.24,24.27,5482.15,14.294,60,3-5y,8.66,north,A
ln_af0772e5fffb,2024-06-30,0,57047.8,9.22,30952.13,8.924,36,5-10y,20.95,north,A
ln_ea55fe16da8c,2024-06-30,0,36815.34,16.3,8900.81,9.458,36,3-5y,13.78,south,A
ln_9f826c571651,2024-06-30,0,130324.02,8.76,12559.94,7.105,36,5-10y,11.4,east,B
ln_21bc17e234e3,2024-06-30,0,68435.24,25.72,10475.94,12.101,36,1-3y,7.9,south,B
ln_588c40768818,2024-06-30,0,84498.64,3.8,17590.67,7.134,36,1-3y,11.0,north,A
ln_a7d354497b58,2024-06-30,1,63609.2,33.67,40016.02,13.769,36,<1y,6.53,north,A
ln_338a509c3d95,2024-06-30,0,45767.93,33.85,14101.81,18.224,60,5-10y,10.75,south,B
ln_82d98fecb613,2024-06-30,0,71103.67,7.96,15395.43,11.907,60,5-10y,16.85,north,B
ln_b72281770729,2024-06-30,0,56340.95,24.13,14958.93,16.538,36,1-3y,20.67,north,A
ln_42ec46dfb6d0,2024-06-30,0,48081.13,5.85,16506.24,9.821,36,1-3y,13.29,east,A
ln_51c096f0120c,2024-06-30,0,72035.71,27.0,35625.85,17.527,60,1-3y,14.49,north,B
ln_eb18fe252249,2024-06-30,0,53279.99,30.05,11149.49,12.788,36,<1y,24.63,west,A
ln_4f3ac1186c1e,2024-06-30,1,34073.8,27.74,12912.92,18.303,36,1-3y,7.75,west,B
ln_be053f0f562c,2024-06-30,0,88684.1,18.85,5338.18,14.93,60,1-3y,8.45,south,B
ln_ddab558ed28f,2024-06-30,1,71759.24,25.99,8745.1,12.986,36,1-3y,12.08,west,A
ln_f4782fcc90f7,2024-06-30,0,22984.94,27.02,14818.73,12.857,36,5-10y,20.89,east,B
ln_7a4aafc9b4f8,2024-06-30,0,99802.11,26.67,25017.84,13.555,60,1-3y,5.56,south,B
ln_24ef5e7db1f1,2024-06-30,0,118703.84,19.1,82941.66,11.475,36,<1y,14.09,south,B
ln_f84f2b0678c6,2024-06-30,0,41972.28,25.35,12569.62,15.48,36,1-3y,14.48,west,A
ln_9a8404614548,2024-06-30,0,80537.81,29.19,3131.79,17.017,60,1-3y,11.55,west,B
ln_47eabd3c2a29,2024-06-30,1,72387.46,34.84,45167.79,17.401,36,3-5y,10.84,north,B
ln_e989e3fe33e3,2024-06-30,0,96255.32,10.02,15219.57,13.204,60,1-3y,5.63,east,A
ln_390b758aff96,2024-06-30,0,27985.81,23.21,11715.5,16.035,60,3-5y,12.31,east,A
ln_a3d8730e821f,2024-06-30,0,41384.19,21.34,3976.56,12.264,60,5-10y,14.03,north,A
ln_70a4024739b1,2024-06-30,0,113254.5,11.08,3769.04,11.052,60,5-10y,8.56,west,A
ln_53cb391fa7fd,2024-06-30,0,29313.41,20.83,24143.05,10.533,36,1-3y,6.8,west,A
ln_47bde00ba93d,2024-06-30,0,59148.06,23.78,15743.15,11.123,36,1-3y,23.3,west,A
ln_74429c31d3a2,2024-06-30,0,69698.97,10.99,10522.78,8.667,36,5-10y,15.77,north,B
ln_8ce052a7fe91,2024-06-30,1,107229.37,25.91,24703.4,12.199,60,10y+,15.57,east,B
ln_e4d3ed51b195,2024-06-30,0,57071.17,35.46,35920.6,15.91,36,5-10y,12.42,south,A
ln_38f80cd122f0,2024-06-30,0,40370.02,12.94,15016.23,8.584,36,1-3y,10.19,north,A
ln_deacfb77b2de,2024-06-30,0,45464.63,15.75,4375.42,11.228,36,3-5y,10.57,south,A
ln_4eb05c537d66,2024-06-30,0,55377.05,13.24,16454.78,10.264,36,1-3y,23.91,north,A
ln_a6ac197f4004,2024-06-30,0,59477.68,10.16,9445.83,12.431,36,1-3y,8.71,east,A
ln_b5ca8b043e0e,2024-06-30,0,29631.15,26.88,4547.89,14.509,60,3-5y,6.7,east,A
ln_f76cebd372c5,2024-06-30,0,91290.85,17.92,6508.09,10.173,36,3-5y,17.46,west,B
ln_9efe20a42b53,2024-06-30,0,34887.93,27.51,19935.56,17.065,36,<1y,8.79,north,B
ln_08e6b506840e,2024-06-30,0,58194.69,7.4,15799.02,6.345,36,5-10y,16.64,south,A
ln_5a935e37f136,2024-06-30,0,30324.97,24.72,18902.6,12.47,36,1-3y,11.52,west,B
ln_5a585986dbb1,2024-06-30,0,94814.54,13.14,11548.98,8.869,36,1-3y,6.1,east,A
ln_d83be40ada93,2024-06-30,0,76035.96,24.33,18779.22,15.248,36,1-3y,11.58,north,B
ln_d16a2e2d713f,2024-06-30,0,56958.35,21.3,6820.67,12.571,36,10y+,11.44,east,A
ln_3422677fb746,2024-06-30,0,58218.47,18.12,15378.63,12.886,36,1-3y,7.03,west,A
ln_d440ddeb3e13,2024-06-30,0,114869.21,10.18,16200.71,12.95,36,10y+,9.51,south,B
ln_0e871e8cb534,2024-06-30,0,37210.26,16.35,14738.12,10.314,60,10y+,24.07,south,B
ln_9348e716bf1d,2024-06-30,0,110768.36,10.64,27979.65,9.584,60,10y+,19.26,south,B
ln_0535a7dae601,2024-06-30,1,50569.2,37.48,9547.38,20.889,36,1-3y,12.57,south,B
ln_b6b78753bc29,2024-06-30,0,63774.78,25.76,19628.8,15.579,36,1-3y,10.76,south,A
ln_7ebfe7295125,2024-06-30,0,34535.79,16.15,18980.45,8.703,36,3-5y,7.86,north,A
ln_ce65aab1ef49,2024-06-30,0,41061.41,22.81,11694.31,12.172,60,1-3y,20.04,west,A
ln_1362d6faf317,2024-06-30,0,50595.71,23.63,14249.28,13.392,36,1-3y,15.3,east,B
ln_5c546806c348,2024-06-30,0,86150.15,20.91,8260.15,14.94,60,<1y,9.11,north,A
ln_400d65bcc70a,2024-06-30,0,48670.84,25.28,27127.18,14.464,36,<1y,9.0,west,A
ln_400c12104f23,2024-06-30,0,71971.26,30.08,16325.13,13.126,36,10y+,10.99,north,A
ln_22a83d1f0e91,2024-06-30,0,69209.68,17.37,29263.42,11.339,36,5-10y,10.38,east,A
ln_92617441299d,2024-06-30,0,104581.74,23.34,8411.33,15.322,60,1-3y,9.61,south,A
ln_ee611457b873,2024-06-30,0,71926.39,31.96,16491.89,16.235,36,<1y,10.9,east,A
ln_cee89a3ee782,2024-06-30,0,93649.23,17.55,13955.0,11.887,60,3-5y,16.79,east,A
ln_af317515fb6e,2024-06-30,0,64148.43,23.9,16409.22,13.765,60,5-10y,17.96,west,B
ln_580d4817d88d,2024-06-30,0,35473.57,24.8,13522.2,14.363,36,1-3y,8.97,east,A
ln_46d8639eb5eb,2024-06-30,0,43431.73,32.79,18429.35,14.41,36,1-3y,11.18,west,B
ln_2d7feb0cd4d2,2024-06-30,0,30057.07,21.46,8614.43,11.798,60,3-5y,13.62,west,A
ln_01e6ae027e9a,2024-06-30,0,92935.11,36.76,9160.15,19.627,60,1-3y,10.87,west,A
ln_acb69944e762,2024-06-30,0,42315.77,19.54,11255.61,10.532,36,1-3y,9.33,west,B
ln_7bd3e1b2f8b6,2024-06-30,0,52495.5,19.21,18864.41,11.907,60,3-5y,17.75,east,B
ln_903462ca0d0a,2024-06-30,1,73558.77,23.32,25702.25,16.835,60,1-3y,6.71,north,B
ln_d47f791637f0,2024-06-30,0,81980.48,5.75,6571.76,9.647,60,3-5y,19.58,south,A
ln_57611061ab17,2024-06-30,1,60450.73,22.3,24981.39,10.727,60,1-3y,9.67,west,A
ln_c3d6ec9d47fc,2024-06-30,1,62768.75,35.79,11773.31,19.065,36,1-3y,14.86,west,B
ln_52af2ef5803e,2024-06-30,0,115718.67,24.39,24991.08,13.122,36,1-3y,10.76,west,A
ln_a31f8fa1a4d9,2024-06-30,0,121381.28,17.19,7226.79,15.122,36,5-10y,7.39,east,B
ln_4bfe4f79f172,2024-06-30,1,33036.45,37.44,13385.05,19.246,60,3-5y,11.22,north,B
ln_d986701c3d00,2024-06-30,0,89618.93,23.28,18339.49,15.954,36,10y+,19.74,south,B
ln_7c20b8bb01cb,2024-06-30,0,44961.44,12.21,31662.9,13.357,60,<1y,17.08,south,A
ln_dc7934e7abcc,2024-06-30,0,43510.16,32.78,9913.75,15.937,36,<1y,12.68,east,B
ln_dcd0d3d9d369,2024-06-30,0,50552.84,29.31,17031.53,16.495,36,3-5y,8.25,south,A
ln_fe453da77901,2024-06-30,0,93076.23,15.2,25396.37,13.168,60,<1y,9.44,west,B
ln_09c77bd07c33,2024-06-30,0,115279.09,25.95,13389.71,16.604,60,5-10y,11.38,east,B
ln_1d201ff017ae,2024-06-30,1,67421.8,27.25,15232.86,14.932,60,5-10y,14.78,east,A
ln_e96c60e2ac11,2024-06-30,1,24617.01,25.71,13252.34,15.072,36,1-3y,9.58,east,A
ln_f217b0f8fbfe,2024-06-30,0,93089.88,23.59,8139.86,14.523,36,<1y,5.12,east,A
ln_ec69394d8314,2024-06-30,1,54299.4,27.33,9488.55,14.907,36,10y+,18.51,west,A
ln_2de11559b680,2024-06-30,0,80781.75,20.48,15306.22,10.093,36,5-10y,10.25,south,B
ln_bb0737750549,2024-06-30,0,53881.76,25.61,18090.59,10.644,36,1-3y,8.87,south,B
ln_c47b79de2708,2024-06-30,0,62827.78,26.28,27093.19,14.105,36,1-3y,10.7,west,A
ln_b009da098a59,2024-06-30,0,40610.76,23.28,9420.36,10.435,36,<1y,24.18,east,A
ln_c31c5672d302,2024-06-30,0,80866.21,33.38,9753.98,15.687,36,3-5y,13.68,north,B
ln_45f8bee3b541,2024-06-30,0,48795.23,21.38,26085.6,9.979,60,10y+,18.45,east,B
ln_af4278167609,2024-06-30,0,98698.13,16.8,17213.38,14.62,60,3-5y,12.56,north,A
ln_9930c1bbf278,2024-06-30,1,64404.96,14.05,3997.93,10.655,36,1-3y,5.63,north,B
ln_5a25bc70921c,2024-06-30,0,33830.18,26.27,26995.41,13.335,36,1-3y,13.71,east,A
ln_ae9b2436a76f,2024-06-30,1,37660.96,27.19,10586.05,16.012,36,1-3y,16.6,north,A
ln_15e91269fdeb,2024-06-30,0,171608.61,22.55,25827.66,13.052,36,1-3y,12.24,west,B
ln_5b327f00c99e,2024-06-30,0,36676.85,16.45,7877.52,9.412,36,10y+,13.81,west,A
ln_9fe9599241c5,2024-06-30,0,40581.26,25.55,17476.29,14.919,36,5-10y,8.58,south,B
ln_cc5402b20dca,2024-06-30,0,129861.45,32.47,4842.06,10.834,36,1-3y,15.53,east,A
ln_4f5eaecf2df3,2024-06-30,0,63165.39,32.58,27798.92,14.318,36,5-10y,12.46,west,B
ln_8d210c7a49b1,2024-06-30,0,36674.09,19.51,6373.77,12.337,60,1-3y,9.82,east,A
ln_e37e0f26e073,2024-06-30,0,53893.47,22.15,33749.49,13.473,36,1-3y,15.35,east,A
ln_9d44b45ed564,2024-06-30,0,107843.61,9.01,37705.43,6.167,60,<1y,10.59,north,A
ln_7eedca18a6ed,2024-06-30,0,35266.03,14.99,3735.72,9.78,60,5-10y,13.41,east,A
ln_ad9100fc0acb,2024-06-30,0,62443.23,13.77,15222.42,8.751,60,1-3y,18.15,south,A
ln_7de9be9db07b,2024-06-30,0,27639.86,16.31,3048.79,12.257,36,1-3y,5.39,north,A
ln_39c2b355221e,2024-06-30,0,42729.19,24.75,13758.27,14.249,60,10y+,10.39,west,B
ln_817d4e3a5a51,2024-06-30,0,38961.29,30.93,4050.41,19.154,36,3-5y,11.39,south,A
ln_ae08bfd35c9a,2024-06-30,0,34335.8,26.17,5429.06,14.186,60,10y+,7.31,west,B
ln_43fd864487be,2024-06-30,0,79637.14,19.91,7377.91,11.951,36,3-5y,8.37,east,B
ln_b8532f11e8f1,2024-06-30,0,54474.06,12.27,7539.13,8.924,60,<1y,8.09,west,A
ln_ae887e276b03,2024-06-30,0,43986.13,31.24,19793.3,15.585,60,5-10y,12.52,west,B
ln_ac274bffa9d8,2024-06-30,0,64863.57,31.04,7972.29,17.982,60,1-3y,12.95,west,A
ln_0af6979f14c6,2024-06-30,0,41215.64,21.2,7469.91,7.886,36,1-3y,11.17,north,B
ln_e30d94b70f7c,2024-06-30,0,36085.12,15.01,8820.16,13.631,36,10y+,13.93,south,A
ln_77dbe8c49de8,2024-06-30,0,111239.99,19.37,8064.73,14.61,60,3-5y,10.59,east,A
ln_d8cbf8e83049,2024-06-30,1,49589.76,17.57,15524.49,14.051,60,1-3y,11.77,east,B
ln_ca81c02dd0b3,2024-06-30,1,59768.55,32.74,27300.02,16.146,36,10y+,16.26,north,A
ln_f3bbffc6ae0b,2024-06-30,0,123949.6,13.38,12675.7,12.395,60,5-10y,11.79,south,A
ln_6e622c9569c5,2024-06-30,0,28389.7,23.2,16850.81,12.041,36,<1y,14.35,south,A
ln_e00383a8edc2,2024-06-30,0,81752.26,18.68,5975.09,8.845,36,<1y,9.71,south,B
ln_b303857a2ec4,2024-06-30,0,59778.31,39.75,11266.23,21.298,60,1-3y,14.51,east,A
ln_d813298bcf2e,2024-06-30,0,73085.54,33.59,17339.57,16.321,36,3-5y,7.39,east,A
ln_e2d3bd933f6e,2024-06-30,0,68801.04,23.83,26631.42,16.453,36,1-3y,7.58,west,B
ln_32cffcffacbd,2024-06-30,0,73521.67,22.37,4362.88,16.814,60,5-10y,12.41,south,A
ln_daf28d926dfa,2024-06-30,1,68763.15,25.99,9006.2,14.974,36,3-5y,12.6,north,B
ln_95e594c4bbfa,2024-06-30,0,68744.87,31.21,10187.35,14.457,60,1-3y,9.03,north,B
ln_a47c40187696,2024-06-30,0,32762.2,23.47,8833.62,15.069,36,1-3y,16.81,west,A
ln_5f9e112432cd,2024-06-30,0,73035.2,5.43,21481.6,7.305,36,10y+,13.7,west,B
ln_25669811334a,2024-06-30,0,61645.08,35.52,9224.11,16.223,36,<1y,13.87,north,A
ln_db955cddbdea,2024-06-30,0,134031.4,25.93,10008.33,16.938,36,1-3y,6.9,south,A
ln_40abf89a481c,2024-06-30,0,31531.12,23.13,14108.15,12.257,36,3-5y,8.1,east,B
ln_8089f13847cb,2024-06-30,0,60612.2,33.93,19836.6,19.0,60,1-3y,12.26,north,A
ln_38da3b0fa857,2024-06-30,0,29309.91,22.66,13676.79,11.82,36,<1y,13.36,east,A
ln_e1fa973c5571,2024-06-30,0,39204.35,25.41,18431.87,16.846,36,10y+,14.85,south,B
ln_8891c7919eb5,2024-06-30,0,70084.01,22.21,31262.37,11.131,36,1-3y,10.34,south,A
ln_3e3f19430b5f,2024-06-30,0,39578.53,16.18,13818.28,14.33,60,5-10y,12.3,north,A
ln_eeda6339b20f,2024-06-30,0,44159.08,22.94,11858.32,12.694,36,3-5y,18.43,north,A
ln_b673f001158b,2024-06-30,0,36343.44,24.33,16840.81,11.982,36,1-3y,8.67,north,B
ln_4bbaf947a487,2024-06-30,0,55928.69,24.05,7498.15,17.844,36,1-3y,8.72,east,B
ln_fd53a4911fa6,2024-06-30,0,86803.06,21.43,29607.22,16.215,60,5-10y,13.74,east,A
ln_98cdee1f80a9,2024-06-30,0,74776.96,38.7,10353.52,14.918,36,1-3y,12.37,east,A
ln_e30bfa306602,2024-06-30,0,102477.73,28.79,14264.02,16.588,36,1-3y,14.25,south,A
ln_7e4639794152,2024-06-30,0,67593.74,23.88,8964.71,13.455,36,10y+,15.7,north,A
ln_6052ccf073d3,2024-06-30,0,36083.35,14.33,95027.79,7.131,60,5-10y,18.55,east,A
ln_bbd430928a70,2024-06-30,0,28094.61,20.11,8172.85,12.944,60,3-5y,28.08,north,A
ln_ba166054dcf4,2024-06-30,0,30343.25,39.59,18334.94,22.01,60,1-3y,9.06,north,A
ln_0d0f33c4950b,2024-06-30,0,102272.26,30.23,39318.34,15.187,36,5-10y,13.18,south,A
ln_0ae3c6269858,2024-06-30,0,28888.84,17.55,10398.88,10.519,36,3-5y,19.25,south,A
ln_b5a0e660cdd5,2024-06-30,1,30709.03,34.94,12414.98,16.857,36,10y+,16.32,south,A
ln_8aafb1c405ca,2024-06-30,0,89064.23,24.21,20899.57,12.996,36,<1y,11.56,east,A
ln_afb611626f6e,2024-06-30,0,53554.07,16.78,13719.66,14.135,60,10y+,15.7,west,A
ln_8cc36b587e95,2024-06-30,0,96067.11,33.9,9519.96,16.522,36,5-10y,17.5,east,B
ln_be7b21f4b383,2024-06-30,0,88286.82,14.37,18397.87,8.293,36,10y+,17.88,north,A
ln_132ea3dec5b4,2024-06-30,0,43197.2,10.54,14239.77,9.597,36,5-10y,12.73,south,B
ln_d73b76b1ca7f,2024-06-30,0,94737.2,14.38,8961.9,8.832,36,10y+,11.18,north,A
ln_15abd86f23e1,2024-06-30,0,94558.49,28.79,25749.67,10.721,36,10y+,20.43,west,A
ln_d89c7d427138,2024-06-30,0,78309.04,30.92,1690.55,16.284,60,<1y,13.05,east,B
ln_78f2e3016dad,2024-06-30,0,30871.39,32.05,6550.47,17.092,36,3-5y,16.12,east,B
ln_d65eeb3b5792,2024-06-30,0,40862.75,17.16,7941.06,9.232,36,10y+,16.21,south,B
ln_e52ac20b2ac9,2024-06-30,0,159219.56,15.07,43638.68,9.483,60,1-3y,6.91,north,B
ln_7827e9e66f03,2024-06-30,0,42958.87,22.56,19190.96,10.782,60,3-5y,18.51,east,B
ln_47ef852c84f2,2024-06-30,0,47279.5,26.21,8703.81,15.304,36,10y+,9.23,south,A
ln_8c55d40757ac,2024-06-30,0,40821.07,13.2,11445.22,7.851,36,5-10y,11.97,north,A
ln_ece4a6ccd358,2024-06-30,0,76772.93,22.82,9715.35,11.197,36,<1y,13.61,south,B
ln_18e1867725f8,2024-06-30,0,35341.23,33.68,13510.05,17.06,36,10y+,13.69,south,A
ln_25c933ed2529,2024-06-30,1,64564.59,30.33,9918.41,13.557,36,5-10y,13.9,north,A
ln_51a0b9b09fd7,2024-06-30,0,82337.8,29.5,12651.62,16.382,36,10y+,9.6,south,A
ln_28e17324ae05,2024-06-30,0,58060.0,11.11,14142.65,9.671,36,1-3y,8.4,east,A
ln_d8560e99db4a,2024-06-30,0,26942.03,27.72,33737.84,17.817,60,<1y,6.75,east,A
ln_c369e3750cbc,2024-06-30,0,58916.01,16.45,41261.76,9.124,36,5-10y,17.56,south,B
ln_1348990dfaf8,2024-06-30,1,55608.9,18.01,3384.22,14.239,36,10y+,12.16,west,B
ln_c981059ed0b0,2024-06-30,0,36267.24,32.66,14893.09,16.123,60,5-10y,18.22,east,B
ln_92f5f1159a27,2024-06-30,0,65443.9,27.98,7198.31,15.997,60,1-3y,7.0,north,A
ln_061fa11e7660,2024-06-30,0,49389.1,27.37,15409.6,13.842,36,1-3y,7.13,west,B
ln_091a4afc0cd0,2024-06-30,1,23437.16,29.7,26076.54,16.105,60,1-3y,10.77,west,B
ln_7c3208b89b77,2024-06-30,0,105705.55,33.37,20824.61,16.167,36,5-10y,10.19,west,A
ln_06f9bd45bad6,2024-06-30,0,31903.88,20.15,28371.42,11.793,36,3-5y,15.93,east,B
ln_eb3c4ff70853,2024-06-30,0,60010.97,35.64,9327.02,15.801,60,1-3y,13.57,south,A
ln_54d17069ff84,2024-06-30,0,43376.48,26.25,31224.27,14.398,36,10y+,10.66,south,A
ln_c5f4122949db,2024-06-30,1,73334.9,13.65,28643.86,12.839,36,5-10y,18.84,south,B
ln_3d058a5c3229,2024-06-30,0,102254.62,14.28,20514.25,16.066,36,1-3y,12.56,south,A
ln_10e3e99f8655,2024-06-30,0,110926.74,25.03,11873.75,11.539,36,10y+,19.68,east,A
ln_605a8b93154d,2024-06-30,0,72835.44,18.08,7639.27,13.019,36,1-3y,11.55,west,A
ln_86a66b3836cc,2024-06-30,0,63077.93,32.82,4623.1,15.151,36,5-10y,17.04,south,B
ln_15ff6043ea9d,2024-06-30,1,62985.75,15.76,32056.53,13.511,60,5-10y,12.3,east,A
ln_72e6c0bed07e,2024-06-30,0,40461.27,10.99,7713.3,12.31,36,10y+,19.05,east,B
ln_4e8049b8cbf6,2024-06-30,0,51670.08,32.07,10195.37,17.396,36,3-5y,14.8,south,A
ln_a45f7b34b9dd,2024-06-30,0,67143.04,15.61,16248.64,12.443,60,10y+,13.56,west,A
ln_bbe4619d054d,2024-06-30,0,45302.34,28.07,42186.42,14.212,36,5-10y,13.54,south,A
ln_6a515638a120,2024-06-30,0,83945.94,35.8,76549.37,14.958,36,3-5y,25.69,west,B
ln_e8a5b425322f,2024-06-30,0,32934.68,21.31,8515.31,10.965,36,<1y,14.6,south,A
ln_9f59c1bdf9b1,2024-06-30,1,71763.94,39.14,13717.62,17.179,60,1-3y,16.41,south,B
ln_fbf04a9f7d98,2024-06-30,0,48438.52,27.17,7783.2,12.287,36,3-5y,14.25,south,B
ln_7914b7e978ab,2024-06-30,0,49531.42,22.64,16362.42,12.342,36,3-5y,13.17,west,A
ln_8a24151fb32b,2024-06-30,1,63883.76,30.84,17500.99,16.194,60,10y+,13.14,south,B
ln_1c4481e1b37d,2024-06-30,1,101825.14,16.21,7820.59,11.818,36,1-3y,9.5,east,A
ln_d188bf96f154,2024-06-30,0,65692.75,8.48,29584.79,9.743,36,1-3y,12.1,east,B
ln_7d2ceb3b38f3,2024-06-30,1,106314.42,35.86,28397.95,16.732,36,5-10y,15.1,west,A
ln_667435a9322e,2024-06-30,0,39563.83,27.03,14814.2,19.844,36,10y+,9.36,north,A
ln_468afafa0fa4,2024-06-30,0,122602.1,30.84,23277.7,15.573,36,<1y,9.27,west,B
ln_a80549915e76,2024-06-30,0,31027.77,23.63,4752.69,10.965,36,1-3y,13.64,north,B
ln_0c60f6803582,2024-06-30,0,63158.59,19.71,9123.98,11.206,60,1-3y,16.12,north,A
ln_2b38f53e062c,2024-06-30,0,47618.73,15.66,12674.86,7.93,36,5-10y,23.1,east,A
ln_04162d8eced9,2024-06-30,0,45569.01,26.95,7006.03,15.077,60,1-3y,7.63,south,B
ln_d731a5ebc036,2024-06-30,0,34633.69,16.9,14956.98,11.69,36,5-10y,18.88,north,B
ln_5edeb335baba,2024-06-30,0,42618.89,10.49,14448.38,6.386,36,<1y,16.44,west,B
ln_201b3726cb20,2024-06-30,0,107674.62,14.1,11179.01,11.334,36,5-10y,15.74,west,B
ln_025ec7ffd351,2024-06-30,0,116237.85,21.99,13115.4,15.519,60,1-3y,18.42,north,B
ln_d84044c01c19,2024-06-30,0,46728.63,9.79,8945.01,10.359,36,5-10y,11.2,north,B
ln_d2746a95ecb6,2024-06-30,0,39940.71,25.56,78478.63,13.655,36,1-3y,9.72,west,B
ln_8d5f3cf3fd56,2024-06-30,0,41905.79,17.58,9176.19,11.829,60,10y+,25.21,south,A
ln_6f5f97a4178e,2024-06-30,0,72212.1,37.93,29369.98,19.546,60,3-5y,12.39,west,A
ln_25c309042a2a,2024-06-30,0,39789.08,43.34,8139.23,18.923,36,3-5y,10.24,north,A
ln_4c3436c3e662,2024-06-30,0,29472.27,41.38,23822.91,22.886,36,10y+,13.1,south,A
ln_90e06a2df2c0,2024-06-30,0,30255.95,22.53,17367.73,10.199,60,5-10y,10.95,east,B
ln_ca8f32a3da99,2024-06-30,0,32319.56,24.6,10116.59,15.694,36,3-5y,16.91,west,B
ln_72ba3dd9ce22,2024-06-30,0,45212.02,26.72,10434.75,11.729,36,1-3y,8.09,west,A
ln_02e7b1e2da4e,2024-06-30,0,135176.13,29.19,44025.56,11.998,36,5-10y,9.03,south,A
ln_a1cb140a9df4,2024-06-30,0,30454.33,15.29,41635.3,12.967,36,5-10y,11.38,west,A
ln_96342dcc4791,2024-06-30,0,42152.83,17.21,20801.36,7.842,60,<1y,20.01,north,B
ln_41befede69b0,2024-06-30,0,34884.07,26.06,12037.45,16.64,60,10y+,11.56,west,B
ln_ef4e9f841b8e,2024-06-30,0,44668.84,29.47,8196.33,9.631,36,5-10y,14.76,west,B
ln_e238186e20de,2024-06-30,0,68339.42,15.31,18636.16,8.563,36,5-10y,16.02,west,A
ln_56682c7c1cc3,2024-06-30,0,90229.2,23.71,15181.08,12.998,36,10y+,23.81,east,A
ln_7405f0695e57,2024-06-30,0,54403.83,31.46,14409.0,15.998,36,5-10y,11.06,south,A
ln_bb9dbd45e4e3,2024-06-30,0,46647.16,35.49,8077.02,16.748,36,10y+,10.51,south,A
ln_8e11aa4198da,2024-06-30,0,48808.44,26.73,2753.32,13.18,36,1-3y,22.49,north,A
ln_0e446465316d,2024-06-30,0,45902.16,28.43,24741.32,12.981,36,3-5y,9.33,west,A
ln_301bbb2156fc,2024-06-30,0,61022.35,30.57,21859.65,18.954,36,3-5y,10.3,east,A
ln_1690014702bb,2024-06-30,1,56986.91,34.43,10824.78,20.18,36,3-5y,9.69,west,A
ln_8976e1c5589e,2024-06-30,0,56581.94,23.34,29462.91,13.002,60,1-3y,9.61,north,A
ln_7e05a01753d9,2024-06-30,0,143788.95,23.69,5743.03,14.564,36,<1y,4.47,east,A
ln_07df6e37ea73,2024-06-30,0,52720.59,8.54,14315.59,11.738,36,1-3y,7.58,east,A
ln_3ef17b948046,2024-06-30,0,153183.14,24.04,18429.64,17.03,60,3-5y,8.63,north,A
ln_a81b9ac2b278,2024-06-30,0,83574.83,26.23,22148.19,15.911,36,1-3y,9.07,west,B
ln_a4f84396da9d,2024-06-30,0,49818.03,19.15,30783.23,18.653,60,5-10y,6.62,south,A
ln_6faac0ce4450,2024-06-30,0,104425.86,29.95,16884.02,15.788,36,5-10y,12.0,south,A
ln_a6be196a4bb9,2024-06-30,0,21457.68,29.67,21366.28,12.798,60,<1y,10.66,east,A
ln_bcdf26283d40,2024-06-30,0,125196.75,28.64,7077.55,16.813,60,1-3y,13.87,north,B
ln_b734cb7a5234,2024-06-30,0,43289.06,11.14,21119.14,9.574,36,<1y,11.76,south,A
ln_dca05806a066,2024-06-30,0,63378.52,21.53,16265.13,10.126,60,1-3y,29.99,north,A
ln_308f59c3e44a,2024-06-30,0,120305.11,29.61,24113.72,18.702,60,10y+,11.3,west,A
ln_991495c70f8a,2024-06-30,0,37787.42,11.22,14685.13,9.888,36,<1y,8.11,south,B
ln_ca9f2d31ddf3,2024-06-30,0,44079.41,31.7,27320.92,13.065,36,3-5y,16.78,west,A
ln_a13632163ad1,2024-06-30,0,116203.28,7.52,16262.5,7.874,36,<1y,9.64,east,A
ln_748bcc42cfee,2024-06-30,0,78581.99,7.73,18907.98,5.439,36,1-3y,9.12,south,A
ln_c485cfd53c7e,2024-06-30,0,49479.19,33.42,16871.72,17.897,36,5-10y,10.43,south,A
ln_864c0d609a23,2024-06-30,0,71659.56,35.72,14713.31,17.143,36,3-5y,16.15,east,A
ln_f01e0e76fc38,2024-06-30,0,56784.15,28.27,49255.91,11.565,36,5-10y,7.31,south,B
ln_d156e26dd187,2024-06-30,0,88076.7,26.18,33094.19,18.699,36,5-10y,10.9,north,B
ln_a94378f0ccee,2024-06-30,0,51202.45,31.56,18407.82,13.848,36,<1y,7.98,south,B
ln_f5660b208bcb,2024-06-30,0,66031.01,27.97,16218.26,12.332,36,1-3y,15.0,south,A
ln_bd12d71427de,2024-06-30,0,114994.1,19.95,28193.07,9.722,36,1-3y,14.14,west,B
ln_84e57d881e43,2024-06-30,0,89547.68,25.56,19240.46,14.798,60,1-3y,10.37,east,A
ln_0876c8b13fb3,2024-06-30,0,115861.24,28.93,25120.97,11.213,36,1-3y,19.06,south,B
ln_14b726cc23ce,2024-06-30,0,106582.85,19.5,17798.76,14.083,60,5-10y,8.76,north,B
ln_cd7b5c8e8f7e,2024-06-30,0,68340.74,27.0,8327.87,15.09,36,3-5y,14.11,south,B
ln_62c408b0d984,2024-06-30,1,73180.81,38.74,41204.64,19.85,36,10y+,10.72,south,A
ln_d187e6b5eed1,2024-06-30,0,39828.09,29.51,6796.97,15.778,36,1-3y,7.4,east,A
ln_ed771f7eafff,2024-06-30,0,52504.11,22.95,6069.7,13.913,36,1-3y,10.67,south,A
ln_09dfb30e4984,2024-06-30,0,31478.6,15.35,11130.77,14.725,60,1-3y,14.53,west,A
ln_c0921ed1b4a7,2024-06-30,0,44192.09,21.37,12033.68,10.669,36,3-5y,15.01,south,A
ln_284ce625c6c9,2024-06-30,0,32443.32,23.81,6711.1,14.967,60,10y+,10.03,north,A
ln_8ce11b8fe624,2024-06-30,0,52309.41,18.62,37267.71,11.488,36,10y+,9.73,east,B
ln_b65cb81cfa71,2024-06-30,0,34117.65,15.36,12362.88,10.581,36,<1y,8.12,north,A
ln_151eca3d8ec1,2024-06-30,0,66408.42,20.24,6827.22,11.4,36,3-5y,6.84,east,A
ln_442da6cec449,2024-06-30,0,61688.75,27.75,6866.39,15.351,36,1-3y,9.41,south,A
ln_6abce3459f44,2024-06-30,1,20800.73,38.78,7515.87,17.681,36,1-3y,12.26,east,B
ln_0581de85d638,2024-06-30,0,85324.41,24.7,13056.74,13.485,36,<1y,17.01,south,B
ln_82efe5bcfafa,2024-06-30,0,57781.39,23.85,11888.48,11.014,36,3-5y,10.83,south,A
ln_6dad24a7b80b,2024-06-30,0,74446.46,33.31,7892.24,15.925,36,3-5y,14.68,south,B
ln_dfb90cf14ba1,2024-06-30,0,32133.78,23.5,45281.97,14.974,60,1-3y,23.84,south,A
ln_a071aab8452f,2024-06-30,0,45217.12,29.93,3797.58,15.685,60,1-3y,9.34,north,B
ln_b3a5eae40e84,2024-06-30,0,45005.69,36.71,24465.5,16.001,36,5-10y,8.98,east,B
ln_0613df7ba705,2024-06-30,0,72241.41,17.42,12743.22,14.338,36,1-3y,9.42,north,A
ln_b23f3e68def6,2024-06-30,0,56680.81,29.71,13292.87,15.776,36,<1y,17.66,west,B
ln_fdbbf3bd7088,2024-06-30,0,35127.43,17.31,14775.02,10.656,36,1-3y,10.87,south,B
ln_1868e1a768c5,2024-06-30,0,45303.9,18.54,15600.59,10.008,36,3-5y,16.47,east,B
ln_c9d7eaf98d3d,2024-06-30,0,64753.93,3.67,5148.83,9.337,36,3-5y,6.93,south,A
ln_d3c3c1610db0,2024-06-30,0,22439.9,23.01,12777.55,17.263,36,3-5y,9.53,west,B
ln_af6c3c2e94e6,2024-06-30,0,128662.7,24.48,13718.41,14.522,36,1-3y,12.97,west,B
ln_27da9a6d23e0,2024-06-30,0,53678.04,30.01,9987.98,15.309,60,<1y,19.55,west,A
ln_9d5df89318de,2024-06-30,0,88381.15,13.33,29547.9,10.978,36,3-5y,14.49,north,A
ln_2cb23d40fed7,2024-06-30,0,37846.76,27.72,3204.36,16.074,36,1-3y,6.66,west,B
ln_a1dd4c79ec03,2024-06-30,0,115404.08,3.52,20494.49,6.617,36,1-3y,12.4,west,A
ln_8fede7a617fe,2024-06-30,0,64784.45,25.02,10084.6,11.756,36,5-10y,17.81,south,B
ln_c10e5e7a073b,2024-06-30,0,48911.99,29.82,16192.06,15.203,60,5-10y,11.55,west,A
ln_46997cfc952b,2024-06-30,1,74628.72,37.58,11792.47,15.983,36,10y+,13.39,south,B
ln_3a91215e4a42,2024-06-30,0,41101.12,29.64,14488.59,15.815,36,3-5y,14.27,north,B
ln_3c60f6726681,2024-06-30,0,63879.79,8.46,9178.42,12.487,60,1-3y,9.24,north,B
ln_31c151877a2e,2024-06-30,0,84814.32,33.66,22670.52,17.972,60,1-3y,6.86,south,B
ln_2ebdbdbdc451,2024-06-30,0,73605.67,10.88,8784.54,10.798,36,1-3y,8.45,north,A
ln_004451ef58f3,2024-06-30,0,26494.83,21.69,28342.25,11.91,60,3-5y,12.13,north,A
ln_04c39fe44aaa,2024-06-30,0,67399.43,22.31,16410.9,13.673,60,3-5y,14.96,north,B
ln_86488d44c221,2024-06-30,0,120543.4,18.34,14783.16,10.995,36,3-5y,14.68,west,B
ln_5926b44e0fd2,2024-06-30,0,82266.46,8.28,17359.76,9.012,36,5-10y,6.47,south,A
ln_4441f62c8aa3,2024-06-30,1,21468.09,25.37,7740.81,13.333,36,3-5y,12.05,south,B
ln_757c4ff83df5,2024-06-30,0,60679.57,14.99,16441.32,12.826,60,5-10y,8.83,west,B
ln_587f29cdd0b0,2024-06-30,0,73368.24,27.21,36506.63,13.497,36,3-5y,9.37,south,B
ln_382c68cf3ae3,2024-06-30,0,67220.02,31.41,36342.33,18.845,36,<1y,8.78,east,B
ln_7b568318a6f3,2024-06-30,0,73592.7,7.9,11172.73,5.735,36,5-10y,13.36,south,B
ln_3041c4887ce7,2024-06-30,0,33911.46,21.0,11896.84,14.459,60,1-3y,16.0,north,A
ln_4249d3de76c5,2024-06-30,0,50575.9,7.99,5315.43,12.085,36,1-3y,6.85,east,B
ln_532e9db38f3b,2024-06-30,0,33151.75,32.77,7567.47,13.016,36,10y+,26.96,south,B
ln_211138b8a405,2024-06-30,0,38829.08,27.53,15583.34,19.42,60,5-10y,23.09,east,A
ln_fb84722909e9,2024-06-30,0,44717.78,27.13,20516.0,11.705,36,3-5y,13.9,south,A
ln_b9d610282ce9,2024-06-30,0,77268.13,15.64,21722.51,11.313,36,3-5y,11.09,north,B
ln_14eb858f33d7,2024-06-30,0,55824.54,22.49,28794.68,14.348,36,3-5y,10.36,south,A
ln_3bb6aeb5bd8b,2024-06-30,0,70580.66,30.69,13104.81,15.138,60,10y+,16.19,west,A
ln_b672027a828e,2024-06-30,0,63911.25,25.42,16198.62,11.873,36,1-3y,14.58,west,A
ln_0aede6caddef,2024-06-30,1,65925.87,26.93,28027.56,15.309,36,3-5y,7.72,west,B
ln_6e797ed6cb36,2024-06-30,1,113023.36,27.5,6380.59,13.196,60,1-3y,13.78,south,A
ln_66e50ce1d00d,2024-06-30,1,68831.42,19.89,23807.21,13.848,60,1-3y,11.51,west,B
ln_3433629dca8a,2024-06-30,0,39440.95,21.36,11311.9,8.1,36,3-5y,15.06,east,B
ln_84e0881d5c6d,2024-06-30,0,45632.41,31.96,4868.69,17.851,36,1-3y,20.77,west,A
ln_7012d39a7a0d,2024-06-30,1,79941.08,25.82,10407.9,12.377,36,3-5y,17.46,north,A
ln_dfaee3f7fe07,2024-06-30,1,71191.38,30.9,13515.62,17.202,36,<1y,9.03,south,A
ln_040523d69973,2024-06-30,0,71567.19,31.66,43166.85,15.626,60,3-5y,12.96,west,A
ln_a9c17148440c,2024-06-30,0,57711.68,20.93,11865.81,10.254,36,1-3y,12.82,east,A
ln_f2d59dc1de32,2024-06-30,0,51150.03,23.68,24247.59,17.276,60,1-3y,9.82,south,B
ln_01850dfa71a1,2024-06-30,0,35873.32,28.68,13448.72,14.476,36,<1y,7.88,south,A
ln_43fc0f9911c4,2024-06-30,0,129263.49,15.31,17815.51,13.389,36,1-3y,7.4,south,A
ln_e0e43a6f1e76,2024-06-30,0,69930.58,26.46,12129.04,13.075,36,1-3y,18.68,west,A
ln_10bacba12b42,2024-06-30,0,147511.12,32.02,13108.69,17.357,36,1-3y,8.55,west,A
ln_a91bba6ac7ca,2024-06-30,0,70845.91,36.01,13857.69,15.907,36,10y+,14.68,south,B
ln_6a58c3487938,2024-06-30,0,51618.62,34.46,7447.03,17.716,36,5-10y,12.47,north,B
ln_7d55ee2450c6,2024-06-30,0,77137.87,21.37,13803.37,13.962,60,5-10y,9.46,south,B
ln_c6043849fadf,2024-06-30,0,121590.18,17.16,18966.03,9.546,60,<1y,15.44,west,A
ln_fab1341cedae,2024-06-30,0,47646.14,27.96,13578.01,12.38,36,1-3y,12.0,west,A
ln_6ad815467333,2024-06-30,0,19800.43,16.64,16435.38,8.213,36,1-3y,8.01,south,B
ln_33b37814cb91,2024-06-30,0,103852.63,18.87,10875.55,9.571,36,1-3y,13.81,south,A
ln_aa03dd53872e,2024-06-30,0,115201.92,29.01,18286.86,15.314,36,1-3y,9.12,north,A
ln_458fa26d4bac,2024-06-30,0,119955.6,29.78,17113.51,14.674,36,10y+,13.88,west,A
ln_4846a91e229a,2024-06-30,0,96495.79,33.95,10170.84,20.093,60,3-5y,17.5,west,B
ln_9086210e4507,2024-06-30,0,28995.92,18.4,9501.51,15.417,36,5-10y,14.57,east,B
ln_0e896e3a82ba,2024-06-30,0,104872.76,35.05,14557.34,11.848,36,1-3y,10.81,north,B
ln_1ba2daf1fc04,2024-06-30,0,83377.44,40.2,33583.98,16.007,36,10y+,20.05,east,A
ln_b55e46731934,2024-06-30,0,55930.87,17.94,15387.98,11.971,60,3-5y,16.95,west,B
ln_94ba23ea606a,2024-06-30,0,62955.72,24.63,18871.23,11.986,60,5-10y,16.62,east,A
ln_a433d240aa44,2024-06-30,1,87006.23,26.14,24002.89,13.387,60,<1y,10.66,west,A
ln_21a8df7fbcb5,2024-06-30,1,33475.21,26.73,25254.66,14.72,36,<1y,9.11,west,B
ln_42672c8125b8,2024-06-30,0,129299.01,14.14,6178.02,10.734,60,3-5y,14.34,west,B
ln_7e42403091a8,2024-06-30,0,52958.74,26.4,21293.31,12.939,60,3-5y,9.07,east,A
ln_3643578b90c6,2024-06-30,0,55265.54,15.28,13811.82,10.405,36,3-5y,10.98,east,A
ln_23ff7baa0d68,2024-06-30,0,53105.55,22.04,21375.21,9.769,36,10y+,11.55,east,B
ln_9e16fc6c2ec4,2024-06-30,0,36144.96,23.79,14892.55,16.368,36,10y+,20.2,north,A
ln_39ed98a838b6,2024-06-30,0,58605.28,31.51,13059.79,11.891,36,3-5y,13.81,south,A
ln_b20a66da843f,2024-06-30,0,63625.46,8.41,7707.8,9.715,36,10y+,10.63,south,A
ln_eaae04cdf207,2024-06-30,0,38667.58,24.85,3958.61,12.564,36,5-10y,9.53,south,B
ln_60b4c0904570,2024-06-30,0,98981.88,19.7,11068.5,10.622,36,5-10y,14.14,north,A
ln_31308e9dbabd,2024-06-30,0,75661.48,11.0,11818.03,10.152,36,3-5y,12.42,south,A
ln_b5503b65ca4e,2024-06-30,1,47673.11,24.8,7506.24,13.882,36,<1y,11.42,south,A
ln_56f1375d783b,2024-06-30,0,94304.5,20.18,20189.13,11.23,36,3-5y,9.59,north,B
ln_6ec5d115fa24,2024-06-30,0,44265.28,29.25,33638.33,16.123,60,3-5y,14.4,north,A
ln_ace4cec8f0ad,2024-06-30,0,60227.2,23.23,13235.17,10.563,36,1-3y,11.69,north,A
ln_b492498039b6,2024-06-30,0,69358.62,34.97,22594.66,16.059,36,3-5y,9.38,west,A
ln_572239bce5e9,2024-06-30,0,69061.14,19.64,20786.15,11.504,36,1-3y,8.79,south,B
ln_6b88bf3f183e,2024-06-30,0,61351.89,27.26,7063.44,12.339,60,5-10y,13.01,north,A
ln_308dcfa2ef09,2024-06-30,0,32979.11,14.03,10379.46,11.181,36,3-5y,16.95,south,A
ln_0945f970157b,2024-06-30,0,90666.44,8.87,12088.08,11.018,60,<1y,10.38,east,B
ln_abe7c8180beb,2024-06-30,0,60359.49,24.78,10681.18,13.036,36,5-10y,14.3,south,A
ln_d19c8da58d21,2024-06-30,0,118641.79,28.68,10057.98,12.431,36,3-5y,7.73,east,B
ln_9b1798393dfb,2024-06-30,0,48702.57,31.3,5370.99,16.1,36,3-5y,22.42,south,A
ln_39fdd7ebe05b,2024-06-30,0,45686.69,25.44,15813.97,17.04,36,1-3y,6.93,south,A
ln_128e76b5f4f5,2024-06-30,0,160895.1,18.33,18240.69,12.949,60,1-3y,9.15,east,A
ln_d666ce186c18,2024-06-30,0,40893.85,27.02,5944.87,14.967,60,3-5y,9.76,west,A
ln_b945fe8ef026,2024-06-30,0,57132.15,23.85,4856.94,13.198,60,5-10y,18.82,west,A
ln_42ac36028a36,2024-06-30,0,50045.35,8.56,13995.71,9.839,60,10y+,12.84,north,B
ln_6a1ac03b1b7d,2024-06-30,0,51051.63,26.3,14421.12,10.527,36,3-5y,25.25,north,A
ln_fb67db86a68d,2024-06-30,0,32479.2,23.62,25967.34,12.782,60,3-5y,17.18,north,B
ln_84a20138be1e,2024-06-30,1,43076.01,35.93,9152.99,17.419,36,5-10y,7.71,west,A
ln_2c70c403b2d6,2024-06-30,0,41223.37,18.76,13935.21,13.443,36,5-10y,14.12,east,A
ln_480c1256c97f,2024-06-30,0,26815.3,13.51,5338.7,14.254,60,1-3y,4.41,north,B
ln_1dc257989dcf,2024-06-30,0,22328.43,15.66,11047.7,12.232,36,<1y,22.73,west,A
ln_ce3d685f9ea6,2024-06-30,0,66436.51,27.06,16004.44,14.731,36,<1y,5.18,west,A
ln_b9523a184b31,2024-06-30,0,230056.16,22.38,27226.55,12.522,60,3-5y,9.3,east,B
ln_397775170c7d,2024-06-30,0,67125.98,15.77,5671.38,10.641,60,1-3y,11.16,west,B
ln_1238d62fc502,2024-06-30,0,66966.32,34.99,38070.76,14.411,36,5-10y,13.17,north,A
ln_691060988cae,2024-06-30,0,16685.03,26.48,13745.1,15.524,36,3-5y,8.67,east,B
ln_5edca11a38d7,2024-06-30,0,84759.21,29.91,15056.29,14.637,36,3-5y,11.93,west,A
ln_89de4c003c08,2024-06-30,0,37747.42,19.17,31054.84,16.57,36,3-5y,10.19,west,A
ln_745d06b76f83,2024-06-30,0,104365.63,10.64,45179.53,8.931,36,<1y,9.64,east,A
ln_e91a3b01e9a5,2024-06-30,0,59737.63,16.22,23971.51,7.203,60,5-10y,20.11,west,A
ln_bb9a64726fe1,2024-06-30,0,133568.21,19.08,7001.79,11.54,36,<1y,10.87,south,B
ln_115e645e358c,2024-06-30,0,92010.11,26.43,7629.83,13.616,36,10y+,10.1,west,B
ln_e12b9f398c9c,2024-06-30,1,64300.64,33.18,16972.74,19.296,60,10y+,8.38,north,B
ln_e5b01248b268,2024-06-30,0,62188.06,18.33,29624.89,10.625,36,5-10y,13.97,south,A
ln_165b6c18d850,2024-06-30,0,54222.54,23.44,39327.18,13.077,60,1-3y,8.44,south,A
ln_307c34c61e91,2024-06-30,0,85984.26,26.85,10472.73,16.007,60,1-3y,10.27,west,A
ln_cc5190cf1871,2024-06-30,0,90343.15,24.92,17052.37,12.628,36,1-3y,12.83,north,A
ln_a085e5a0c08a,2024-06-30,0,48382.96,22.44,14278.91,13.426,60,5-10y,15.82,south,B
ln_af0e1492f2ee,2024-06-30,0,48866.98,20.42,12221.9,8.796,60,3-5y,8.99,north,B
ln_b0566b1f28ec,2024-06-30,1,39403.13,17.08,12256.59,11.5,60,<1y,5.13,east,A
ln_7609f5152aa6,2024-06-30,0,73102.41,19.15,15782.72,17.024,36,3-5y,7.99,north,A
ln_9bc58967bb66,2024-06-30,0,57816.97,12.42,7500.76,7.315,36,5-10y,10.54,east,B
ln_acd669a81bbf,2024-06-30,0,110379.5,26.79,8233.87,15.6,36,5-10y,11.06,south,B
ln_41b6e8b06b63,2024-06-30,0,42533.01,20.71,32637.95,13.774,60,5-10y,15.08,north,A
ln_8088a58b6f01,2024-06-30,1,50368.34,31.99,7529.57,16.569,36,10y+,13.53,north,A
ln_0b84e62e997a,2024-06-30,0,56064.95,25.41,30917.37,14.867,60,1-3y,13.07,east,B
ln_175c7bf3b914,2024-06-30,0,59176.14,12.22,27264.01,12.155,36,1-3y,17.45,south,A
ln_03c940a280cf,2024-06-30,1,106404.11,24.71,9771.4,11.151,60,3-5y,10.53,south,A
ln_cf75c5656e92,2024-06-30,0,116483.58,17.61,7099.72,8.735,36,10y+,20.78,south,A
ln_18c27c247cc2,2024-06-30,0,29494.6,31.62,11270.99,14.641,36,10y+,19.78,south,A
ln_4d569d5925f5,2024-06-30,0,129786.42,15.84,22134.71,10.48,36,<1y,9.93,north,B
ln_997e7c39b1be,2024-06-30,0,55977.76,14.21,14922.51,12.208,36,5-10y,11.07,east,A
ln_fd991e713ee4,2024-06-30,0,47238.25,28.53,32867.67,16.07,36,5-10y,7.42,east,B
ln_aade65b90acd,2024-06-30,0,40006.89,26.37,56635.55,13.048,36,5-10y,15.46,south,B
ln_6ca50d68414d,2024-06-30,0,56238.9,21.2,25413.8,11.938,60,3-5y,20.22,north,B
ln_1932ef8bb360,2024-06-30,1,52134.68,13.9,23776.07,12.569,60,10y+,11.08,east,B
ln_676424fb16d1,2024-06-30,0,59036.32,18.53,32438.61,11.655,36,1-3y,9.63,east,A
ln_5611241d3fac,2024-06-30,0,56179.97,12.74,15275.42,12.827,60,1-3y,17.59,east,A
ln_82c90821bc99,2024-06-30,0,86462.49,27.68,12337.58,18.796,36,<1y,7.92,east,B
ln_699914024979,2024-06-30,0,30280.92,32.28,30734.07,15.907,36,3-5y,24.01,west,B
ln_170b6d562daa,2024-06-30,0,58157.1,20.04,8750.96,11.143,60,10y+,9.54,south,A
ln_1371a1b07a94,2024-06-30,0,44881.57,25.06,8781.21,13.115,36,10y+,17.48,west,B
ln_aa7a3e23466e,2024-06-30,0,98541.54,20.17,11766.79,11.601,60,5-10y,7.88,west,A
ln_921ee490cb88,2024-06-30,0,123239.65,27.3,10316.8,16.977,36,<1y,20.11,north,B
ln_d4877e7753c9,2024-06-30,0,63327.28,20.71,18413.33,11.688,36,3-5y,6.47,south,A
ln_4774068c8582,2024-06-30,0,43192.69,0.5,20204.88,10.92,36,<1y,8.58,south,B
ln_03539e04095d,2024-06-30,0,46356.19,20.58,6445.26,12.156,36,3-5y,8.95,north,B
ln_662b9f6a36e8,2024-06-30,0,73767.17,18.77,10469.45,14.224,36,<1y,7.44,south,B
ln_6abf3179b41d,2024-06-30,1,66964.88,21.86,22571.47,11.55,36,5-10y,11.28,east,A
ln_611d793aa3d5,2024-06-30,0,90434.27,16.79,13891.13,15.703,36,5-10y,10.17,east,A
ln_b4e81ee15524,2024-06-30,0,53263.78,30.14,22677.49,16.291,36,10y+,11.92,west,A
ln_95c41b79adaa,2024-06-30,0,75878.33,21.39,7976.78,13.585,60,10y+,12.14,west,A
ln_df355b6069ae,2024-06-30,0,80275.81,34.23,16474.87,15.267,36,3-5y,11.65,east,A
ln_4c3c73948cba,2024-06-30,0,58019.88,37.72,18361.42,18.742,36,1-3y,7.71,west,A
ln_b54cafca61c2,2024-06-30,0,113320.4,30.53,5960.2,16.337,36,1-3y,7.61,north,B
ln_9b8f7a19bcd1,2024-06-30,0,60687.68,32.04,19469.64,17.398,36,1-3y,7.8,south,A
ln_b167da12957d,2024-06-30,0,44111.87,27.06,20038.58,18.462,36,1-3y,11.53,east,B
ln_fcc17b99c9db,2024-06-30,0,75785.54,23.38,31766.54,12.097,36,5-10y,9.99,south,B
ln_accddd1be10c,2024-06-30,0,56847.67,23.8,5322.72,21.898,36,10y+,10.1,west,B
ln_c4e7eae87e7f,2024-06-30,1,32760.73,33.38,27964.11,17.116,36,3-5y,7.1,east,A
ln_d10f9bc6e2c7,2024-06-30,0,36905.36,28.21,12326.98,10.622,36,10y+,16.95,north,A
ln_c0a1c6742ac4,2024-06-30,0,186512.54,26.18,12551.73,14.66,36,3-5y,18.67,north,B
ln_3bfca7055c42,2024-06-30,1,35225.9,23.73,11977.36,14.036,36,3-5y,10.04,east,B
ln_1bc503893b6b,2024-06-30,0,75119.06,7.46,26952.68,11.06,60,<1y,10.23,east,A
ln_7b5a0519d78a,2024-06-30,0,58761.46,38.4,36697.24,15.679,36,10y+,14.24,west,A
ln_10bdc3c1160f,2024-06-30,0,29208.81,32.47,19259.83,13.024,36,1-3y,13.23,north,A
ln_46fb28926625,2024-06-30,0,62829.57,18.47,21336.92,8.856,60,10y+,10.96,east,A
ln_3bb2f765add9,2024-06-30,1,45506.76,35.2,10319.35,14.158,36,10y+,14.47,west,B
ln_a8d8dd107365,2024-06-30,0,37949.79,29.58,9789.75,17.518,60,1-3y,14.89,west,B
ln_284822ddc918,2024-06-30,0,79966.83,30.45,10051.84,16.608,36,10y+,18.81,west,B
ln_0e0bae18ae3a,2024-06-30,0,132301.44,22.74,10550.53,11.444,36,1-3y,11.2,east,B
ln_b94ebc983a70,2024-06-30,0,107770.92,10.92,3818.21,8.859,36,1-3y,4.32,west,A
ln_44c7393446d6,2024-06-30,0,77712.03,28.23,42617.6,13.969,36,10y+,14.53,south,A
ln_fa1771487ccf,2024-06-30,1,68288.68,27.06,55890.43,12.315,36,<1y,10.73,east,B
ln_f093a3fd725f,2024-06-30,0,31224.39,28.15,23261.04,15.159,36,10y+,12.41,east,B
ln_3c70566d8049,2024-06-30,0,43119.59,19.85,8328.19,14.124,60,3-5y,9.94,south,A
ln_9a1ce651049e,2024-06-30,0,53366.04,16.48,12244.41,7.669,36,1-3y,17.23,north,A
ln_38d811ccf8ed,2024-06-30,0,21506.97,36.97,17147.26,20.522,36,<1y,7.64,south,B
ln_7dbb5e28b3ad,2024-06-30,0,74400.56,24.29,15995.66,11.936,60,10y+,9.26,south,B
ln_4b7f160bb044,2024-06-30,0,56796.24,25.05,7855.45,13.926,60,3-5y,13.56,west,B
ln_c75a9cc7061b,2024-06-30,0,68746.95,23.85,4911.25,16.492,60,1-3y,6.45,south,A
ln_636fcd028fe4,2024-06-30,0,68059.76,12.01,6529.33,12.176,60,3-5y,13.96,north,B
ln_363973af73f6,2024-06-30,0,95552.8,17.73,3683.04,12.753,60,1-3y,14.25,south,A
ln_d4b146fbf699,2024-06-30,0,57680.17,0.6,11519.89,7.35,36,5-10y,13.7,south,A
ln_c9cbfddf062d,2024-06-30,0,56436.57,22.15,17342.73,10.789,36,3-5y,17.0,east,A
ln_e1233fefd8ac,2024-06-30,0,37598.25,23.57,7733.14,8.644,36,3-5y,13.25,north,B
ln_51d17975b8fe,2024-06-30,0,37602.57,21.49,10878.88,12.204,36,<1y,7.75,east,B
ln_9fc84b6798c9,2024-06-30,0,145365.67,18.55,12961.39,14.974,60,10y+,12.06,north,A
ln_ed20aa0cd5c0,2024-06-30,1,85296.7,30.71,10263.65,11.411,36,1-3y,14.93,east,B
ln_3e3a2972f7cf,2024-06-30,0,52263.68,29.52,12997.49,17.985,36,1-3y,9.69,south,A
ln_d3ba5d09ec1b,2024-06-30,0,71272.42,21.1,12087.4,10.751,36,3-5y,17.2,west,B
ln_2441fe592457,2024-06-30,0,101592.49,13.31,10613.25,5.969,36,10y+,12.0,east,B
ln_cd88db797663,2024-06-30,0,28951.89,30.62,11321.29,11.368,36,3-5y,14.5,north,A
ln_59fabd3f6a39,2024-06-30,0,43660.5,9.81,5256.4,10.585,36,<1y,6.59,south,A
ln_c2842aeb7539,2024-06-30,1,63518.41,27.53,27268.65,18.366,36,<1y,5.09,west,A
ln_b6df6b7091a5,2024-06-30,0,27437.57,34.69,7172.87,16.68,36,1-3y,15.96,east,A
ln_1e0ff639508c,2024-06-30,0,138384.9,17.35,20432.56,13.255,36,<1y,3.17,west,B
ln_25d8b0608aa0,2024-06-30,0,37820.92,31.81,12353.54,14.064,36,1-3y,10.29,west,A
ln_f02d32f440d6,2024-06-30,0,80518.54,35.18,39989.6,14.812,60,3-5y,8.25,north,A
ln_7c423e3077e0,2024-06-30,1,98920.59,26.9,17954.99,12.983,36,1-3y,7.73,north,A
ln_314bea96959e,2024-06-30,0,95648.51,22.08,3359.71,12.792,60,1-3y,13.14,north,A
ln_ecd4f232db1d,2024-06-30,0,42317.25,15.13,6904.92,10.311,60,10y+,10.37,south,A
ln_e5881823f1c7,2024-06-30,0,67327.05,22.95,8187.0,15.93,36,1-3y,8.72,south,B
ln_5fd1d7b30a09,2024-06-30,0,66334.7,26.55,13485.23,12.804,36,1-3y,11.03,south,B
ln_48889c54d49f,2024-06-30,0,60506.0,31.68,15562.0,12.947,36,1-3y,12.96,east,A
ln_03bb4929cf74,2024-06-30,0,105891.18,20.71,29353.47,13.89,60,1-3y,10.88,west,A
ln_39663d394c72,2024-06-30,0,53796.79,20.62,19963.34,14.826,36,1-3y,11.12,west,A
ln_2077c4906b03,2024-06-30,0,65210.77,15.96,18411.72,12.446,36,1-3y,11.33,west,A
ln_ae8c12869d36,2024-06-30,0,43124.43,11.37,3086.5,9.701,36,1-3y,14.1,east,A
ln_de0500452a4b,2024-06-30,0,76413.12,29.58,15978.8,13.516,36,1-3y,9.31,north,A
ln_5d7c92f26967,2024-06-30,1,87949.03,14.3,7763.66,14.993,60,<1y,10.38,north,A
ln_bae88e8a9ad6,2024-06-30,0,109251.85,22.8,9862.36,14.702,36,5-10y,10.81,south,B
ln_b1cec998cdd1,2024-06-30,0,53021.66,14.42,22282.54,8.815,36,5-10y,19.44,east,A
ln_7071bac1e12c,2024-06-30,0,19441.81,32.85,15479.12,15.313,60,3-5y,18.39,south,B
ln_bfa1d2f5db5e,2024-06-30,0,32930.83,22.93,5209.61,10.967,36,3-5y,19.94,south,B
ln_13df03f31fae,2024-06-30,0,45076.91,25.62,9966.15,10.807,36,5-10y,13.64,west,A
ln_f1b5231c4890,2024-06-30,1,34041.31,21.38,9992.57,16.199,36,1-3y,6.08,west,A
ln_54bed84a2ed0,2024-06-30,0,83490.14,18.68,19011.85,14.375,60,3-5y,12.57,north,A
ln_93273d2e2fef,2024-06-30,0,60880.28,34.21,19612.8,20.879,60,5-10y,8.67,east,A
ln_a7be4f6082bf,2024-06-30,0,136145.68,9.69,11223.34,10.162,36,3-5y,12.76,east,A
ln_d923a03a1f68,2024-06-30,0,53482.01,20.38,10876.77,12.991,36,5-10y,15.59,west,B
ln_8747ae8aed9e,2024-06-30,0,40200.8,33.64,6034.24,17.846,36,5-10y,19.51,west,A
ln_5cb909059113,2024-06-30,0,31329.16,29.89,18050.16,18.43,36,1-3y,8.95,west,B
ln_14ddde226ed1,2024-06-30,1,40211.99,24.18,11470.09,14.435,36,3-5y,9.76,west,A
ln_34b051317e1d,2024-06-30,0,39496.26,16.23,31783.0,9.147,36,3-5y,21.53,north,B
ln_3c9363369b2d,2024-06-30,0,110067.46,12.1,12070.94,11.252,36,5-10y,10.2,north,A
ln_a3f982d7748f,2024-06-30,0,51687.83,17.68,9000.54,12.582,60,3-5y,10.87,south,B
ln_6bfc9200413e,2024-06-30,0,45278.01,15.88,6775.11,14.083,36,5-10y,12.84,south,A
ln_b47d6523ef75,2024-06-30,0,45532.45,7.49,13720.64,7.647,36,5-10y,16.68,east,A
ln_983005a7c215,2024-06-30,0,17833.69,22.49,8031.49,17.437,60,1-3y,8.72,south,A
ln_97b60ef83705,2024-06-30,0,54567.23,17.53,13245.93,10.906,36,<1y,16.11,east,A
ln_dfe8666a1c50,2024-06-30,0,24945.3,32.21,20747.16,15.773,36,1-3y,8.72,south,A
ln_6261e9b1e206,2024-06-30,0,47608.53,26.04,15694.31,14.069,36,5-10y,12.21,west,A
ln_9f62ea685902,2024-06-30,0,78667.75,38.32,15947.27,16.927,36,5-10y,14.55,north,A
ln_9054d98f378f,2024-06-30,0,67028.55,17.02,6394.37,9.204,60,5-10y,17.85,west,A
ln_ff7acb59ef05,2024-06-30,0,35626.68,24.09,7184.84,10.52,36,1-3y,9.15,south,A
ln_caeb18202aff,2024-06-30,0,44887.68,10.83,10542.54,12.029,36,<1y,10.55,west,B
ln_a841565051b2,2024-06-30,0,82661.31,17.77,8884.47,9.635,36,5-10y,13.68,east,B
ln_59fba1ab81ee,2024-06-30,0,15834.7,16.81,14882.5,9.552,36,10y+,27.12,west,B
ln_42d94d034da4,2024-06-30,1,46351.63,27.56,10380.35,17.593,36,<1y,11.09,south,A
ln_67fbcea44cf9,2024-06-30,0,57063.16,17.28,11362.86,10.712,36,1-3y,17.5,south,A
ln_150d181cee66,2024-06-30,0,179495.97,19.71,4890.42,12.254,36,5-10y,14.46,north,A
ln_2d358853ada9,2024-06-30,0,66618.78,24.78,46427.32,15.23,36,5-10y,11.41,south,A
ln_a50b65b0b336,2024-06-30,0,28161.71,20.58,20216.67,12.93,60,1-3y,13.73,east,A
ln_02c1f20ddaf5,2024-06-30,0,35330.42,19.81,8009.32,14.843,36,3-5y,13.45,north,B
ln_411ba93bb30a,2024-06-30,0,35842.43,4.33,9787.3,9.713,36,1-3y,16.81,north,B
ln_8d3fbaa3ea5f,2024-06-30,1,51168.56,22.07,20955.03,17.194,60,<1y,7.5,east,B
ln_77a2f403f0a0,2024-06-30,0,38538.61,22.28,17504.16,11.074,36,3-5y,12.62,south,A
ln_11a1fb09dab8,2024-06-30,0,104193.58,23.97,8886.95,8.429,36,5-10y,17.71,south,A
ln_d696c629b72a,2024-06-30,0,91322.46,29.03,21252.44,17.522,60,1-3y,16.27,east,A
ln_6a45339a6267,2024-06-30,0,59611.05,32.94,37495.05,14.691,36,10y+,11.96,east,A
ln_629a3a6345e0,2024-06-30,1,57601.42,19.66,25027.06,16.688,60,<1y,12.28,south,A
ln_f36358e4814a,2024-06-30,0,42402.08,23.05,26789.09,12.172,36,5-10y,15.61,north,B
ln_c6af33fd3a83,2024-06-30,0,27214.9,33.37,10006.21,13.874,36,3-5y,9.88,east,B
ln_85216b1dd712,2024-06-30,0,86901.05,37.56,11085.52,15.507,60,5-10y,17.76,east,A
ln_b50b790127e3,2024-06-30,0,76378.35,16.24,5774.1,12.181,60,1-3y,7.51,south,B
ln_ab9ff7b9afea,2024-06-30,0,56935.63,14.67,9713.16,12.921,60,<1y,8.24,south,B
ln_caf818ec7810,2024-06-30,0,83004.9,27.11,6513.33,18.124,60,1-3y,11.43,east,A
ln_0fcdaf1161a1,2024-06-30,1,82119.97,21.54,13540.06,14.826,36,3-5y,17.86,north,B
ln_8fc5890d447a,2024-06-30,1,49651.94,41.29,15849.37,18.433,36,5-10y,11.67,east,A
ln_cec37ad2b07c,2024-06-30,0,60406.91,21.54,3931.13,14.574,36,5-10y,8.15,east,A
ln_91ac74980f09,2024-06-30,0,50114.47,29.52,7604.0,13.594,36,3-5y,16.05,south,B
ln_0173528d9dc2,2024-06-30,0,61122.71,19.83,7907.07,12.411,36,3-5y,12.51,west,B
ln_9da56cfa0b4c,2024-06-30,0,73507.55,23.88,16978.44,13.501,60,10y+,20.08,east,B
ln_3df013b9f54a,2024-06-30,0,52566.41,18.16,21213.31,9.95,36,1-3y,11.86,east,A
ln_476b7b7db9d6,2024-06-30,0,157483.75,21.86,24030.9,12.972,60,1-3y,5.95,east,A
ln_4c05334e6ad8,2024-06-30,0,67824.33,19.7,3798.26,12.742,36,<1y,10.91,west,A
ln_4e4ab32f3351,2024-06-30,0,55840.55,25.32,26396.07,13.664,36,5-10y,13.6,east,A
ln_bf5a5e844d91,2024-06-30,0,32239.16,34.97,38996.65,19.11,36,10y+,16.63,south,A
ln_98d0fb652179,2024-06-30,0,33237.24,31.05,8706.43,17.507,36,5-10y,9.48,north,A
ln_f6158d696441,2024-06-30,1,81582.52,36.78,22055.5,22.035,36,<1y,9.58,east,B
ln_9ce1a02d5558,2024-06-30,0,36769.62,24.01,14818.11,13.501,60,5-10y,20.47,south,B
ln_251cad6b9532,2024-06-30,1,37743.33,19.18,4200.11,13.749,36,3-5y,7.61,south,B
ln_d397cf1437fa,2024-06-30,0,43395.18,10.48,7315.81,9.764,36,5-10y,9.41,west,A
ln_f436940f1f48,2024-06-30,0,45676.11,22.34,9130.27,14.875,36,1-3y,6.19,east,B
ln_7ed4186ad1bf,2024-06-30,0,43728.18,29.6,8231.92,14.541,60,<1y,8.97,west,B
ln_b6f8a23b80b7,2024-06-30,0,60069.06,30.41,29642.83,16.475,36,3-5y,10.21,south,A
ln_50a6b00ff6f6,2024-06-30,0,34316.55,22.83,6616.69,12.591,36,5-10y,15.4,south,B
ln_e320478a1de3,2024-06-30,0,38486.45,15.94,24393.92,11.878,36,<1y,9.62,west,B
ln_4b387c65ba32,2024-06-30,0,71711.38,39.15,6604.41,18.021,36,1-3y,6.45,north,A
ln_47e4f3470b3e,2024-06-30,0,42702.76,27.65,5459.08,12.114,36,1-3y,11.9,south,A
ln_c8913cac8d33,2024-06-30,0,41797.78,27.01,31573.92,10.891,36,1-3y,5.18,west,B
ln_0a942ae26115,2024-06-30,1,45647.56,8.5,8587.72,6.625,36,3-5y,10.01,east,B
ln_10169be142d1,2024-06-30,1,44835.33,20.66,16334.39,11.525,36,10y+,13.24,south,A
ln_f347d95db496,2024-06-30,0,78743.26,27.2,20516.23,13.882,36,10y+,17.42,south,B
ln_0d9d4a937364,2024-06-30,0,33648.7,17.65,17922.92,12.185,60,1-3y,12.73,north,B
ln_3b441939088e,2024-06-30,0,105579.68,9.44,32906.12,14.297,36,5-10y,14.77,east,B
ln_52a7c9f05fd8,2024-06-30,0,73721.54,23.18,18684.23,11.602,36,10y+,15.92,south,A
ln_b76a0a64daff,2024-06-30,0,43806.22,26.73,6677.2,16.076,36,1-3y,20.26,west,A
ln_73b18b55b8bb,2024-06-30,0,56689.14,34.16,26825.58,19.488,60,1-3y,5.14,east,B
ln_341ab924748f,2024-06-30,0,80299.67,18.18,7809.76,11.474,36,1-3y,9.39,south,A
ln_518f1ef6921f,2024-06-30,0,43815.81,23.78,6291.32,15.145,60,10y+,11.17,south,A
ln_9806e17516f0,2024-06-30,0,45942.29,31.58,24702.85,16.593,36,10y+,13.24,east,A
ln_63e48cc7d66d,2024-06-30,0,72862.44,19.35,10517.13,9.811,36,3-5y,17.39,west,B
ln_253a461378f3,2024-06-30,0,36516.29,20.01,15970.0,9.199,36,1-3y,15.55,east,B
ln_9317fda86237,2024-06-30,0,82183.24,14.66,18126.72,13.646,60,1-3y,19.34,west,A
ln_d14c7c0b5a41,2024-06-30,0,59494.54,12.63,9490.7,8.55,36,1-3y,11.04,east,A
ln_0781acc9725c,2024-06-30,0,27623.28,24.62,15588.81,18.422,60,3-5y,9.49,north,A
ln_8dd881c4a168,2024-06-30,0,57879.23,17.57,5836.17,10.841,36,1-3y,15.06,west,A
ln_22fc0ef9c119,2024-06-30,0,74112.18,29.47,36136.23,13.718,36,3-5y,12.65,south,B
ln_ced17b576de0,2024-06-30,0,106791.52,22.75,20373.32,12.606,60,10y+,9.39,east,A
ln_3f8b9b724f32,2024-06-30,0,48022.27,26.37,8138.07,14.644,60,1-3y,11.0,east,A
ln_08801be0393d,2024-06-30,0,27400.93,27.41,10246.0,14.745,36,3-5y,14.42,west,B
ln_085fd793548d,2024-06-30,0,44542.09,18.91,9157.58,14.143,36,5-10y,18.26,west,A
ln_3a32ca8827bb,2024-06-30,0,86535.05,16.74,30631.78,10.825,36,3-5y,8.67,east,A
ln_ec747ab377b1,2024-06-30,0,38569.66,34.07,12015.72,16.131,36,5-10y,13.77,south,A
ln_f6a5e46b8643,2024-06-30,0,38559.28,15.49,25571.31,7.288,60,<1y,21.82,north,A
ln_e217cbfd1a80,2024-06-30,0,67654.36,18.81,34201.69,10.3,36,1-3y,17.17,west,A
ln_5307f8d25df3,2024-06-30,0,43430.63,19.49,15693.37,11.242,36,1-3y,10.21,east,B
ln_cf56e9fd2d22,2024-06-30,0,76292.1,19.23,21790.87,11.551,36,1-3y,14.56,east,A
ln_6a3d4cb99716,2024-06-30,1,51118.76,30.85,16483.84,15.756,36,<1y,5.09,north,A
ln_bea3605cddc3,2024-06-30,1,54127.81,35.61,27810.68,15.8,36,1-3y,9.93,north,A
ln_a6f6e4c02950,2024-06-30,0,19719.89,29.29,6375.52,14.557,60,<1y,17.4,east,B
ln_45d6987c551f,2024-06-30,0,49259.73,22.87,6828.1,15.695,60,5-10y,11.57,east,B
ln_9b98ba415044,2024-06-30,0,57962.67,22.13,24738.41,8.755,36,3-5y,10.85,west,B
ln_c598dd787a43,2024-06-30,0,73758.29,24.52,9330.24,14.792,36,<1y,7.88,north,B
ln_e4487517fa3d,2024-06-30,0,30675.78,25.74,4669.98,15.37,60,1-3y,12.75,south,A
ln_cf6f1509f050,2024-06-30,0,56690.87,25.79,8592.45,17.361,60,<1y,16.09,east,A
ln_95ed84d179be,2024-06-30,0,171476.97,33.0,20220.42,16.06,36,3-5y,13.59,west,A
ln_c60bad4fdfde,2024-06-30,0,36887.49,21.83,5994.99,15.459,60,10y+,14.53,east,A
ln_97456f130e49,2024-06-30,1,54539.73,25.83,6768.83,16.816,36,10y+,10.51,north,B
ln_9ae67b87bb71,2024-06-30,0,56517.37,29.37,20178.36,13.362,60,3-5y,8.53,north,A
ln_05fa150d2e97,2024-06-30,1,60175.49,25.99,11985.27,17.784,60,<1y,7.84,south,A
ln_fd967a975cd9,2024-06-30,0,47108.93,25.44,6363.82,11.863,36,<1y,5.9,east,A
ln_37c80cdf7cc8,2024-06-30,0,50977.03,8.84,18114.79,7.412,36,5-10y,11.24,east,A
ln_fa64cb24ae8c,2024-06-30,0,69419.91,28.86,8377.55,17.227,60,3-5y,15.26,north,A
ln_6900c362b1ec,2024-06-30,0,80306.72,23.28,12374.14,13.686,36,5-10y,11.84,east,B
ln_de3f15afe73a,2024-06-30,1,85895.53,37.95,17804.16,18.999,60,10y+,10.89,west,A
ln_a5167b489102,2024-06-30,0,141067.27,25.48,33175.49,12.569,36,1-3y,10.1,east,A
ln_3186538b93f9,2024-06-30,0,96458.29,13.55,23283.42,8.898,36,1-3y,18.64,south,A
ln_a57e0db26ebf,2024-06-30,1,46852.73,41.26,21597.17,20.873,60,3-5y,10.58,west,A
ln_7d4599695b9f,2024-06-30,0,57215.6,17.06,21691.96,13.211,60,10y+,20.25,west,A
ln_3cf53faa60bf,2024-06-30,0,56827.02,21.05,13781.53,10.375,36,5-10y,19.23,south,A
ln_d147aeecc8c6,2024-06-30,0,32168.11,29.05,15711.69,15.697,60,3-5y,10.64,south,B
ln_db52b24dc990,2024-06-30,1,18084.36,22.03,13290.08,12.668,36,<1y,9.67,north,A
ln_c42c93143387,2024-06-30,0,46774.05,29.82,8659.89,11.223,60,3-5y,9.77,south,A
ln_14ffbf7c1203,2024-06-30,0,39450.91,25.61,16246.57,12.107,36,1-3y,9.24,south,A
ln_eb92f3fb02c8,2024-06-30,0,29264.64,23.45,20062.88,11.546,60,<1y,10.8,west,B
ln_a51cf203367d,2024-06-30,0,106722.3,26.21,4887.69,15.991,60,5-10y,14.15,north,A
ln_d4828d952a32,2024-06-30,0,44471.37,26.89,22509.74,14.128,36,5-10y,9.04,south,B
ln_a1560e88f973,2024-06-30,0,63949.8,27.11,13710.92,9.841,36,1-3y,11.65,north,B
ln_0478b210f0a3,2024-06-30,0,62647.13,8.99,12529.13,6.499,36,5-10y,10.42,west,B
ln_fdd2a0acf33f,2024-06-30,0,72691.35,30.25,8574.75,13.54,36,5-10y,11.74,south,A
ln_3504d1fab691,2024-06-30,0,35614.4,18.59,21959.13,12.919,36,3-5y,10.31,east,A
ln_8e42a4e11752,2024-06-30,1,27507.04,39.27,10476.46,16.301,60,3-5y,13.94,east,A
ln_4f80130d4b1b,2024-06-30,0,83654.57,6.74,14333.91,9.439,36,<1y,13.4,west,A
ln_f63fb79ffa55,2024-06-30,0,67603.62,12.63,38317.51,9.649,36,3-5y,7.53,east,B
ln_a456a5ef1fc2,2024-06-30,0,61014.88,25.26,10232.63,16.401,60,10y+,14.02,south,B
ln_885d9d68a605,2024-06-30,1,57377.46,26.5,29338.36,13.416,36,3-5y,10.92,east,A
ln_311cbf12f503,2024-06-30,0,46935.44,19.27,10895.66,10.588,36,5-10y,16.25,east,A
ln_ab7d30e346c6,2024-06-30,0,60822.63,20.08,5917.4,13.114,36,<1y,13.42,south,A
ln_12146129e2fe,2024-06-30,0,166596.78,27.1,47888.91,14.289,36,1-3y,8.14,east,A
ln_d116c58ce473,2024-06-30,1,22493.51,30.8,19873.37,14.954,36,<1y,6.28,north,A
ln_c4ccd9077254,2024-06-30,1,49424.32,42.06,13370.22,21.825,36,5-10y,8.94,north,A
ln_d1927b59bd73,2024-06-30,0,47112.57,20.51,8949.15,12.93,36,<1y,5.8,east,A
ln_317e469b3308,2024-06-30,0,46721.31,18.55,16150.96,13.382,60,1-3y,17.99,north,A
ln_09b8550e0c76,2024-06-30,1,65192.25,17.25,6096.77,11.918,60,3-5y,12.13,south,A
ln_e0ee355da3c1,2024-06-30,0,120595.5,27.88,26619.87,15.464,36,5-10y,13.78,south,B
ln_acb1ced5b195,2024-06-30,0,28612.68,18.97,15367.7,11.414,36,1-3y,17.64,west,A
ln_9d90586192c9,2024-06-30,0,49587.84,13.58,5352.11,10.813,60,1-3y,27.87,west,A
ln_915e8f33547e,2024-06-30,0,35720.39,22.46,4498.35,10.586,36,10y+,28.22,east,A
ln_2fb89530893f,2024-06-30,0,93711.65,21.78,16956.4,13.876,36,3-5y,12.91,north,B
ln_0b18b54b14a7,2024-06-30,0,66235.67,26.14,11268.23,15.43,60,1-3y,9.07,west,A
ln_85634181359f,2024-06-30,0,43960.3,26.55,20331.82,14.211,36,1-3y,14.97,west,A
ln_b9ddb0a08346,2024-06-30,0,41138.39,22.1,9470.27,12.581,60,<1y,7.56,east,B
ln_e6834aa09d60,2024-06-30,1,42539.86,40.36,15961.38,14.216,36,5-10y,7.73,north,A
ln_034f4e30ce5b,2024-06-30,0,26268.98,6.02,8366.32,7.84,36,<1y,12.74,north,A
ln_9fe8a4d305ed,2024-06-30,0,89395.18,31.61,8143.62,15.229,36,10y+,10.07,east,A
ln_3ef2dba49f05,2024-06-30,0,88953.11,30.57,10704.17,13.31,36,10y+,21.0,north,B
ln_f66c108f6942,2024-06-30,0,112513.85,30.62,7723.38,15.722,36,5-10y,10.84,east,B
ln_ec2630b26983,2024-06-30,0,80021.13,16.34,9812.37,8.267,36,10y+,14.3,west,B
ln_815f59347f20,2024-06-30,1,58549.15,35.59,26428.49,15.931,36,10y+,15.39,west,A
ln_8db589ca55bd,2024-06-30,1,36720.71,41.79,12252.68,16.838,36,10y+,12.24,south,B
ln_bb77fe11a736,2024-06-30,0,133259.32,31.89,23213.9,15.438,36,5-10y,14.12,north,B
ln_6adeae579cf9,2024-06-30,0,83929.46,24.39,21589.44,15.931,60,3-5y,10.41,south,A
ln_1e0fcacc2a5c,2024-06-30,1,46888.49,29.34,23006.51,15.343,36,1-3y,7.64,west,B
ln_8ab985f8a6b8,2024-06-30,0,43288.66,27.69,7939.09,13.986,36,10y+,15.53,north,A
ln_1fcda43a43b5,2024-06-30,0,53865.56,6.68,17608.64,6.58,36,1-3y,5.62,west,B
ln_59f336231e2d,2024-06-30,0,97843.58,15.5,9786.91,6.878,36,1-3y,16.89,west,A
ln_cdfb79d2d658,2024-06-30,0,43409.11,24.77,25899.8,12.831,60,5-10y,7.81,south,B
ln_709c2ac02b09,2024-06-30,0,36370.55,27.27,12708.7,12.992,36,10y+,16.2,west,A
ln_79e50c9b6293,2024-06-30,0,75452.0,18.76,23816.4,11.585,36,3-5y,12.74,west,A
ln_5b2788359ce7,2024-06-30,0,49014.25,28.14,15944.82,13.344,36,5-10y,14.66,south,B
ln_ae6a628844bf,2024-06-30,0,67719.6,27.67,6471.32,15.02,36,5-10y,17.17,west,B
ln_f552e6e8dfa2,2024-06-30,0,26437.13,38.94,15195.97,18.481,36,1-3y,10.58,west,B
ln_092dab9a5cf2,2024-06-30,0,25987.7,28.54,9650.8,13.514,36,5-10y,11.28,east,A
ln_4865de98aa9c,2024-06-30,0,95282.93,22.29,16930.36,12.747,60,3-5y,21.5,west,A
ln_5edd30672149,2024-06-30,0,42207.95,17.75,11840.88,6.676,36,5-10y,19.23,west,B
ln_a8e89d87685e,2024-06-30,0,86610.45,22.1,22691.87,16.272,60,3-5y,12.13,north,A
ln_c495ebad965f,2024-06-30,0,66330.79,9.08,22875.13,8.872,60,1-3y,7.55,south,B
ln_dd5b6f743a6e,2024-06-30,0,53896.06,19.96,6081.34,10.884,36,10y+,14.44,west,B
ln_9c7ccd4d9580,2024-06-30,0,70277.88,31.41,17393.88,14.468,36,5-10y,22.17,east,A
ln_a43b1afcdf96,2024-06-30,0,38253.8,19.37,10082.0,12.629,60,10y+,12.12,east,B
ln_29732e683236,2024-06-30,0,46426.54,9.53,6631.28,7.354,36,1-3y,16.28,east,A
ln_2876c2a9f12a,2024-06-30,1,107540.39,40.21,26693.04,16.187,36,1-3y,5.18,west,B
ln_37837fd69437,2024-06-30,0,53647.69,30.05,11702.2,13.185,36,<1y,7.55,south,A
ln_238c4a502d27,2024-06-30,0,113654.27,25.48,19888.33,12.383,60,3-5y,14.56,west,B
ln_0a4b59dbf5ba,2024-06-30,0,42745.41,11.35,6226.46,12.675,36,5-10y,12.24,west,B
ln_0d82d36c07dd,2024-06-30,0,31681.04,23.77,20295.13,9.751,36,<1y,10.41,north,A
ln_5f87cdc60d37,2024-06-30,1,78521.07,26.02,26146.52,15.317,60,5-10y,16.32,south,B
ln_f21e9123038a,2024-06-30,0,59285.72,27.61,6421.01,14.492,60,5-10y,12.04,east,B
ln_a3d47b360be1,2024-06-30,0,49575.06,26.97,15664.23,12.291,36,10y+,14.56,north,A
ln_f17f8e9010d9,2024-06-30,1,63290.93,31.33,38687.38,14.637,60,1-3y,13.9,west,B
ln_f9bab21f9b7e,2024-06-30,0,50923.75,30.56,8516.83,12.607,36,1-3y,8.44,south,B
ln_52afc86fdf0c,2024-06-30,0,31904.17,28.36,29916.07,13.607,36,1-3y,21.84,west,B
ln_3466a80a42b3,2024-06-30,0,137987.48,18.85,5901.93,12.846,36,1-3y,10.89,north,A
ln_cade98c34929,2024-06-30,0,90683.57,24.39,8495.15,15.343,36,1-3y,6.5,south,A
ln_778474ac9a9b,2024-06-30,0,63267.88,25.01,10174.02,13.312,36,1-3y,13.71,west,A
ln_4a1912b6f232,2024-06-30,0,68739.07,29.25,18029.56,16.679,36,3-5y,9.15,east,A
ln_33b1111fcba2,2024-06-30,0,45080.88,17.35,5775.61,7.93,60,5-10y,13.81,south,A
ln_f9eef2499649,2024-06-30,0,70953.01,3.51,10515.35,3.5,36,1-3y,20.22,west,B
ln_95809db163ce,2024-06-30,0,43916.77,23.05,10526.09,13.002,36,5-10y,15.25,north,A
ln_28fbdb5c08e7,2024-06-30,0,78740.86,31.77,5996.76,16.129,60,3-5y,12.85,south,B
ln_7f4eb4853c4b,2024-06-30,0,66100.42,24.36,36665.8,17.839,60,1-3y,9.27,east,B
ln_26954186da0c,2024-06-30,0,68883.65,17.24,16345.96,12.176,36,3-5y,7.46,west,A
ln_eeb497d26673,2024-06-30,0,61570.49,33.1,12173.7,18.008,60,1-3y,9.95,west,B
ln_7349600637e2,2024-06-30,1,37354.17,38.14,7351.65,17.099,36,1-3y,10.1,east,B
ln_1a704a7201ae,2024-06-30,0,45156.49,28.67,16519.76,13.725,36,<1y,11.44,south,A
ln_4a1941db5214,2024-06-30,1,99473.3,26.95,12907.45,12.278,36,1-3y,13.39,west,B
ln_9e2003c534ac,2024-06-30,0,85380.87,18.16,19808.46,11.108,36,10y+,8.58,east,A
ln_1c92d506460c,2024-06-30,0,24833.39,27.61,14497.06,15.41,36,1-3y,12.91,north,A
ln_c6d641d9c45f,2024-06-30,0,75757.46,26.86,24957.12,15.422,60,5-10y,15.27,east,A
ln_28fdcdfbdfa1,2024-06-30,0,57779.47,25.06,21685.4,12.655,60,<1y,9.0,north,B
ln_2722179a7503,2024-06-30,0,39215.76,17.38,17048.76,7.124,36,3-5y,16.06,south,A
ln_997e5cec8657,2024-06-30,0,34265.69,29.07,28148.19,14.444,36,<1y,20.7,west,A
ln_4ffdbcd6d971,2024-06-30,1,46598.26,29.09,24072.58,13.864,60,5-10y,15.53,west,B
ln_aedb48f437b1,2024-06-30,0,97638.86,21.18,12012.02,13.963,36,10y+,14.5,east,B
ln_edc0ec1fb664,2024-06-30,0,105643.93,16.89,2959.45,15.452,36,3-5y,6.06,north,A
ln_1bbb27e4c883,2024-06-30,0,16213.54,25.31,17618.12,14.579,36,3-5y,7.63,north,A
ln_27cc79fe70d7,2024-06-30,0,70166.08,21.12,8213.49,9.678,36,1-3y,14.33,east,A
ln_7eb07e79f291,2024-06-30,0,84231.39,29.93,16406.23,14.892,36,3-5y,10.51,north,B
ln_9681db55a5c6,2024-06-30,0,39881.85,37.11,13493.81,16.588,60,3-5y,21.46,north,B
ln_0b403acdda98,2024-06-30,0,35453.95,23.51,16525.46,15.828,36,3-5y,13.97,east,B
ln_8bc4cbb05872,2024-06-30,0,40215.68,25.18,9228.22,15.857,36,10y+,17.42,north,A
ln_8bfdc6dd79fb,2024-06-30,1,43129.87,32.1,28799.15,16.914,36,<1y,7.94,south,A
ln_9ae439682650,2024-06-30,0,90624.09,27.74,5401.8,14.591,60,5-10y,14.62,south,A
ln_c3a387254e66,2024-06-30,0,65894.56,23.93,15060.17,10.616,36,1-3y,7.35,east,B
ln_a700ca0ec6a2,2024-06-30,0,66398.63,11.65,5338.42,9.209,36,3-5y,15.21,west,A
ln_3e23f3348919,2024-06-30,0,36111.66,35.28,12769.87,17.266,60,<1y,15.91,east,A
ln_9a3b4c982758,2024-06-30,0,32613.17,25.31,12403.73,14.968,36,1-3y,9.92,west,A
ln_66e21ba3be54,2024-06-30,0,134978.87,19.03,28169.72,9.28,36,1-3y,17.64,north,A
ln_eba6449817d4,2024-06-30,0,61373.76,34.23,24763.01,13.83,36,5-10y,13.38,east,A
ln_eff156f4bcb9,2024-06-30,0,47159.24,22.02,10139.93,11.579,36,3-5y,17.88,west,B
ln_9f8e323afc64,2024-06-30,0,98305.66,28.08,13082.21,12.374,36,1-3y,23.45,east,A
ln_3b75fb15256a,2024-06-30,1,41324.28,37.95,11634.59,19.48,36,<1y,3.68,east,A
ln_01942578a78c,2024-06-30,1,23694.12,23.02,17543.79,8.311,36,5-10y,12.1,west,A
ln_5e84398ba2ea,2024-06-30,1,60530.51,42.25,63126.64,16.633,36,5-10y,13.66,south,A
ln_f9fa614e788a,2024-06-30,1,47698.69,37.16,7221.34,15.877,36,3-5y,15.45,east,A
ln_d3e34c7acc05,2024-06-30,0,93960.61,26.54,7707.14,15.054,60,10y+,20.49,west,A
ln_1d8afc5e361b,2024-06-30,0,58667.11,26.29,9971.1,14.099,36,5-10y,9.61,north,B
ln_1cb876d867d8,2024-06-30,0,55476.24,26.13,15170.68,12.018,36,5-10y,15.06,south,A
ln_4a50c74bff58,2024-06-30,0,67490.7,22.66,15782.45,11.667,36,10y+,23.59,north,B
ln_019491fff120,2024-06-30,0,42879.29,0.5,18386.08,9.345,60,<1y,9.93,south,A
ln_e46349ad0ee0,2024-06-30,1,46296.13,22.0,23096.11,14.093,36,1-3y,10.94,south,A
ln_3e6bdd705ff8,2024-06-30,0,133905.25,10.05,21562.7,7.851,60,1-3y,10.74,south,B
ln_80c7cbe3eec9,2024-06-30,0,33765.35,32.33,24125.01,16.914,36,5-10y,8.63,north,B
ln_839a6ccc5440,2024-06-30,1,46125.8,23.79,9918.08,15.672,60,10y+,15.49,east,A
ln_7c88df948f27,2024-06-30,1,64201.22,43.07,5020.21,20.187,36,3-5y,9.54,north,A
ln_28a2a42854d2,2024-06-30,0,46599.73,29.92,23267.45,16.602,36,1-3y,19.96,east,B
ln_999eeb6508f4,2024-06-30,0,46201.82,28.3,12160.21,10.952,36,3-5y,12.74,south,B
ln_4b3092e00ebf,2024-06-30,0,72076.41,35.24,14372.38,12.718,60,1-3y,7.4,north,B
ln_e9362c726392,2024-06-30,0,80940.55,18.71,7466.54,12.796,36,1-3y,14.22,south,B
ln_c3dad39a2629,2024-06-30,1,42139.63,33.96,8383.89,12.437,36,1-3y,11.11,south,A
ln_d33eedf33a2f,2024-06-30,0,82868.61,15.99,6632.46,10.429,36,10y+,18.97,south,A
ln_8013318bdfea,2024-06-30,0,42539.41,23.45,42677.57,14.743,60,1-3y,18.33,west,B
ln_9d643fbf7e46,2024-06-30,0,66041.86,14.75,5948.05,12.099,36,5-10y,7.78,south,A
ln_cedbb98b8f0f,2024-06-30,0,41301.41,29.38,11388.96,16.808,36,10y+,7.96,south,A
ln_c8c46fc28e75,2024-06-30,0,38913.27,24.27,13265.34,11.404,36,3-5y,13.57,north,B
ln_042d70a6c413,2024-06-30,0,73452.28,20.87,9019.85,13.982,36,5-10y,11.33,south,B
ln_cae4cc8462d5,2024-06-30,0,70988.41,16.72,11387.05,6.395,36,1-3y,11.42,east,A
ln_2ee531e405ba,2024-06-30,0,57246.81,14.41,31813.23,10.499,36,10y+,13.96,west,A
ln_d2dede2f02a9,2024-06-30,0,61015.1,24.72,19553.0,10.633,36,3-5y,9.19,east,A
ln_9aa82c6657d8,2024-06-30,1,25362.4,42.04,7568.43,19.935,36,10y+,19.16,east,A
ln_d058d6451d2e,2024-06-30,0,29720.18,23.01,22502.1,11.816,36,1-3y,8.53,west,A
ln_473a0e99b015,2024-06-30,0,32821.21,4.62,29636.92,10.394,60,1-3y,19.03,north,B
ln_2a7548438caa,2024-06-30,0,59817.27,34.28,23801.8,15.517,36,5-10y,18.49,west,B
ln_b2a031c78766,2024-06-30,1,27357.45,17.3,18505.94,10.504,60,3-5y,12.78,east,B
ln_200c59eff3fc,2024-06-30,1,42392.55,30.37,12742.55,20.074,60,3-5y,13.94,west,A
ln_aaf17b1c2e55,2024-06-30,1,79716.41,43.75,10040.66,20.743,60,<1y,11.56,east,B
ln_1c30c9248a91,2024-06-30,0,79175.34,20.05,17346.59,11.154,60,3-5y,10.03,south,A
ln_13e6a0578efc,2024-06-30,0,60278.62,22.07,6148.49,13.999,36,3-5y,9.43,north,A
ln_e095ff801506,2024-06-30,0,23021.29,22.05,16412.14,16.857,36,3-5y,15.59,west,A
ln_f1c24a2b5320,2024-06-30,0,44491.45,12.94,5233.73,8.163,36,3-5y,7.18,south,A
ln_998f62885f00,2024-06-30,0,24746.51,19.31,8115.71,8.869,36,10y+,23.05,south,A
ln_aaac8cb59a3a,2024-06-30,1,32687.09,23.94,8510.47,12.218,36,5-10y,12.82,west,A
ln_ded05ed964e7,2024-06-30,0,47747.36,31.81,14681.61,14.689,36,3-5y,17.53,west,A
ln_2de25c29a412,2024-06-30,0,86497.85,16.52,15655.64,11.087,36,3-5y,9.09,east,A
ln_6b3b305ef3f0,2024-06-30,0,57107.87,18.06,2087.78,13.704,36,5-10y,13.96,east,A
ln_d6be912080dc,2024-06-30,0,46608.59,16.67,21434.0,11.72,60,1-3y,10.4,west,A
ln_575354554368,2024-06-30,0,17918.74,15.09,6517.33,8.359,36,3-5y,33.63,east,B
ln_b49a70517cac,2024-06-30,1,75547.46,36.45,9281.17,16.675,36,1-3y,18.3,east,A
ln_d4a574cfdcf6,2024-06-30,0,42999.52,25.72,16710.75,12.29,36,3-5y,15.92,east,A
ln_f84b3f045c35,2024-06-30,0,86222.1,10.2,12241.64,10.216,36,3-5y,11.4,south,A
ln_c6c7a0db67b2,2024-06-30,0,101732.95,0.5,17384.15,5.562,36,3-5y,11.82,north,A
ln_d71a44123634,2024-06-30,0,35346.17,19.24,7866.32,10.242,36,1-3y,7.66,north,A
ln_b64b643047c3,2024-06-30,0,69310.66,27.37,19560.07,11.635,36,<1y,11.42,south,A
ln_6db495dccc77,2024-06-30,0,83015.51,19.56,24160.44,17.752,36,1-3y,9.96,east,B
ln_f2cbd1f98dde,2024-06-30,0,44492.76,36.81,25480.14,16.014,36,10y+,37.59,east,B
ln_db499fb103de,2024-06-30,0,111340.27,16.41,19726.01,14.037,36,1-3y,7.81,south,A
ln_b9ba4ce22b54,2024-06-30,0,43543.94,28.7,14000.06,14.136,60,3-5y,21.53,south,B
ln_b28b2bcd606c,2024-06-30,0,46374.49,23.34,5583.88,10.036,36,1-3y,14.11,north,A
ln_06f581910600,2024-06-30,0,57999.03,36.27,10390.04,17.891,36,3-5y,6.2,south,A
ln_3dbd27e76f73,2024-06-30,0,93382.07,17.13,20716.76,12.08,36,<1y,14.19,north,A
ln_ab31882692f6,2024-06-30,0,55254.13,28.3,12268.84,16.774,36,1-3y,13.58,west,B
ln_165b2e7f34b9,2024-06-30,1,45173.97,18.88,9744.79,14.92,60,1-3y,5.57,east,B
ln_cb95f6216685,2024-06-30,1,61922.14,29.97,14745.89,18.898,36,3-5y,11.91,south,A
ln_48f80e475252,2024-06-30,0,54621.21,36.64,27744.66,17.629,60,3-5y,12.3,north,B
ln_e61ef6f82102,2024-06-30,0,77254.62,33.39,2896.81,15.804,36,<1y,9.68,south,A
ln_3b1ee87a3753,2024-06-30,1,31769.29,40.22,41212.69,19.467,60,1-3y,11.79,south,A
ln_5fd9664286e7,2024-06-30,1,38841.79,27.7,8498.0,15.113,36,<1y,8.58,east,B
ln_13aa79e12283,2024-06-30,0,60574.99,14.04,10760.54,7.611,60,5-10y,11.33,north,B
ln_49bce15b2994,2024-06-30,0,51376.81,11.08,27496.98,5.086,36,1-3y,9.82,north,B
ln_4792ccb76f97,2024-06-30,0,51194.17,21.76,15258.78,11.524,36,1-3y,7.14,west,A
ln_7b49a651e95f,2024-06-30,0,35234.67,10.41,33346.61,8.542,36,5-10y,15.14,east,A
ln_1f7cb80d7ff6,2024-06-30,0,76763.75,47.83,12005.01,18.263,36,1-3y,10.23,south,A
ln_c92b2aa19dd4,2024-06-30,0,64309.08,25.43,43243.82,10.13,36,1-3y,20.75,north,A
ln_d1cb187ddb84,2024-06-30,0,85859.45,20.45,13637.73,13.938,36,1-3y,8.83,east,A
ln_bdfe85cb8ff3,2024-06-30,0,49878.39,25.76,7657.17,14.537,36,3-5y,17.89,north,A
ln_94c17f2773b5,2024-06-30,1,80719.65,29.06,13235.52,13.579,36,1-3y,6.08,east,A
ln_904694493158,2024-06-30,0,51671.3,21.91,6690.39,15.678,36,3-5y,10.2,west,A
ln_13a4c59e7c7d,2024-06-30,1,58606.04,18.21,12993.16,15.678,36,5-10y,7.63,west,A
ln_347be31bf8a5,2024-06-30,0,50278.06,14.81,10768.04,14.505,60,1-3y,9.68,north,A
ln_3d557d62cb78,2024-06-30,0,43603.03,19.39,8969.19,12.635,36,1-3y,23.88,south,B
ln_fc9898dd2ccb,2024-06-30,0,74986.1,14.49,13223.1,8.55,60,1-3y,16.29,south,B
ln_69dc9af46e00,2024-06-30,0,45691.89,26.45,35706.31,14.674,36,5-10y,9.31,east,A
ln_81ab14d7bf3d,2024-06-30,0,42587.96,18.43,19547.82,10.141,36,5-10y,19.76,north,A
ln_4fadd38effc0,2024-06-30,1,97681.33,13.02,20173.4,11.228,60,3-5y,11.16,south,A
ln_f0e55ce23378,2024-06-30,0,67099.46,24.66,11578.57,9.473,36,1-3y,15.59,north,A
ln_7d82a88b1fd7,2024-06-30,0,46491.51,16.46,12037.26,11.698,36,<1y,4.08,south,B
ln_a274d9757fe7,2024-06-30,0,48969.69,16.35,17057.39,12.438,36,1-3y,3.27,south,A
ln_787f417a4179,2024-06-30,0,39510.91,32.71,39677.52,15.316,36,3-5y,12.42,west,A
ln_ce19cf8df9f6,2024-06-30,0,54845.78,29.6,8439.0,15.1,36,10y+,15.8,north,A
ln_2bd4c51a4264,2024-06-30,0,35943.32,28.31,17004.28,15.073,36,3-5y,7.1,east,A
ln_8895493c46e5,2024-06-30,0,44182.24,27.24,25497.82,16.672,36,1-3y,14.34,north,A
ln_c94fc211c10b,2024-06-30,0,76722.65,29.45,9667.25,16.914,36,<1y,6.25,south,B
ln_4dd56cdd41fa,2024-06-30,0,37843.86,22.43,9814.38,12.467,36,1-3y,8.89,north,A
ln_6abd3a0f3e18,2024-06-30,0,24735.11,25.72,8091.31,17.848,36,1-3y,10.27,south,A
ln_87a6aad9676a,2024-06-30,0,76268.5,18.51,10467.48,9.861,36,3-5y,15.14,east,A
ln_70020b850f78,2024-06-30,0,33599.21,17.87,9611.84,14.746,60,5-10y,10.97,west,A
ln_9b1bfe14b5a3,2024-06-30,1,36608.8,30.34,24735.29,14.852,36,3-5y,9.06,south,A
ln_a3016403da08,2024-06-30,0,75613.55,23.4,15747.22,16.594,36,<1y,13.37,east,B
ln_b31c83527d3a,2024-06-30,0,77705.52,11.49,26506.79,12.818,36,<1y,6.47,north,A
ln_f454262a955c,2024-06-30,0,77072.34,25.69,18579.37,16.955,36,5-10y,16.75,north,B
ln_52caa5345c42,2024-06-30,0,69425.77,5.68,11876.07,9.539,36,3-5y,13.22,east,A
ln_79a0eadbc634,2024-06-30,0,60908.0,23.58,12411.65,10.959,36,<1y,16.81,south,B
ln_17cea30c415a,2024-06-30,0,38651.34,20.4,14625.47,14.704,36,1-3y,14.58,north,A
ln_d84ac2937078,2024-06-30,0,74034.26,8.68,18251.03,7.867,36,3-5y,10.86,south,A
ln_3f28b25a27cc,2024-06-30,0,51355.61,16.89,12818.97,10.771,60,10y+,11.39,east,A
ln_b504051e4633,2024-06-30,0,58182.43,8.81,4258.82,9.7,60,5-10y,15.24,north,A
ln_15036ff0f0ef,2024-06-30,0,43395.33,19.69,14242.19,9.967,36,1-3y,17.52,south,A
ln_03eabce15e7b,2024-06-30,0,64219.9,19.06,13303.23,15.232,36,1-3y,5.89,south,A
ln_f05060250135,2024-06-30,0,115012.47,25.04,6558.57,15.164,60,5-10y,18.95,north,A
ln_0bea36f8ea13,2024-06-30,0,107842.51,9.1,41609.41,8.167,36,10y+,12.34,south,B
ln_376723f63a26,2024-06-30,0,85653.7,24.85,13354.88,14.585,60,<1y,8.52,north,A
ln_0e987a99d12c,2024-06-30,1,73644.01,26.7,56760.73,15.269,36,5-10y,14.22,east,A
ln_6c841ecd9dbe,2024-06-30,0,29515.17,14.97,10236.06,12.108,60,1-3y,5.71,west,B
ln_46610c1c15e4,2024-06-30,0,90365.49,28.78,14318.15,13.247,36,1-3y,12.57,north,A
ln_0f4a70883611,2024-06-30,0,73238.89,26.4,18377.29,14.224,36,3-5y,16.62,south,B
ln_60b9137015bd,2024-06-30,0,45426.51,23.85,23839.44,13.388,36,5-10y,13.19,south,B
ln_98eade96e347,2024-06-30,0,41063.64,25.73,9763.61,14.29,60,10y+,23.0,south,A
ln_bff1f5816c8f,2024-06-30,0,62559.69,18.14,66693.36,13.683,36,10y+,14.53,south,A
ln_ebea5477d2e5,2024-06-30,1,42869.3,33.9,31680.9,20.827,60,3-5y,9.46,east,A
ln_3261b8717f00,2024-06-30,0,65229.59,26.51,12988.09,12.659,36,1-3y,14.93,east,A
ln_77329d14da8f,2024-06-30,1,61328.28,24.87,17804.43,12.789,60,3-5y,6.52,west,A
ln_005341a65edb,2024-06-30,0,46361.18,22.15,15906.04,16.171,36,1-3y,15.46,north,A
ln_a521a877888f,2024-06-30,0,90007.73,34.0,17842.77,15.949,36,5-10y,14.31,north,A
ln_07be75ba2de6,2024-06-30,0,69874.5,33.57,11898.24,18.429,36,1-3y,17.85,north,A
ln_557b12b996d4,2024-06-30,0,68073.02,11.82,7093.59,11.725,36,5-10y,19.62,east,A
ln_2be79f831819,2024-06-30,0,58315.91,14.87,15943.37,11.487,36,10y+,17.36,south,B
ln_46325a1a129b,2024-06-30,0,74158.22,15.96,11513.06,14.471,36,3-5y,14.07,east,A
ln_f459ffb0a289,2024-06-30,0,69766.8,19.87,21285.49,10.01,36,3-5y,7.45,south,A
ln_df06f25dcb0f,2024-06-30,0,57105.55,24.25,13572.87,13.903,36,<1y,15.6,west,B
ln_50154ac68555,2024-06-30,0,103688.02,15.8,8368.61,9.293,36,<1y,8.94,north,A
ln_a927ec5e98e4,2024-06-30,0,41310.84,16.81,13092.14,9.794,36,10y+,17.25,west,B
ln_daaec51f93eb,2024-06-30,0,74290.87,25.85,27184.35,11.302,36,3-5y,27.34,north,B
ln_935123df04e7,2024-06-30,0,149455.38,18.65,2972.78,14.557,36,1-3y,6.61,west,A
ln_0b251dfedfe3,2024-06-30,0,93459.21,25.85,15344.67,15.349,60,10y+,16.38,east,A
ln_b3f0793c6da4,2024-06-30,0,67738.15,16.98,8453.5,11.042,36,10y+,24.18,south,B
ln_72748fe7f6d8,2024-06-30,1,43716.88,31.0,26971.79,18.733,60,<1y,2.01,east,A
ln_4c4907cd4987,2024-06-30,0,49636.14,23.66,11016.33,9.982,36,10y+,18.58,west,B
ln_18a5987935aa,2024-06-30,0,68465.0,16.69,5504.23,14.265,36,3-5y,12.89,west,A
ln_0e77ecd8b00d,2024-06-30,0,54390.21,17.36,15088.1,12.711,60,10y+,16.9,east,B
ln_507e44e2ef90,2024-06-30,0,65894.23,12.13,20186.95,11.845,60,5-10y,9.74,north,A
ln_b6a01e69b620,2024-06-30,0,78015.7,21.54,16959.99,12.298,60,3-5y,7.91,south,B
ln_beb4b011f166,2024-06-30,1,45975.74,34.52,25065.78,19.949,60,1-3y,7.09,east,B
ln_c8b43725aebd,2024-06-30,0,77303.05,29.66,5382.72,17.054,36,3-5y,14.11,east,B
ln_6334779e0fa2,2024-06-30,0,72410.02,27.75,15308.95,16.551,60,10y+,10.25,south,A
ln_ff65fa076e6e,2024-06-30,0,45109.62,22.76,19702.01,12.12,36,5-10y,14.26,west,A
ln_efc6862570eb,2024-06-30,0,48501.76,14.85,10420.51,11.363,36,1-3y,10.77,east,B
ln_0d49e15ecb48,2024-06-30,0,62098.98,22.53,9196.6,17.701,60,3-5y,13.8,south,A
ln_ded2eaf8fd32,2024-06-30,0,46654.23,9.66,7703.54,8.066,36,3-5y,21.55,west,B
ln_c3e6b38cc827,2024-06-30,0,149373.76,16.1,6877.92,12.965,36,<1y,15.59,west,A
ln_3adc54728568,2024-06-30,0,63634.91,16.07,13278.78,10.086,36,<1y,14.78,west,A
ln_8cb4cc6f92ad,2024-06-30,1,73974.08,26.2,28276.82,10.771,36,1-3y,14.92,east,B
ln_fef365855080,2024-06-30,0,52443.87,19.61,12077.38,8.486,36,1-3y,11.52,south,B
ln_6903a7c0bb66,2024-06-30,1,30096.82,36.66,7323.04,18.524,60,3-5y,14.27,south,B
ln_6942da71071f,2024-06-30,0,120858.33,13.73,16416.77,8.875,36,3-5y,8.58,east,B
ln_d33e3812e7b5,2024-06-30,0,42406.07,26.33,15644.37,18.875,60,1-3y,11.62,west,A
ln_2ee94c880ae2,2024-06-30,0,53640.27,15.75,11871.59,8.418,36,10y+,13.81,west,B
ln_8521261ecddb,2024-06-30,0,29322.53,20.18,13998.86,13.912,36,3-5y,12.91,south,A
ln_6dd64b3e44c0,2024-06-30,0,47254.28,24.26,12165.45,14.975,36,10y+,13.51,south,A
ln_e980cbf3e333,2024-06-30,0,81546.32,35.52,21840.03,15.832,36,10y+,23.6,east,B
ln_f67e4abd1e19,2024-06-30,0,104991.87,20.89,15829.6,13.817,36,1-3y,17.19,south,B
ln_fdf1747d1194,2024-06-30,0,63359.22,24.39,9099.65,11.278,36,1-3y,13.66,east,A
ln_1f45b60b7eb6,2024-06-30,0,77025.05,14.31,16135.58,9.274,60,10y+,19.63,north,A
ln_cb933598ade2,2024-06-30,0,30893.08,16.07,24138.23,10.769,36,1-3y,8.85,east,A
ln_d8fb170cbc6e,2024-06-30,0,60203.86,21.03,11119.34,13.618,36,1-3y,14.66,north,B
ln_e7a187eed691,2024-06-30,0,38082.85,20.54,23587.25,12.201,36,5-10y,12.37,west,B
ln_006879b628a3,2024-06-30,0,72359.47,28.79,5910.43,12.164,60,<1y,21.29,north,B
ln_0996df184555,2024-06-30,0,57787.58,15.36,14179.47,12.076,36,1-3y,6.57,north,A
ln_d83ed328ad9b,2024-06-30,0,123093.41,9.23,7685.1,10.588,36,5-10y,24.05,north,A
ln_31b7ed5308b5,2024-06-30,0,78692.99,14.62,12137.86,10.153,60,<1y,7.28,south,A
ln_3388d77dbc29,2024-06-30,0,56094.62,23.99,13734.47,14.576,60,10y+,15.56,south,A
ln_68cc5f901d6b,2024-06-30,0,64102.18,30.63,21832.85,11.609,36,1-3y,11.57,south,B
ln_9b9434b2df0b,2024-06-30,0,67140.65,24.21,47541.3,9.001,36,1-3y,13.66,east,A
ln_bb577c455ef1,2024-06-30,0,69910.42,25.26,33825.51,12.299,36,1-3y,13.56,north,A
ln_7a7bebc6ba96,2024-06-30,0,67881.07,11.32,8270.68,8.919,36,10y+,12.62,north,A
ln_79ee90f0a6a2,2024-06-30,0,71421.6,28.01,3263.66,17.016,60,3-5y,13.62,east,B
ln_64488e8efc9e,2024-06-30,0,130071.9,21.61,10102.54,13.472,36,5-10y,16.58,south,A
ln_d68cbbe85aa5,2024-06-30,1,35173.57,31.68,11307.95,15.291,36,1-3y,9.2,south,A
ln_4a132f83976d,2024-06-30,0,60187.24,33.38,52833.26,19.844,36,10y+,10.31,east,A
ln_76b50b601481,2024-06-30,0,54226.73,26.33,39818.39,13.521,36,5-10y,14.67,north,B
