loan_id,as_of_date,default_flag,annual_income,debt_to_income,loan_amount,interest_rate,term_months,employment_length,credit_history_length,region,fairness_group
ln_1bbcad29320f,2023-06-30,0,51432.58,12.82,9076.47,7.241,60,1-3y,11.78,east,A
ln_042896dc1966,2023-03-31,0,70128.69,13.67,50596.88,12.039,36,10y+,9.82,north,A
ln_dba0082ec68e,2023-03-31,0,49909.61,18.24,16842.82,7.062,36,5-10y,12.23,west,A
ln_dfd5922f5aa9,2022-03-31,0,46738.13,23.7,15848.63,14.861,36,3-5y,12.24,west,A
ln_8c09b37123eb,2023-11-30,0,54283.1,21.73,10758.84,12.481,36,5-10y,19.3,south,B
ln_c1db13ab836d,2022-06-30,0,37172.73,18.36,10906.06,10.918,36,<1y,7.93,west,A
ln_01dc6054f16a,2022-10-31,0,35551.59,28.38,9388.56,15.44,36,10y+,12.65,east,A
ln_bf7be128c7d4,2022-02-28,0,83085.54,4.43,7464.21,6.002,36,1-3y,12.77,west,A
ln_f3bc82209733,2022-09-30,0,55889.08,12.96,15631.38,10.417,36,1-3y,14.75,west,A
ln_4dc776a81b9a,2023-01-31,0,69066.47,16.85,9074.72,9.984,36,1-3y,7.06,north,A
ln_4e90553f9801,2023-12-31,0,59401.89,27.2,12330.85,16.352,36,1-3y,12.57,west,A
ln_8d26d2f8b050,2023-02-28,0,42614.66,31.86,14588.31,18.758,36,1-3y,12.17,north,B
ln_b6b3be77081f,2022-05-31,0,107847.07,9.48,17073.64,8.837,36,1-3y,12.04,south,B
ln_959b91529855,2022-08-31,0,54446.07,23.68,25249.4,10.53,36,<1y,15.19,north,B
ln_877b597a0124,2023-07-31,0,79287.06,21.33,5741.49,12.404,60,5-10y,15.42,west,B
ln_083bc8089ae2,2022-03-31,0,42049.48,21.31,10436.63,10.472,36,5-10y,18.01,north,A
ln_cb51c275c760,2022-02-28,0,30846.71,15.16,23859.12,11.993,36,10y+,12.46,north,A
ln_569c0a2338d8,2023-07-31,0,138416.73,17.47,13357.46,11.213,36,1-3y,17.61,north,A
ln_0ebb0a61cd52,2022-09-30,0,35613.83,17.01,8176.4,17.735,60,<1y,9.1,east,A
ln_9daf2fae4376,2022-05-31,0,59632.72,18.36,7313.03,12.516,36,5-10y,7.03,west,B
ln_bc86cf44dfac,2022-02-28,0,99536.46,31.14,9298.44,15.268,36,10y+,17.67,north,B
ln_c2eeed7607b6,2023-05-31,0,49214.54,39.76,9211.94,18.682,36,<1y,6.07,east,A
ln_f06aa4697786,2022-05-31,0,43656.37,24.97,7775.79,17.516,36,<1y,12.55,west,A
ln_d907aa9543e2,2022-01-31,0,57294.28,24.2,6789.23,16.162,60,3-5y,14.73,east,B
ln_8ed08f04b190,2023-10-31,0,246416.11,2.79,23372.63,4.463,36,5-10y,12.03,south,A
ln_0154f8667231,2023-11-30,0,64117.53,26.51,32158.3,13.59,36,10y+,15.56,north,A
ln_c29bd26c2a8f,2022-06-30,1,73398.09,36.48,46740.63,16.649,36,1-3y,4.85,east,B
ln_f0c8aac3b9c7,2023-10-31,1,61511.14,21.43,14291.99,14.391,60,5-10y,14.12,south,A
ln_ab65f313809b,2023-03-31,0,74374.93,23.06,33710.93,10.722,60,1-3y,14.44,north,A
ln_d5c7471a95ca,2022-02-28,0,55071.61,12.06,10864.9,6.386,36,3-5y,16.63,west,A
ln_b2000178bcae,2022-10-31,0,108297.7,16.07,33692.97,9.786,60,1-3y,12.43,east,B
ln_e347d060b809,2023-03-31,0,32766.59,16.64,9508.29,9.435,36,1-3y,20.34,south,A
ln_973f6e916f2e,2022-04-30,0,142856.2,18.23,29235.01,11.743,60,1-3y,7.65,north,A
ln_7a01bcc81891,2023-03-31,0,66167.24,4.66,12701.85,7.728,36,<1y,11.25,north,A
ln_6d0ba1c169d3,2022-02-28,0,41535.49,18.41,3891.05,11.28,60,10y+,16.53,south,A
ln_6eb416ef6ecc,2022-11-30,0,54041.29,14.67,4454.76,8.575,36,3-5y,8.28,west,A
ln_01e57c19fff4,2022-12-31,0,60634.98,22.53,7023.63,12.87,36,1-3y,20.13,south,B
ln_2b22c9cf14f7,2022-01-31,1,36951.01,34.74,24407.33,18.876,60,3-5y,9.18,west,A
ln_22ca943ccd4f,2023-12-31,0,109744.23,18.97,29260.88,11.079,36,10y+,10.59,east,A
ln_38680fbdbd19,2023-01-31,0,54566.01,13.21,20311.04,12.83,60,5-10y,7.63,south,B
ln_6674c66967f1,2023-12-31,0,47139.27,13.38,9727.61,8.882,60,10y+,17.75,east,B
ln_106bda71511a,2023-10-31,0,70477.36,13.6,10760.96,12.187,36,5-10y,10.73,east,B
ln_734e694525b2,2023-08-31,0,47896.33,21.55,18805.31,9.871,60,10y+,16.07,west,B
ln_361d81bca61c,2023-06-30,0,30176.64,31.13,3701.06,19.523,60,<1y,10.1,west,A
ln_f7cce8c10d7a,2023-08-31,0,114636.15,17.4,11119.05,9.951,36,10y+,13.6,west,A
ln_29f90ffdd3cd,2022-07-31,0,77977.28,22.59,1989.94,13.047,36,1-3y,12.44,south,A
ln_c0969fa54255,2022-02-28,0,113965.84,11.55,25594.57,7.611,36,1-3y,22.99,north,A
ln_b873b68a8a67,2023-03-31,0,38961.22,25.75,4261.27,10.706,36,3-5y,6.48,west,A
ln_a617d6a108c2,2022-11-30,0,63894.47,16.2,23263.38,14.948,36,3-5y,14.27,south,A
ln_0bb1fbd06b4e,2022-03-31,0,77121.26,12.03,25418.57,9.325,36,10y+,19.33,north,A
ln_8908dcd96462,2023-11-30,0,58566.3,22.37,15611.18,11.599,36,3-5y,10.56,east,A
ln_727f25dfd716,2023-08-31,1,27047.31,18.52,9602.55,12.186,60,10y+,13.51,north,A
ln_d54b5e774302,2023-07-31,0,89086.19,19.41,34829.12,11.113,36,5-10y,8.11,east,A
ln_48f833cb2852,2022-04-30,0,88521.8,8.29,11508.75,10.429,36,1-3y,13.14,west,B
ln_fb6af1daffb3,2022-05-31,0,88134.3,25.7,3366.38,13.122,36,10y+,10.09,south,A
ln_08b6f23d087f,2022-03-31,0,36986.75,23.76,6075.54,12.684,60,10y+,14.96,east,B
ln_e6e459ee891a,2022-06-30,0,25826.21,14.17,29494.1,7.294,60,5-10y,9.36,south,A
ln_4f2ad8f6f2eb,2022-01-31,1,29694.09,50.21,26131.71,24.959,36,3-5y,13.59,east,A
ln_28550160ada7,2023-07-31,0,64756.52,12.04,17401.44,9.491,36,3-5y,5.62,east,B
ln_fda3775e3254,2023-05-31,0,43281.6,26.1,13280.75,11.961,36,1-3y,6.09,south,A
ln_696acdd66419,2023-01-31,0,98612.93,26.79,6806.99,9.103,36,3-5y,12.29,east,A
ln_7249d18eb9b7,2023-04-30,0,43492.16,13.4,9722.03,11.012,60,<1y,7.84,east,B
ln_3d9b67c00001,2023-03-31,0,57782.95,5.06,5822.76,8.149,60,1-3y,11.71,south,B
ln_f5cb1c0b9aa6,2022-10-31,1,35331.1,40.83,26306.29,14.77,36,3-5y,22.34,north,A
ln_018dbc385cdb,2022-03-31,0,194714.75,13.75,12271.66,10.9,36,3-5y,10.16,north,B
ln_3a3eccd795f2,2023-10-31,0,31546.91,28.57,6262.56,16.716,36,5-10y,11.61,west,A
ln_f76287e302e7,2022-06-30,1,35488.41,26.61,14022.05,13.17,36,1-3y,11.53,east,B
ln_01a84727358a,2022-08-31,0,50579.88,5.41,16489.9,5.471,36,3-5y,12.02,west,B
ln_19347aa28199,2023-09-30,0,70824.21,19.17,18908.58,10.47,36,5-10y,13.19,south,A
ln_ccf5f4de4214,2023-12-31,0,107458.81,13.19,13248.79,14.703,36,10y+,11.81,south,A
ln_3323f8a39858,2022-06-30,0,40051.28,28.52,11492.38,15.449,60,10y+,19.27,south,A
ln_74f1916b7768,2022-09-30,0,100926.69,13.78,10186.6,8.635,60,3-5y,12.26,south,A
ln_4563c869b776,2023-10-31,0,91016.67,22.81,32249.17,8.528,36,1-3y,16.55,east,A
ln_a361a14446da,2023-11-30,0,83739.48,2.19,17344.99,6.117,36,1-3y,9.14,west,A
ln_acdb73060b2d,2023-05-31,0,33272.87,3.86,13522.47,3.5,36,10y+,15.38,south,A
ln_396fc0a9e7d1,2023-09-30,0,107334.61,22.91,6548.62,10.429,36,3-5y,11.33,west,A
ln_cd25e70560a9,2022-09-30,0,51047.04,23.35,4623.55,17.201,36,3-5y,10.37,north,A
ln_1607fbee8181,2022-04-30,0,99157.27,19.72,26977.09,11.9,60,1-3y,5.16,west,B
ln_84ba52865e91,2023-12-31,0,96708.33,29.93,5847.95,15.077,60,3-5y,8.05,north,B
ln_cbd70595800e,2023-10-31,0,104119.17,11.23,40281.9,8.976,60,10y+,17.01,south,A
ln_b72958739a90,2023-09-30,0,22464.25,23.4,26911.71,14.872,60,3-5y,6.85,north,B
ln_456887cc5437,2022-08-31,0,43929.76,14.82,8662.92,10.287,36,1-3y,13.99,north,B
ln_26203b17aca9,2022-08-31,0,70012.79,19.82,28946.28,13.512,36,10y+,8.5,west,B
ln_330083af12ce,2022-08-31,0,98792.65,25.54,10622.17,17.058,60,3-5y,18.48,north,A
ln_b24a6bdd6bf3,2022-10-31,1,35049.85,27.87,13279.49,14.083,36,5-10y,13.24,east,A
ln_291dbef2ba6e,2022-07-31,0,71661.46,12.71,19948.84,10.396,36,3-5y,22.72,north,B
ln_29ae6eaff71c,2022-03-31,0,22349.1,29.87,10699.36,15.067,36,5-10y,14.78,north,B
ln_50cb62866fe0,2022-07-31,0,75401.74,19.22,6549.24,9.466,60,10y+,21.27,south,A
ln_34837515b45e,2022-07-31,0,108126.13,19.66,10711.99,13.33,60,5-10y,11.6,east,A
ln_ee272abcc427,2022-09-30,0,82245.25,23.36,12231.13,15.269,36,3-5y,12.22,east,A
ln_b9359de3fb67,2023-08-31,0,59304.94,27.85,9474.31,14.971,36,1-3y,8.0,south,B
ln_a49056135eb3,2023-02-28,0,145400.26,22.37,42227.89,14.625,60,1-3y,7.54,west,B
ln_ece2b5546cec,2022-04-30,0,48346.42,22.7,54309.1,10.95,36,10y+,16.37,east,A
ln_fd05ed9f3a26,2022-04-30,0,81579.63,26.61,37740.92,11.231,36,3-5y,14.26,west,A
ln_9a69b3a2fe4f,2022-09-30,0,67096.11,22.46,4392.29,8.919,36,10y+,17.7,north,A
ln_f72b90162aa1,2022-06-30,0,53090.17,37.44,24199.37,18.307,60,1-3y,9.94,north,A
ln_ba0895a8c507,2022-04-30,0,105267.32,19.69,7923.16,10.551,36,3-5y,14.2,south,B
ln_f8a4bda804e2,2023-07-31,0,102353.72,21.11,9190.68,13.288,36,1-3y,11.62,north,A
ln_65aa0f453774,2023-10-31,0,50299.11,9.44,7742.42,5.441,36,3-5y,14.98,north,B
ln_095c81f4e5c5,2022-03-31,0,41978.54,15.14,19516.64,8.194,60,10y+,21.54,west,A
ln_5e9c5ecdf5a9,2023-02-28,0,111226.38,16.55,4867.91,10.936,36,3-5y,10.76,south,A
ln_25b78e760a8c,2023-08-31,0,38363.23,22.36,23910.81,13.283,60,10y+,14.05,south,A
ln_1d184cf7261a,2022-12-31,1,52980.47,24.12,45472.1,12.939,36,3-5y,9.69,north,A
ln_e815d9e42a5f,2022-09-30,0,34136.16,28.12,29630.93,14.915,36,10y+,15.32,south,A
ln_ade35c99751d,2022-03-31,0,77438.39,32.62,32920.8,15.643,36,<1y,6.86,south,B
ln_ef2ac1a8cb32,2022-09-30,0,106683.12,24.55,21448.79,15.45,36,1-3y,8.94,west,A
ln_8254941522e4,2023-05-31,0,48726.14,23.04,20577.87,17.082,36,1-3y,11.9,east,A
ln_a7944fbc9adf,2023-11-30,0,66443.5,24.74,16398.44,14.607,60,3-5y,14.48,north,B
ln_bad9d24668ca,2023-12-31,0,230390.78,14.22,13728.89,10.169,36,1-3y,9.04,east,B
ln_c63ca3e2443e,2023-12-31,0,50094.4,34.53,14615.68,17.487,36,10y+,9.37,south,A
ln_b0bdad703225,2022-09-30,0,67863.31,11.15,18099.18,8.137,36,10y+,15.09,west,A
ln_f3b30483a693,2022-12-31,0,143729.02,5.56,11928.01,9.511,60,<1y,14.04,north,B
ln_8085cf84320c,2023-04-30,0,71909.65,27.0,17708.2,15.746,36,3-5y,9.85,north,B
ln_cdbffa643f6b,2022-02-28,0,110864.98,11.01,5516.33,8.816,36,1-3y,10.59,north,A
ln_6b7f6e00a364,2023-08-31,0,49520.11,29.51,6512.97,11.371,60,5-10y,19.23,south,A
ln_64c9f48248eb,2022-08-31,1,68204.36,24.66,16236.46,17.353,36,1-3y,14.24,south,B
ln_f9e9bb4bcfb4,2022-10-31,0,40883.88,33.93,30532.64,15.879,60,5-10y,19.27,west,A
ln_9b16a008cef7,2022-04-30,0,37601.33,30.36,11588.0,14.612,36,1-3y,8.31,east,A
ln_9a67ede13f6a,2023-11-30,0,49862.85,15.08,10103.84,9.846,60,1-3y,15.26,south,A
ln_39e37658fd48,2022-07-31,0,43977.76,33.79,12607.45,12.104,60,3-5y,15.65,east,A
ln_996283121ae4,2023-04-30,0,59654.24,15.63,21139.7,8.741,36,10y+,15.43,west,A
ln_ea2ba83eda95,2022-10-31,0,76607.71,12.94,14739.31,9.0,36,1-3y,17.8,south,A
ln_719bc9544bbe,2022-07-31,1,35391.75,21.91,7963.96,13.173,60,5-10y,13.0,west,A
ln_6362d136c980,2023-08-31,1,51371.63,31.79,10241.57,11.327,36,1-3y,8.92,east,B
ln_b9e1666fc151,2023-01-31,0,67491.64,11.83,13516.54,12.097,36,1-3y,11.32,east,B
ln_b71184a664e5,2023-11-30,0,59200.09,17.46,31752.36,11.442,60,3-5y,17.38,south,A
ln_4b797fcf6b7b,2023-11-30,0,52768.67,23.55,18970.8,14.581,36,5-10y,7.52,east,B
ln_7c587bcc3099,2022-03-31,1,69931.04,26.4,12710.57,13.071,36,1-3y,11.72,east,A
ln_53fc2cfc7fbb,2022-12-31,0,38876.02,16.25,7825.86,11.511,60,5-10y,14.86,east,A
ln_c7ce0b18d181,2023-01-31,0,62004.63,7.99,13828.36,3.5,36,5-10y,29.52,south,B
ln_3a7234bb368d,2022-06-30,0,43275.8,20.47,45879.17,11.681,36,5-10y,11.16,south,A
ln_8f97544a4a74,2023-09-30,0,50743.91,31.42,34767.96,14.267,36,5-10y,8.57,north,A
ln_d9c3f687e7c8,2023-02-28,0,43351.19,25.44,13141.32,11.555,36,10y+,18.53,south,A
ln_e79c87b83d41,2023-12-31,0,56514.75,26.63,14502.35,14.604,36,5-10y,12.53,east,A
ln_320da07f4b5a,2023-06-30,0,93812.2,21.65,4501.66,10.014,36,1-3y,7.9,east,A
ln_716d9576df8e,2022-02-28,0,85675.61,20.2,7115.17,10.88,36,3-5y,9.21,east,A
ln_5780e1fea331,2023-07-31,0,150299.95,8.78,22084.05,4.802,36,1-3y,15.63,east,B
ln_f77c07159aca,2023-02-28,0,40880.21,16.48,8592.36,11.331,36,5-10y,14.83,east,A
ln_089204906466,2023-08-31,0,172175.69,23.8,10791.16,10.646,36,1-3y,14.29,west,B
ln_c7539e35e12e,2022-01-31,0,44326.28,34.95,8577.63,14.249,36,1-3y,19.03,north,A
ln_dd73f4451bfb,2023-02-28,0,75245.58,19.09,15732.62,12.97,36,3-5y,8.52,north,A
ln_ac464a87ce38,2023-04-30,0,57171.53,3.97,14528.97,8.216,60,5-10y,10.98,east,A
ln_beff77037052,2023-07-31,0,18864.84,10.2,14680.02,5.872,36,3-5y,7.65,north,A
ln_617fb58e63e2,2022-04-30,0,70440.59,17.75,32313.06,4.713,36,1-3y,16.62,west,A
ln_8437482cdcb3,2022-12-31,0,26234.74,22.0,14577.9,14.277,60,3-5y,10.45,west,B
ln_d03366fb7ab5,2023-03-31,0,52470.91,22.37,9501.96,10.333,36,1-3y,7.22,east,A
ln_7987957fb3b9,2023-01-31,0,36947.27,23.91,16168.36,11.752,36,10y+,13.06,south,B
ln_ddeb780665e1,2023-08-31,0,24660.92,11.2,6229.8,11.247,36,3-5y,10.99,north,B
ln_1a48b60b585b,2022-11-30,0,65552.81,25.97,7787.51,13.894,36,<1y,11.68,west,B
ln_55851649ede6,2023-05-31,0,91593.22,28.46,13147.4,16.208,36,3-5y,18.33,east,A
ln_a98257cd29c0,2023-10-31,0,61692.15,17.33,10825.72,8.46,36,1-3y,12.99,north,A
ln_b01cfd394a7d,2022-01-31,0,59245.53,32.47,11253.7,15.131,36,<1y,15.24,north,B
ln_e5bc62277864,2023-05-31,0,66836.74,23.55,13500.57,11.759,36,<1y,6.14,west,B
ln_29d0d611daf3,2022-12-31,0,58892.98,27.14,23475.23,12.045,36,<1y,8.13,east,B
ln_3758ba157a90,2023-06-30,0,28933.4,34.78,19791.15,17.286,60,3-5y,17.38,west,B
ln_a9ee8843ebf2,2023-03-31,0,91003.39,25.45,14786.87,13.252,36,5-10y,14.52,south,A
ln_c6297c8e5554,2022-10-31,0,51123.92,0.88,5632.64,9.731,36,<1y,6.96,south,B
ln_2cd2e8b0a4c1,2022-04-30,0,63765.29,26.42,16848.95,12.247,36,3-5y,10.53,west,B
ln_0a33cbe34986,2022-05-31,0,122230.82,9.34,6170.03,9.967,36,3-5y,14.96,east,A
ln_2bb30a84b8d7,2022-04-30,0,109451.67,26.87,13868.71,15.924,60,1-3y,9.26,west,A
ln_a5177683dac9,2023-03-31,1,39825.4,32.4,10469.96,14.978,36,1-3y,12.09,west,A
ln_62c3bbd50964,2022-05-31,0,17621.63,20.84,10321.38,10.833,60,10y+,18.75,north,B
ln_d86f2b27975f,2022-05-31,0,57113.49,16.62,3600.31,14.699,36,5-10y,14.87,north,A
ln_2fee76fa2449,2023-03-31,0,58100.43,18.4,20960.71,9.925,60,<1y,5.3,east,A
ln_e06a72c627e4,2022-11-30,0,72048.5,18.87,11068.5,13.93,60,<1y,13.39,north,A
ln_1bdb38a2e03c,2023-11-30,0,84152.12,29.51,11066.7,13.833,36,3-5y,14.22,west,B
ln_ad1156b71ceb,2022-12-31,0,55323.43,12.05,5596.98,9.285,36,3-5y,10.17,south,B
ln_1064eddf45f8,2023-04-30,0,89129.08,21.85,5387.53,13.533,36,<1y,21.1,south,A
ln_a4d60b90e4ca,2023-12-31,0,70641.55,20.6,21551.44,10.661,36,5-10y,14.23,west,A
ln_e8e8f982afea,2022-06-30,0,42810.37,16.55,8658.48,10.202,36,10y+,11.64,west,A
ln_e563150861c9,2023-08-31,0,84747.27,26.14,9386.03,11.192,36,10y+,14.62,north,A
ln_bf7695c8f78e,2022-03-31,0,74901.65,30.76,37495.34,13.326,36,<1y,9.12,north,A
ln_b077b79102fb,2023-04-30,0,65770.3,14.72,11611.46,11.792,36,10y+,13.39,east,A
ln_c71ae4f5fcb6,2023-12-31,0,43712.19,32.24,41198.1,11.821,36,10y+,14.84,east,B
ln_ccdf2ca41819,2023-02-28,0,39402.42,19.97,14972.51,12.645,36,10y+,15.35,south,A
ln_353441599695,2023-11-30,0,33042.66,22.74,23156.72,13.882,60,<1y,9.65,west,B
ln_562ed32c9722,2023-02-28,0,63051.78,32.05,45566.52,15.144,60,10y+,19.76,north,A
ln_01d4e2141737,2022-10-31,1,98212.36,24.81,17961.97,13.513,36,1-3y,17.76,north,B
ln_f65e68be10cb,2022-03-31,0,38865.56,10.3,18858.7,8.186,60,<1y,7.81,east,A
ln_3318cb11b2c1,2022-10-31,0,41983.92,16.67,38456.18,8.603,36,1-3y,14.24,east,A
ln_7e3efb63184b,2023-07-31,0,70234.97,22.12,25114.08,8.94,36,<1y,11.64,east,A
ln_27ce247e2dbc,2023-02-28,0,94810.66,26.6,38132.51,15.131,60,1-3y,9.49,east,A
ln_d1bcc69c26b6,2023-06-30,1,38632.61,33.6,6133.6,20.09,60,1-3y,5.44,west,A
ln_0afcddb069d6,2022-07-31,0,99068.35,23.42,4760.57,14.141,36,1-3y,18.41,west,B
ln_db58ae043ec8,2023-12-31,1,52184.52,22.57,69201.11,12.914,36,1-3y,7.7,north,A
ln_24d90f1658e5,2023-10-31,0,72150.31,21.48,6055.25,12.654,36,5-10y,11.7,east,A
ln_9951eb0576e5,2023-03-31,0,32578.96,25.37,13994.12,14.61,36,1-3y,9.47,south,B
ln_a8bf9ecd738a,2023-06-30,0,93602.14,20.49,32763.79,9.913,36,<1y,13.36,east,B
ln_603a96d6eab6,2022-12-31,0,23186.76,26.1,18607.14,10.377,36,10y+,13.96,north,B
ln_c7593ad619ec,2023-07-31,0,75503.73,26.42,27337.68,14.523,36,1-3y,10.62,west,B
ln_4f11349fa463,2023-10-31,0,51242.95,22.23,6034.05,11.589,36,1-3y,9.26,north,B
ln_908869e4d829,2022-02-28,0,46418.42,18.62,5755.71,14.779,36,10y+,14.08,north,B
ln_c0de96729e9d,2022-02-28,1,33201.07,30.66,17446.2,12.706,36,1-3y,11.82,north,A
ln_8baa0937deb3,2023-08-31,0,99675.05,18.18,12700.24,12.758,36,1-3y,8.8,east,B
ln_3fb64f5e03ea,2023-10-31,0,61529.41,30.89,30314.02,14.274,60,10y+,9.69,east,A
ln_266d617c9e3f,2022-02-28,0,49545.06,26.95,15882.32,11.471,60,10y+,13.15,north,A
ln_fb1dbeeed5f5,2023-09-30,0,41664.04,27.67,13867.09,12.142,60,10y+,12.07,north,A
ln_c4bf622cfe29,2022-01-31,0,103105.92,26.04,15720.71,13.305,36,1-3y,11.37,west,A
ln_a91f87903f46,2022-07-31,0,127042.96,22.03,8213.81,11.328,36,5-10y,14.87,north,B
ln_9649a950f288,2022-04-30,0,57159.73,15.37,27999.27,10.575,60,10y+,14.27,east,B
ln_eca31f6bb097,2023-03-31,0,83221.5,33.51,13206.39,13.546,36,10y+,22.7,east,B
ln_05e349dcdab0,2023-09-30,0,34879.24,26.06,3848.94,12.64,36,5-10y,14.74,west,B
ln_82bf3bc0037a,2022-06-30,1,43028.79,25.09,12530.25,13.599,36,1-3y,12.53,south,B
ln_4d36e8cd9479,2023-09-30,0,120201.48,32.01,22520.1,16.327,36,1-3y,8.77,north,A
ln_a0305faab084,2023-02-28,0,147129.3,23.3,35728.25,8.274,36,3-5y,11.49,west,B
ln_079952000423,2022-04-30,0,39203.48,18.05,11261.83,12.035,36,1-3y,10.44,south,A
ln_86ee22de3ab0,2022-03-31,0,52947.24,14.62,18124.6,12.35,36,1-3y,12.66,south,B
ln_3b331d7ad8a5,2022-01-31,0,75694.69,25.78,26279.8,12.069,36,<1y,9.62,west,A
ln_d51c92cce5b5,2023-04-30,1,67188.25,23.33,27131.63,12.006,60,1-3y,9.91,east,A
ln_21cde4fc6c61,2023-03-31,1,32778.33,17.34,14329.26,11.639,36,<1y,6.34,north,B
ln_b200fa67f1bf,2022-09-30,0,58254.1,31.61,10996.27,15.031,60,3-5y,10.32,west,A
ln_c8e9d340d3e5,2022-09-30,1,70159.82,42.82,24536.67,16.069,36,1-3y,32.69,west,A
ln_8f3153f7cca5,2023-09-30,0,148701.01,7.64,22146.25,7.332,36,10y+,11.41,east,A
ln_772c67474066,2022-02-28,0,71777.24,12.06,13482.75,11.713,60,3-5y,11.1,north,B
ln_cd7c7ff8955a,2023-07-31,0,41129.21,24.67,5099.16,11.946,36,<1y,8.28,east,A
ln_336b19227745,2023-01-31,0,99121.77,9.03,13514.92,11.834,60,3-5y,12.92,west,B
ln_a6ae805ff7e1,2022-07-31,0,121279.87,20.99,54913.29,12.117,36,3-5y,10.31,east,A
ln_550e5c2ad5b6,2023-07-31,0,46753.79,43.45,9368.74,19.161,36,5-10y,11.65,north,A
ln_0034f3bb06d6,2023-11-30,0,63845.85,18.18,14702.29,12.851,36,10y+,13.7,east,B
ln_dfdf4e561605,2022-01-31,0,68240.78,22.51,8684.34,13.098,60,1-3y,11.81,south,A
ln_4568fb916bf4,2022-12-31,0,50755.12,22.4,4661.41,10.174,36,5-10y,11.21,west,A
ln_fd844334b632,2023-08-31,0,55724.74,26.9,11721.33,14.988,36,3-5y,9.37,east,A
ln_9ad19c31d424,2022-09-30,0,48833.66,15.89,14474.94,8.816,36,1-3y,11.4,north,A
ln_790b7a4fd962,2023-01-31,0,51452.01,23.03,30899.32,17.374,60,<1y,13.39,east,A
ln_3f1d2bae33b3,2022-08-31,0,146698.53,0.54,9096.77,6.541,36,1-3y,9.83,north,B
ln_eff2b74a6b7e,2023-06-30,0,94243.07,26.81,7976.16,11.941,36,10y+,14.51,east,A
ln_efec86214048,2023-11-30,0,107295.44,13.28,8241.4,9.469,36,10y+,8.04,south,A
ln_f14b725e7922,2022-05-31,0,61093.32,15.47,15333.23,8.946,36,10y+,22.89,south,B
ln_079033a4b5cc,2022-02-28,0,39029.29,35.05,5595.28,15.836,36,1-3y,16.01,west,A
ln_c4725d1bda26,2023-05-31,0,40844.62,20.42,12393.09,14.301,60,<1y,5.92,north,B
ln_9f44d50fd67a,2023-02-28,0,51283.78,21.36,9459.25,11.896,60,5-10y,9.13,west,B
ln_e1bd05a9435a,2022-08-31,0,52816.78,20.35,22332.73,11.159,36,1-3y,11.66,north,A
ln_7b9be23bb263,2022-07-31,0,98592.24,25.99,11694.79,12.656,60,1-3y,11.72,west,A
ln_383aa63c38aa,2023-02-28,1,33682.95,17.12,12007.22,9.133,36,3-5y,12.81,south,B
ln_7aa574b48509,2023-11-30,0,45091.26,26.83,4372.17,13.095,36,5-10y,13.69,east,A
ln_a7e9a86fc3d1,2023-01-31,0,39474.56,22.5,37110.63,10.595,60,1-3y,25.48,west,A
ln_80e689313c37,2023-06-30,0,84043.16,32.03,11155.8,13.329,36,3-5y,8.49,south,A
ln_0ececd37b093,2023-06-30,0,94690.5,13.2,28776.94,7.413,36,1-3y,10.14,east,A
ln_881a41e2b61b,2023-04-30,0,40158.19,5.33,26422.59,6.381,60,3-5y,10.8,west,A
ln_faceddf76ed0,2023-06-30,0,164674.59,23.8,16010.41,11.695,36,1-3y,9.06,north,B
ln_2c11630af485,2022-08-31,0,104403.91,18.05,10921.41,8.724,60,1-3y,9.78,west,A
ln_90e9923695cb,2022-05-31,0,73415.39,24.73,18475.49,10.411,36,10y+,20.33,south,A
ln_30c6228a25df,2023-10-31,0,35658.61,30.73,13150.28,16.385,36,10y+,23.27,east,A
ln_051d81966e96,2023-05-31,0,58194.93,24.56,18930.18,11.763,36,<1y,11.12,east,B
ln_62a9449308aa,2023-08-31,0,81783.79,18.59,30087.68,11.996,36,5-10y,14.7,south,B
ln_d3919cc302e0,2023-11-30,0,93150.59,21.18,12800.39,12.2,36,1-3y,14.15,west,A
ln_6e587095eb60,2023-08-31,0,183467.76,0.8,37807.18,5.689,60,3-5y,8.15,south,A
ln_fa08df73e3df,2022-08-31,0,49806.24,23.79,24985.8,8.081,36,3-5y,19.01,east,A
ln_2163a362d0d5,2023-03-31,1,31790.9,29.95,12788.99,13.193,60,3-5y,8.2,east,B
ln_7f05dfe7d29a,2022-11-30,0,35390.28,22.61,10343.54,10.694,60,5-10y,18.26,east,B
ln_3ae7e28ef08b,2023-09-30,0,70932.92,21.0,13121.16,13.377,36,1-3y,8.01,south,A
ln_cd73e357765f,2023-01-31,0,73164.38,36.79,2972.64,18.84,60,3-5y,7.47,east,B
ln_47dca98aa3f9,2023-09-30,1,54375.85,27.65,26740.52,17.781,60,<1y,6.88,east,A
ln_624f4ed64724,2023-12-31,0,54309.56,9.7,4702.94,10.592,60,10y+,16.87,south,B
ln_62c11fa8e994,2023-12-31,0,23392.82,14.82,10159.78,9.861,36,1-3y,13.58,west,A
ln_c783142fd09a,2022-01-31,0,46705.16,22.91,7541.79,12.881,36,5-10y,8.16,north,B
ln_cd18fd6f58ba,2022-09-30,0,37376.48,26.59,2045.88,12.205,36,3-5y,9.03,north,B
ln_9a76cd5bedcb,2022-11-30,0,84657.86,26.86,6077.92,16.584,36,10y+,10.37,north,A
ln_bc8912f31907,2022-11-30,0,49094.58,8.79,20366.57,5.733,36,5-10y,14.06,south,B
ln_adc6f41c411d,2023-04-30,0,68668.7,26.62,12732.47,16.619,60,3-5y,26.74,north,A
ln_b7500f03f841,2022-12-31,0,98149.13,26.64,15667.15,9.938,36,5-10y,9.04,south,B
ln_8e9c4baa6fe3,2023-03-31,0,27726.59,21.5,12342.25,8.111,36,10y+,16.94,south,A
ln_c65f62e11495,2023-05-31,0,138356.31,19.96,11403.48,14.874,60,1-3y,7.32,south,B
ln_e1487a86921e,2022-04-30,0,68764.86,32.45,8183.66,13.502,36,3-5y,18.45,south,A
ln_a604a2a43bfe,2022-03-31,0,72183.97,22.05,13565.95,13.886,36,5-10y,21.02,north,B
ln_0e406b07fe93,2022-06-30,0,76321.35,18.39,18606.63,12.23,36,1-3y,21.1,west,A
ln_de8db249a5ff,2022-11-30,1,105729.29,20.44,22618.28,14.359,36,<1y,4.74,north,B
ln_13413a212425,2022-05-31,0,75134.03,26.28,14672.05,19.365,60,3-5y,10.97,east,B
ln_8db7f0a19ac6,2023-07-31,0,95493.81,31.06,7116.83,16.724,60,5-10y,10.28,north,A
ln_3a80583c4f86,2022-04-30,0,21799.96,16.38,8432.24,6.034,60,3-5y,22.98,west,B
ln_6074a90694eb,2023-07-31,0,25673.39,19.88,19187.56,16.116,60,1-3y,12.67,east,A
ln_00e9ddd4e2d9,2022-07-31,0,36467.32,29.3,39899.42,11.124,36,10y+,20.97,south,B
ln_d35bcb6059b6,2023-03-31,1,25597.92,37.06,24127.1,16.615,60,10y+,16.69,east,B
ln_7255d80c150a,2022-03-31,0,92203.27,16.09,35956.94,8.871,36,5-10y,9.24,south,A
ln_2bd779b34895,2022-04-30,0,45048.32,7.62,11089.46,4.915,36,10y+,15.3,south,A
ln_32f766a0a389,2022-12-31,0,67927.76,17.53,38359.59,9.269,36,3-5y,9.2,west,A
ln_67d1e717e22f,2022-06-30,0,52541.83,24.67,9706.73,14.198,60,3-5y,25.14,east,A
ln_9c012ebe20ca,2022-02-28,0,83194.22,23.83,4695.72,10.83,60,10y+,22.06,west,A
ln_b1fa3cff2589,2022-02-28,0,88452.51,20.62,5594.54,12.282,60,5-10y,10.31,east,B
ln_8fd01d2c2645,2022-03-31,1,42680.3,33.48,12269.42,13.721,36,1-3y,12.26,south,A
ln_d71a189ef5ac,2022-09-30,0,80319.29,19.36,8817.08,12.946,60,1-3y,11.41,south,A
ln_f9a8bb6b1a85,2022-08-31,1,80562.95,36.59,33327.5,15.778,60,1-3y,8.67,east,B
ln_eed4a09c2b17,2022-06-30,0,49117.36,13.52,30631.45,10.036,36,<1y,8.35,east,A
ln_e8c7f471fa89,2023-04-30,1,37787.11,27.99,19758.99,14.05,36,3-5y,21.2,north,A
ln_4362ac6feb7b,2023-10-31,0,66033.74,20.3,14551.94,12.369,36,1-3y,12.64,east,B
ln_28e028a8d27f,2022-12-31,0,90192.42,27.44,56654.84,18.6,36,3-5y,11.34,south,B
ln_c4284e8a353a,2023-04-30,0,39433.99,19.93,27740.74,12.555,36,3-5y,19.29,north,B
ln_37a043e8ca81,2023-07-31,1,36605.51,22.9,11749.43,12.737,60,<1y,7.82,west,B
ln_2db0d998e342,2022-04-30,0,59033.97,17.76,20485.02,9.689,36,10y+,17.18,north,A
ln_df570e393c64,2022-12-31,0,51387.26,29.25,6273.71,17.536,36,10y+,13.5,west,B
ln_3d1869f01133,2022-06-30,0,84437.68,22.63,9554.78,11.077,36,1-3y,8.89,west,A
ln_8c1dbe97017f,2022-07-31,0,52316.67,10.59,7794.21,10.905,36,1-3y,14.64,west,A
ln_b7e4bba20035,2022-03-31,0,53533.82,9.3,15651.07,7.759,36,10y+,14.05,west,A
ln_6aa95bd8a264,2022-09-30,0,57637.5,8.56,15294.29,10.389,36,10y+,14.45,north,A
ln_629cfede2790,2023-08-31,0,30485.24,22.57,17570.12,13.048,60,1-3y,14.82,south,A
ln_3b8d96d1313a,2022-11-30,0,54913.21,13.12,33493.12,11.418,36,3-5y,11.13,west,B
ln_c0e54348be9f,2023-12-31,0,176869.12,32.58,17696.46,13.992,36,<1y,10.05,south,A
ln_56ea75697a21,2023-10-31,0,64379.08,20.68,29177.64,10.252,36,10y+,12.79,north,B
ln_173572b7d8f5,2023-09-30,0,104336.98,23.19,14590.69,10.953,36,10y+,19.9,north,A
ln_428cbc4b32f5,2023-09-30,0,42902.04,22.01,34680.22,12.714,60,1-3y,16.33,north,A
ln_8420f58fea50,2023-11-30,0,71760.31,19.35,51341.25,8.76,60,3-5y,9.13,east,B
ln_68f6336bcf6f,2023-04-30,0,93018.72,6.54,15008.87,3.5,60,10y+,23.56,north,A
ln_39cce2a8984e,2022-01-31,0,29163.77,9.38,23465.25,15.002,36,5-10y,8.7,west,A
ln_9ebaaf772b55,2023-01-31,0,91593.37,23.37,8763.78,13.24,36,1-3y,8.2,west,A
ln_b343fbe6c9b1,2023-09-30,0,46689.51,29.31,28511.52,13.462,36,5-10y,10.88,east,A
ln_b678b51f4dea,2022-07-31,0,90596.4,14.1,35045.61,10.339,36,10y+,11.06,west,B
ln_4185813099aa,2023-12-31,0,69834.06,30.69,23763.28,13.371,36,3-5y,7.92,south,B
ln_33378f2df403,2023-12-31,1,98883.59,33.19,8218.66,19.942,36,3-5y,10.3,north,B
ln_803eee30b684,2022-01-31,0,32826.28,8.08,27532.91,6.589,36,1-3y,16.56,west,B
ln_0d45f2e460c5,2023-05-31,0,62305.36,11.82,9910.53,7.513,36,<1y,16.97,south,B
ln_7984231c18a4,2023-08-31,0,37872.42,30.45,12916.5,11.807,36,3-5y,10.07,north,A
ln_eb9ce8c15494,2022-06-30,0,39706.18,13.41,4705.37,11.271,36,<1y,7.46,east,A
ln_e35dd733778e,2022-10-31,0,62233.75,12.13,71682.34,8.095,60,3-5y,13.86,south,A
ln_cf3d4b4741ed,2023-03-31,0,62051.07,23.35,10107.31,16.403,36,3-5y,9.77,east,A
ln_894dd3009ff5,2023-12-31,0,47906.99,30.92,37560.56,15.355,36,3-5y,12.87,east,B
ln_4963bb9ff494,2023-12-31,0,70582.09,11.71,15146.36,11.039,60,3-5y,9.67,west,A
ln_fcf93c0c4026,2023-12-31,1,48948.62,23.54,9368.69,13.333,36,5-10y,9.86,south,A
ln_afd784de02ec,2022-10-31,0,32690.18,14.8,17631.62,15.392,36,<1y,3.0,north,B
ln_c964d3223357,2022-05-31,0,55057.87,16.31,24202.63,10.847,36,<1y,10.56,north,A
ln_98e2fc0563cd,2023-04-30,0,17458.3,28.44,7458.88,10.575,36,5-10y,7.81,north,A
ln_3d5e3e611372,2022-04-30,0,87889.42,24.2,8017.9,14.181,36,10y+,9.32,south,A
ln_1b11e7aa9eae,2023-01-31,0,46480.91,21.3,8397.42,12.242,36,5-10y,16.54,south,B
ln_119b5aa44612,2023-09-30,0,72947.37,26.18,4579.87,15.727,36,5-10y,14.46,west,A
ln_cdf742f30454,2023-07-31,0,59851.92,27.77,10913.96,10.601,36,<1y,9.74,south,B
ln_403c3cb4ed7e,2023-08-31,0,87894.9,27.82,20492.03,9.785,36,3-5y,26.27,north,B
ln_d8313691af1d,2022-10-31,0,67049.92,9.63,17405.85,10.638,60,3-5y,11.17,north,A
ln_893bf53b1c9f,2022-09-30,0,44947.0,14.91,15414.21,10.95,36,1-3y,17.55,east,A
ln_9e0f4b46d573,2023-06-30,0,47382.71,14.39,18434.77,9.438,36,<1y,13.73,south,A
ln_e564df6ac4fe,2023-01-31,0,45336.87,10.2,14987.99,14.847,36,5-10y,9.37,south,A
ln_3977b748df2d,2022-03-31,0,159028.35,23.49,4489.33,9.987,36,10y+,20.31,west,A
ln_45cd9220dc21,2023-06-30,0,61618.89,14.2,22252.07,11.304,60,1-3y,10.19,north,B
ln_4c49c904e5ab,2023-05-31,0,64634.03,24.57,34135.8,11.257,36,1-3y,14.4,east,A
ln_5f6e009d90b4,2023-11-30,0,68754.08,16.25,9727.06,10.51,36,3-5y,10.82,south,B
ln_531baac1f6e9,2022-03-31,0,140556.94,26.01,4499.12,14.285,36,3-5y,11.94,west,A
ln_5c46b5b56928,2022-02-28,0,95508.45,13.95,22154.16,6.425,36,3-5y,16.99,east,A
ln_6a94d2f7bd00,2022-02-28,1,130208.67,22.18,10070.81,10.966,36,1-3y,18.78,west,A
ln_4dbc54da6681,2022-07-31,0,66964.14,19.85,10858.6,8.257,36,10y+,12.51,north,B
ln_3731b58d4b63,2022-04-30,0,67304.62,9.33,11245.78,7.608,60,3-5y,14.25,west,A
ln_211c99f2b7a8,2023-10-31,0,47912.07,27.78,4779.43,11.938,60,1-3y,8.27,south,A
ln_356095aeb180,2023-03-31,0,65355.57,18.11,18297.59,13.044,60,3-5y,14.33,south,A
ln_2d76e82ad41f,2023-09-30,0,42200.46,24.44,18689.6,17.859,60,3-5y,13.33,east,A
ln_6a98ea250bb7,2022-08-31,0,79512.68,16.85,40112.07,11.8,36,<1y,8.65,west,B
ln_7f3bb51b4693,2023-08-31,0,33110.39,33.46,20092.4,12.086,36,10y+,13.0,west,A
ln_0ae4a9bcb341,2022-03-31,0,42474.35,5.57,49397.4,8.981,60,5-10y,12.82,west,A
ln_f4abb11182ee,2023-04-30,0,82983.51,25.22,9093.29,12.571,36,3-5y,8.67,south,A
ln_35270ec05405,2023-04-30,0,34275.86,16.55,16196.56,14.284,60,3-5y,9.21,south,B
ln_f63a907b0099,2023-04-30,0,43722.42,9.57,12931.11,7.449,36,3-5y,13.35,south,B
ln_c258d48f4c1f,2022-03-31,0,56196.2,8.58,19533.78,7.869,36,5-10y,13.91,south,B
ln_59356d28160b,2023-03-31,0,89223.09,5.47,12155.1,4.846,36,1-3y,8.49,east,B
ln_f5852ac58f92,2022-02-28,0,204625.27,8.08,15187.14,6.509,36,5-10y,12.28,north,B
ln_08e65d6f12a1,2022-04-30,1,69319.69,38.94,42216.92,15.717,60,1-3y,25.5,east,B
ln_0ab541c8e058,2022-07-31,0,53899.53,21.56,20710.85,12.934,36,1-3y,13.47,north,B
ln_06351595bc14,2022-01-31,1,71548.88,25.66,29897.03,11.909,36,1-3y,10.57,west,A
ln_546dbb278c74,2023-10-31,0,58587.49,30.0,24807.0,12.751,36,1-3y,17.43,south,A
ln_9027f8352782,2023-02-28,0,74591.02,13.41,35805.11,7.716,60,3-5y,17.41,north,A
ln_147b0cf5ccff,2023-09-30,0,74653.95,12.13,34929.9,7.399,60,1-3y,16.64,east,A
ln_912b2a77d088,2022-09-30,0,59072.73,22.2,6288.67,12.891,60,10y+,12.55,south,A
ln_f9809d27ad37,2023-04-30,0,60872.78,23.4,18599.79,12.816,36,1-3y,12.97,east,B
ln_0845f5a19333,2023-06-30,0,63106.02,26.12,17281.22,14.355,36,<1y,17.18,south,A
ln_242a51f13c6b,2022-03-31,0,113443.59,17.31,15436.79,11.408,60,1-3y,10.25,north,A
ln_c29b10a1504d,2022-10-31,1,63403.45,46.63,15103.59,18.236,36,<1y,8.44,west,A
ln_2d601957e1a1,2022-02-28,0,118459.98,26.55,13338.87,11.571,36,1-3y,13.11,west,B
ln_325232561c77,2022-02-28,0,81418.42,16.17,12771.81,11.596,36,10y+,11.69,south,A
ln_82b81a31e685,2022-12-31,0,114939.34,22.61,6135.63,9.571,36,1-3y,4.17,east,A
ln_c11153e7cbd4,2023-07-31,0,44909.86,26.21,18900.34,14.493,36,1-3y,12.77,north,A
ln_74a2942bb8b2,2023-01-31,0,76878.68,12.17,28213.93,8.564,36,<1y,16.19,west,A
ln_e848c06ae96a,2023-02-28,0,27994.99,17.06,18030.88,9.165,60,1-3y,10.04,north,A
ln_ddf8ed41039c,2022-02-28,0,92171.33,29.15,56291.59,15.543,60,1-3y,17.04,south,A
ln_a389030454e4,2022-11-30,0,85570.22,23.55,19400.59,11.636,36,5-10y,16.57,south,A
ln_69b052921b03,2022-12-31,0,86805.92,14.17,12495.62,9.445,36,3-5y,13.09,south,B
ln_85133cff1c1b,2022-08-31,0,62401.73,2.22,18700.65,6.27,36,<1y,16.08,east,B
ln_a45c7fcc3685,2022-05-31,0,79337.04,7.23,24150.88,7.948,60,5-10y,18.28,west,A
ln_80038f851487,2022-06-30,1,59235.86,25.69,15502.4,14.156,36,1-3y,10.4,west,A
ln_d529f8c0a431,2023-05-31,0,78269.08,16.98,13889.77,8.129,36,10y+,32.44,east,B
ln_32fe7cc0996c,2022-01-31,0,158040.54,9.66,13061.5,10.461,36,1-3y,7.6,east,B
ln_58104c11d413,2022-02-28,0,53965.21,28.97,10374.76,14.824,36,1-3y,10.47,north,B
ln_077887ce0339,2022-06-30,0,73882.16,17.49,26173.56,11.75,36,<1y,13.6,west,A
ln_bdbf6b4b2105,2023-01-31,0,122962.41,14.41,27325.89,10.242,36,10y+,12.51,north,A
ln_b82f0c49fa0b,2023-07-31,0,59229.4,13.26,53219.35,14.755,60,<1y,10.88,north,A
ln_e23e803c881d,2023-08-31,0,164338.11,18.02,55476.73,13.846,36,3-5y,11.48,west,A
ln_82d31d2f23ad,2023-03-31,0,37102.02,22.19,12017.5,12.24,36,3-5y,9.9,east,A
ln_b47a3851a3a2,2023-04-30,0,69864.4,20.67,16705.11,14.573,36,5-10y,9.67,east,A
ln_abde342b3252,2023-01-31,1,38972.34,22.44,14303.5,13.104,36,3-5y,10.55,north,A
ln_1f3560541c14,2023-04-30,0,125893.34,19.96,17909.06,13.408,36,10y+,21.95,south,A
ln_f20ed53e19d4,2023-06-30,1,71420.22,31.03,23530.95,12.914,36,<1y,12.08,east,B
ln_d845e047835c,2023-03-31,0,88415.87,29.87,11190.87,17.681,36,5-10y,13.75,east,B
ln_07a44f1d3374,2023-12-31,0,41154.7,17.93,8861.94,11.654,36,10y+,17.29,north,B
ln_2fc3342b9e2d,2023-07-31,0,36982.15,27.17,13848.56,12.674,36,1-3y,7.4,north,A
ln_d14216d094b8,2023-02-28,0,85426.71,19.84,14196.82,13.269,60,1-3y,12.76,east,A
ln_576b4f712d63,2023-06-30,0,66792.88,20.98,20862.03,11.769,36,5-10y,8.92,west,A
ln_415ac20a20c5,2023-06-30,0,51290.6,18.77,16151.71,13.039,36,<1y,12.22,east,B
ln_733131b454e9,2022-02-28,0,36954.75,10.75,25626.64,11.233,36,3-5y,14.64,west,A
ln_2b6efdffeb38,2023-01-31,0,45798.97,7.71,23696.76,6.481,36,1-3y,8.12,east,A
ln_9737b2a95e6e,2023-10-31,0,94694.98,27.36,9227.12,16.244,36,1-3y,7.01,south,A
ln_a9cfbcecead8,2023-04-30,0,54894.33,22.87,13985.07,10.54,36,5-10y,16.94,north,A
ln_57ce62287e95,2023-10-31,0,87420.58,5.59,10056.52,7.61,36,5-10y,18.09,east,A
ln_f76f893f8a9a,2023-06-30,0,34619.38,11.32,33487.79,6.808,36,3-5y,13.69,west,A
ln_17434d86d7fb,2023-03-31,0,179601.04,20.31,32995.31,11.45,36,5-10y,19.81,east,B
ln_2072476e6a32,2022-12-31,0,97780.77,17.77,13171.63,12.897,36,1-3y,7.07,east,A
ln_c7e11aed1024,2023-12-31,0,40031.16,18.31,13043.05,9.428,36,10y+,14.88,north,A
ln_5e9f70dcdfb9,2023-02-28,0,84175.95,11.52,10339.33,12.379,60,1-3y,10.17,east,B
ln_16ce07da21dd,2022-05-31,0,114940.05,18.34,12965.19,12.348,60,5-10y,24.22,north,B
ln_2f02bb3199fd,2022-05-31,0,36693.81,29.79,28184.63,14.248,36,1-3y,15.09,south,B
ln_05531d6dd8c0,2022-09-30,0,91714.58,24.93,56874.54,12.225,36,1-3y,6.85,east,A
ln_9781e57604ad,2023-01-31,0,153356.14,15.14,7734.86,10.959,36,5-10y,10.23,north,B
ln_cfcbba75c544,2022-09-30,1,45793.25,36.09,39047.23,16.988,60,3-5y,9.67,south,B
ln_eb62d35ba05d,2023-04-30,0,79076.02,4.61,19014.29,7.0,36,10y+,24.4,west,B
ln_33591bd2f3be,2022-03-31,0,67198.92,27.93,14757.27,19.313,60,3-5y,9.16,west,A
ln_253f2a0c728d,2023-01-31,0,63943.06,25.42,8914.4,12.908,36,3-5y,17.36,north,B
ln_396aeb327251,2023-01-31,0,65973.42,21.71,21948.0,12.435,60,3-5y,13.04,west,B
ln_23290dd453b1,2023-09-30,0,63169.05,37.63,5247.15,18.367,36,1-3y,11.12,north,A
ln_f4e1b39223fd,2022-12-31,0,86348.37,27.36,8989.54,13.518,60,<1y,17.69,south,B
ln_ff1cefc9b746,2022-10-31,1,28030.28,33.38,13776.92,17.78,60,3-5y,8.26,north,B
ln_974839280044,2022-07-31,0,205421.75,22.87,37874.79,10.759,36,1-3y,21.13,north,A
ln_0f760533ebaf,2022-03-31,0,121576.06,24.07,4316.6,8.43,36,10y+,15.48,west,A
ln_bbe95d11ba7a,2023-11-30,0,38850.82,34.54,14331.96,14.91,36,5-10y,15.14,north,A
ln_7dd88d35f487,2023-06-30,0,82359.69,28.84,9316.73,14.048,60,10y+,14.61,west,A
ln_6207ec64c3a3,2023-08-31,0,64089.59,26.64,30265.63,14.646,60,10y+,21.22,south,A
ln_86e7e4be32bf,2022-08-31,0,57561.96,9.78,6167.08,11.994,36,10y+,12.22,south,A
ln_c01e6ddaf35e,2023-07-31,0,209224.51,19.31,16123.77,12.616,60,5-10y,14.15,north,A
ln_7ae6a37bc8b8,2023-02-28,0,49199.08,35.15,13186.39,13.309,36,<1y,3.39,south,A
ln_839ca7f65365,2022-04-30,0,43248.3,26.25,2742.13,15.912,60,3-5y,11.57,south,B
ln_abf43be1db4e,2023-08-31,0,62818.75,11.8,13661.72,8.223,36,3-5y,13.26,south,A
ln_f59ce5a3edf7,2023-02-28,0,65942.69,32.56,8098.01,19.276,60,1-3y,12.85,north,A
ln_b3b16f8ea2af,2023-11-30,0,44621.56,25.49,14689.98,13.318,36,1-3y,11.71,north,A
ln_e979a4961dcc,2022-01-31,0,86554.96,21.62,17168.73,16.143,60,5-10y,13.18,north,A
ln_c44c42d9b999,2023-05-31,0,49474.9,20.62,7596.15,12.8,60,5-10y,20.66,south,A
ln_d5c1a7ae950b,2023-08-31,0,90578.3,14.39,8436.06,12.49,36,10y+,16.79,south,A
ln_ddda5b8b8aaf,2022-09-30,1,52106.93,34.71,34575.44,18.708,60,10y+,12.49,east,B
ln_acb0607cc1bb,2022-02-28,0,87262.2,13.24,13364.71,15.845,60,5-10y,13.25,south,A
ln_b96c3af1b505,2023-05-31,0,31212.82,21.73,12902.37,13.79,36,5-10y,20.11,south,B
ln_6b32dc2704e3,2023-05-31,0,86688.5,20.02,5858.09,14.474,60,3-5y,7.96,north,A
ln_85863ce1b015,2022-02-28,0,106293.99,12.33,3927.5,6.923,36,10y+,21.21,east,B
ln_a2723edf4104,2022-07-31,0,114833.99,12.92,24639.48,8.63,60,3-5y,13.79,north,A
ln_47ac72742be4,2022-02-28,0,57397.17,21.76,13538.35,6.385,36,5-10y,27.35,west,A
ln_1a70ec89307a,2023-02-28,0,71419.91,32.41,11899.88,12.693,36,1-3y,10.1,north,B
ln_46b424c549d8,2022-10-31,0,61221.52,24.0,11478.15,13.943,60,10y+,11.75,north,B
ln_c2e8c9fbd54d,2022-02-28,0,46073.04,32.27,46364.64,15.039,36,3-5y,12.39,south,A
ln_bfaf7c79bd04,2022-08-31,0,77347.73,26.09,8115.71,13.051,36,3-5y,7.76,east,B
ln_8b2f4b84446a,2022-07-31,0,105854.28,20.45,6706.94,11.585,36,3-5y,11.27,north,A
ln_a5c3fc407877,2023-08-31,0,83675.43,12.82,12355.04,8.475,60,3-5y,17.82,east,A
ln_5cb757f62ed0,2022-05-31,0,149579.05,29.3,12585.85,12.75,36,5-10y,7.85,west,A
ln_720a35bd06f5,2022-06-30,0,29769.33,22.25,24295.93,13.879,60,3-5y,9.96,east,A
ln_bb9d7c266a61,2023-07-31,0,62743.41,24.31,30057.55,11.64,36,3-5y,9.7,west,B
ln_8777079a448c,2023-11-30,0,28358.67,20.46,47037.03,8.848,36,5-10y,39.29,north,B
ln_ad207a030c95,2023-04-30,0,51503.77,18.34,7684.62,11.299,60,10y+,11.09,south,A
ln_2dc23bee5bbc,2023-12-31,0,51523.94,34.4,12411.75,15.62,60,1-3y,10.14,east,A
ln_ff40e8a94ce8,2023-12-31,0,61800.59,12.57,17866.48,11.017,36,5-10y,9.63,west,A
ln_21214af393e1,2023-10-31,0,173327.46,27.91,46403.95,13.789,36,5-10y,10.33,north,B
ln_8257e0e4f864,2022-05-31,0,28500.06,29.43,13425.11,14.786,36,3-5y,24.59,west,A
ln_2878b412451a,2022-04-30,0,57800.32,12.47,3892.67,10.488,36,5-10y,18.1,west,A
ln_b1b5ff9b91cd,2023-10-31,0,134359.24,28.67,21766.57,12.972,60,10y+,14.26,north,A
ln_289cdb765766,2023-11-30,0,71639.46,31.02,22958.49,14.003,60,1-3y,9.86,north,A
ln_1a0057b81671,2022-04-30,0,120335.4,16.58,7567.48,11.899,36,<1y,9.7,south,A
ln_875260d27727,2022-11-30,0,54331.17,28.42,10019.9,10.198,60,10y+,16.05,south,A
ln_d1a8bc0626c6,2022-10-31,1,49934.8,32.31,9047.98,15.4,60,3-5y,13.4,east,A
ln_e5291665fba0,2022-03-31,0,30542.96,13.16,21544.52,10.044,60,10y+,18.17,south,A
ln_df6a0dfc8588,2022-03-31,0,46772.23,28.95,19066.41,13.908,36,1-3y,10.26,east,A
ln_edd747f1ea82,2022-05-31,0,94886.0,39.49,4739.44,16.919,36,<1y,9.06,south,A
ln_60dc0ddc8731,2022-05-31,0,78613.04,22.72,24031.31,14.593,36,5-10y,23.0,west,B
ln_00ff3a17eaad,2022-01-31,0,77132.29,21.68,9074.99,12.79,36,<1y,6.01,south,A
ln_aabd3c8b921e,2022-02-28,0,57336.5,11.65,18355.64,5.439,36,3-5y,20.65,east,B
ln_4abdd530bc6f,2023-10-31,0,67769.91,27.38,8603.41,11.184,60,5-10y,9.93,east,B
ln_c9a4e9279d67,2023-03-31,0,26326.53,5.36,13291.99,6.824,60,1-3y,12.43,east,B
ln_c9a0db82c794,2022-07-31,0,45101.37,28.84,15661.39,12.855,36,10y+,20.28,south,A
ln_b56974367e18,2023-04-30,0,44267.97,25.16,10388.2,12.205,36,1-3y,12.67,east,A
ln_4eda007aea8b,2022-02-28,0,114617.82,27.43,9942.08,11.91,36,10y+,16.41,east,B
ln_d9416eaa5fb7,2022-03-31,0,33562.03,25.25,22565.57,12.322,36,5-10y,13.34,east,B
ln_77f3d8f2d0c3,2022-03-31,0,72379.97,29.96,3905.53,14.246,36,5-10y,10.2,south,A
ln_ef41d1c006ff,2023-02-28,0,46068.88,20.35,6099.89,11.59,36,10y+,17.95,east,A
ln_a50fb61901bc,2022-04-30,0,32605.68,26.59,13172.39,12.63,36,5-10y,9.57,east,A
ln_3e6949d5ea6a,2022-12-31,0,60369.82,27.71,7466.36,16.452,36,10y+,11.2,south,A
ln_c0a096d491fe,2023-12-31,0,42840.97,31.75,15743.66,14.595,36,1-3y,17.23,west,A
ln_36c8ef3d5143,2023-08-31,0,44054.25,18.85,12490.61,8.29,36,1-3y,12.28,west,B
ln_cb09d448138f,2022-03-31,0,85776.1,38.33,56691.48,15.985,36,1-3y,15.05,south,A
ln_f25ed02a0f4e,2023-02-28,0,65876.05,13.14,9935.5,6.762,36,1-3y,9.86,north,B
ln_4e2ceee15a42,2022-05-31,0,39811.25,30.73,7257.95,15.593,36,10y+,17.91,east,A
ln_c12a877d6a28,2023-04-30,0,132841.69,30.8,11452.84,15.368,36,3-5y,14.29,east,A
ln_1d9fa3550295,2022-12-31,0,151190.28,11.89,25706.78,6.716,36,1-3y,18.05,south,A
ln_4a0bc423bdee,2022-06-30,0,62951.8,15.02,29327.29,11.521,36,1-3y,12.72,west,A
ln_cb4874460245,2022-07-31,0,43199.73,15.64,12365.79,10.465,60,5-10y,17.6,north,B
ln_9fdb76fde0d4,2022-02-28,0,77489.81,25.74,24101.08,14.76,36,1-3y,5.75,east,A
ln_bbbefa440d11,2023-09-30,0,30211.94,19.55,7964.0,12.961,60,5-10y,16.49,north,B
ln_4d554803f4ce,2023-11-30,0,42433.19,28.3,9806.76,12.881,60,1-3y,17.79,east,A
ln_1df77d09d463,2022-05-31,0,33822.36,0.5,12161.25,4.404,60,5-10y,14.82,east,B
ln_4bc76991d879,2022-04-30,0,68396.67,30.92,14420.27,14.578,60,10y+,19.56,south,A
ln_fc16401daf29,2023-01-31,0,73828.29,13.29,20784.88,9.383,36,3-5y,11.36,north,A
ln_eabd0b41c435,2022-06-30,0,79465.01,9.63,14998.35,9.895,36,5-10y,17.3,south,A
ln_3758ae0fd89e,2022-12-31,0,67443.42,28.36,7566.46,17.806,60,3-5y,16.2,north,B
ln_c0f84acd3c66,2022-03-31,1,35975.51,29.03,21612.53,12.849,36,5-10y,10.65,west,A
ln_b2eaf881cc84,2022-01-31,0,42223.8,11.93,14777.18,6.528,36,3-5y,16.0,east,A
ln_52d32b4de7f9,2023-05-31,1,65186.38,12.4,15158.57,11.507,36,3-5y,11.54,south,A
ln_b738cbf83945,2022-10-31,0,93299.95,25.39,22725.82,14.73,36,3-5y,12.19,east,B
ln_5cd8f3a68231,2023-10-31,0,49841.16,17.06,12884.92,9.818,36,1-3y,11.92,west,B
ln_f908ef807457,2022-05-31,0,30954.54,30.42,8391.97,11.978,36,5-10y,14.09,south,B
ln_e88b3db95f34,2022-09-30,0,95011.05,5.21,33216.33,9.606,36,5-10y,14.85,west,A
ln_86ed9d09fdc8,2023-04-30,1,33707.3,35.05,12900.23,21.943,60,3-5y,8.53,west,A
ln_0fe715b8aac5,2023-11-30,0,57953.49,16.12,38997.58,8.346,36,10y+,14.61,north,B
ln_8f5690b1346e,2023-08-31,0,26115.89,28.25,16936.6,17.435,36,5-10y,14.43,south,B
ln_403b9ea04180,2023-01-31,0,69988.12,3.5,22351.95,4.461,36,1-3y,22.14,west,A
ln_91047b6d0d95,2023-07-31,0,54835.95,32.82,22578.11,17.68,60,1-3y,13.72,east,A
ln_3c47c2baeb01,2022-09-30,0,107696.29,14.93,11943.86,10.005,36,<1y,13.74,south,B
ln_d46839e38354,2022-08-31,0,53486.19,14.9,40674.57,9.388,36,3-5y,23.39,west,B
ln_051b54c3abae,2022-03-31,0,68502.65,26.69,6373.29,13.833,36,3-5y,9.34,south,A
ln_fc355d99914f,2023-05-31,0,49853.22,38.65,17169.8,20.875,36,5-10y,11.17,north,A
ln_ef9cdafd5f76,2022-12-31,0,29746.51,27.17,19245.7,14.683,36,3-5y,7.7,east,A
ln_164857ae03cb,2022-04-30,0,50079.5,15.74,9349.86,5.17,36,5-10y,16.18,north,B
ln_428e35be5de3,2023-10-31,0,89757.72,20.45,13010.22,10.933,36,1-3y,12.1,south,A
ln_1bbf3591a5cb,2022-10-31,0,91527.45,26.14,8428.3,13.312,36,1-3y,21.78,east,A
ln_47526b6236fd,2023-03-31,0,46573.55,7.34,10215.61,8.87,36,10y+,20.07,north,A
ln_22423dd5bd6f,2023-04-30,0,54395.09,22.4,13701.78,7.617,36,<1y,22.2,south,A
ln_3e14c1bb6d37,2022-10-31,0,47896.5,37.41,26016.23,15.466,36,10y+,14.68,east,A
ln_f92aaec7fed5,2022-12-31,0,78717.66,20.59,21705.48,14.349,60,3-5y,9.15,west,A
ln_23511683374f,2022-09-30,0,59378.92,21.56,15682.36,7.025,36,1-3y,15.17,south,B
ln_9b8c491e89a3,2022-09-30,0,30177.68,24.12,12072.21,14.334,36,1-3y,8.57,east,B
ln_e7792af3521b,2023-02-28,1,52305.67,38.67,10674.41,16.15,36,10y+,13.1,west,A
ln_e599e782f3eb,2023-04-30,0,44053.76,19.6,10722.52,12.729,60,1-3y,14.0,east,B
ln_b2721ad04307,2023-03-31,0,98508.74,28.21,6048.12,15.4,36,5-10y,13.17,south,B
ln_6428c3612cb8,2022-02-28,0,66241.99,22.11,1389.62,12.552,36,10y+,21.6,north,A
ln_9c101520e384,2022-10-31,0,129035.04,23.09,30568.28,15.035,36,1-3y,5.87,west,A
ln_68cabeb99d10,2022-03-31,0,55718.47,18.42,13393.45,11.482,36,<1y,17.34,east,B
ln_de6cf72154f3,2022-03-31,0,100926.21,19.53,4530.32,9.742,60,3-5y,13.11,south,A
ln_33a2eb4e294f,2022-02-28,0,50860.59,21.48,10068.76,15.73,36,1-3y,7.8,north,B
ln_d1f0981cb5f6,2023-11-30,0,102261.24,13.4,19258.76,11.754,36,1-3y,7.81,south,B
ln_b24391520d28,2022-10-31,0,77592.58,22.39,9709.21,11.036,36,3-5y,26.39,north,A
ln_130fe32f4869,2023-04-30,0,37007.4,31.33,10531.91,15.233,60,1-3y,21.7,west,A
ln_040fb9470b2e,2023-02-28,0,52820.85,32.31,16476.78,17.491,36,1-3y,13.11,west,B
ln_90f7e11941a0,2023-03-31,0,31292.0,21.97,31610.2,15.765,60,10y+,14.23,west,B
ln_359037477756,2023-12-31,0,33181.52,22.13,9087.21,14.907,60,1-3y,13.99,west,A
ln_d8f8d50225dd,2023-08-31,0,91432.11,1.98,10872.75,7.727,60,<1y,10.51,south,B
ln_03465dc2ca82,2022-03-31,0,32408.04,16.53,7965.37,7.867,36,5-10y,12.85,south,B
ln_ac13136e7997,2023-03-31,0,58045.11,24.93,10705.09,11.942,36,1-3y,26.13,east,B
ln_e10e12cd2839,2023-03-31,0,102943.58,25.41,7824.25,12.7,36,1-3y,10.04,south,B
ln_ceeeacb19cf1,2022-03-31,0,49569.06,36.7,10751.85,20.486,36,3-5y,7.84,south,B
ln_f1804ce5ba97,2022-08-31,0,75167.02,25.43,28681.2,12.642,60,10y+,23.55,south,A
ln_5cca456e7887,2022-03-31,1,83497.45,39.15,31017.81,17.912,36,1-3y,4.12,west,A
ln_7cea5284419c,2023-03-31,0,30406.58,27.87,12914.58,11.81,36,10y+,18.64,west,A
ln_1c80bbd5f014,2023-07-31,0,82060.51,22.53,37080.6,12.547,36,3-5y,11.49,north,A
ln_52d24f9f2a68,2023-04-30,0,86810.0,18.07,10910.71,12.27,36,1-3y,10.59,west,A
ln_57ab2fcabece,2023-01-31,0,33514.54,32.36,8127.86,15.201,36,5-10y,11.82,north,A
ln_a7f7a6326218,2022-07-31,0,20649.22,24.46,6907.08,12.096,60,3-5y,11.54,west,B
ln_0e9ea77b14bf,2022-06-30,0,57197.67,18.25,26011.23,7.386,36,1-3y,13.15,north,B
ln_d63e64d421b8,2022-11-30,0,97389.68,25.33,5413.62,7.388,36,5-10y,19.17,west,A
ln_c70aa7d2826e,2022-10-31,0,91166.07,21.94,31598.9,10.43,60,10y+,21.83,east,A
ln_0d00975fe87e,2023-12-31,0,43408.61,14.58,25557.03,11.341,60,5-10y,12.9,north,B
ln_10dbe6d750d0,2023-09-30,0,50955.57,39.73,9640.34,17.659,36,5-10y,8.27,south,A
ln_415047793c03,2023-03-31,0,113630.4,20.82,10151.82,15.085,60,3-5y,20.85,east,B
ln_dd8b6b001011,2022-06-30,0,24475.62,21.88,29458.77,12.145,36,<1y,25.58,north,A
ln_5d54f0c05f52,2023-05-31,1,98469.11,32.14,33307.47,15.087,60,1-3y,17.26,east,A
ln_6576d8c52342,2023-02-28,0,103251.93,8.94,5018.99,9.111,36,10y+,12.05,east,A
ln_e0205ce22404,2022-04-30,0,79687.05,8.84,31534.71,9.809,36,3-5y,10.94,east,A
ln_2b1a58198d36,2023-09-30,0,56003.43,18.84,13364.28,12.785,36,1-3y,10.78,west,A
ln_4826a89c53c7,2023-03-31,0,55814.4,35.09,5172.22,10.396,36,3-5y,14.25,west,B
ln_ed33e105167a,2022-03-31,1,60580.47,35.59,29653.24,16.507,36,10y+,15.95,west,A
ln_010fafb74dc1,2023-05-31,0,106800.57,18.56,17236.7,14.542,36,1-3y,9.26,south,A
ln_8ff76c5b09a1,2023-05-31,0,37312.71,24.57,22193.17,11.829,60,1-3y,11.97,north,A
ln_a456e3f827ac,2023-02-28,0,22261.45,9.92,8631.23,6.032,36,10y+,26.11,west,B
ln_7d09b531f97d,2022-11-30,0,60414.18,6.8,18329.69,9.586,36,5-10y,17.69,east,B
ln_fe70454feaf0,2022-02-28,0,83207.29,24.53,3034.4,14.245,36,5-10y,21.69,north,A
ln_82f34e0dd2c2,2023-07-31,0,129190.47,24.99,13866.0,12.216,36,1-3y,8.52,north,B
ln_59cdc789c0da,2023-05-31,0,87277.39,16.47,6498.47,8.153,36,5-10y,9.44,east,B
ln_6168b5ab2186,2023-05-31,0,103204.41,11.24,5713.22,9.834,36,3-5y,16.1,west,B
ln_6194724fdb44,2022-11-30,1,53461.79,29.76,6475.59,14.234,60,3-5y,9.01,east,A
ln_52be723910ae,2022-03-31,0,104141.79,20.05,17703.85,12.429,60,3-5y,10.27,west,B
ln_1d4c6db1a202,2023-11-30,0,62021.91,27.08,15035.37,16.433,60,1-3y,10.34,east,A
ln_272bade57bbe,2022-06-30,0,59003.12,29.33,13812.5,11.576,36,5-10y,10.96,east,B
ln_b964926970fa,2023-03-31,0,64575.48,22.08,34200.51,10.958,36,5-10y,13.14,east,A
ln_ea505f9795a6,2023-05-31,0,39752.28,22.77,11926.74,13.285,36,5-10y,11.11,north,B
ln_f7cfdc31ad31,2023-01-31,0,89392.63,36.92,7779.95,17.174,60,1-3y,14.02,east,B
ln_c112ff638106,2023-07-31,0,125750.22,5.74,24942.2,5.268,36,10y+,19.11,north,A
ln_d130ac40d958,2023-10-31,0,63405.41,13.17,20337.76,8.21,60,3-5y,8.52,west,A
ln_1f2ceb2a3525,2023-03-31,0,89314.7,17.61,19550.35,7.984,36,1-3y,13.01,north,A
ln_d6174eb14ce4,2023-02-28,0,83362.09,25.57,8438.01,13.78,36,10y+,12.87,west,A
ln_7d86c3605fdb,2023-07-31,0,74112.72,20.62,18401.38,7.501,36,10y+,13.07,east,A
ln_605b2d98e0a5,2022-11-30,0,46000.95,3.95,28341.92,8.208,36,5-10y,18.55,north,B
ln_ec333c313265,2022-07-31,1,74095.36,26.94,19780.35,13.595,36,10y+,15.76,north,A
ln_36d304a6a49c,2023-03-31,0,58504.2,20.89,13493.95,8.173,36,1-3y,6.93,south,A
ln_d8d0c8e07095,2023-10-31,0,92943.61,15.9,18421.54,9.07,60,3-5y,14.45,south,A
ln_aa0ecaa0a8f1,2022-06-30,0,101537.93,30.88,15706.46,15.804,36,1-3y,9.39,north,A
ln_bed87e47e428,2023-11-30,1,59355.38,12.12,19731.51,9.788,36,<1y,7.14,east,B
ln_4eac41ef3e5c,2023-07-31,0,47240.96,13.19,21216.18,7.68,36,5-10y,16.3,east,B
ln_9d118e0296d8,2023-08-31,0,54673.04,26.3,21340.11,12.961,36,1-3y,5.08,south,A
ln_b6e623ccda3e,2022-01-31,0,131918.59,19.5,9579.82,9.418,36,5-10y,16.25,south,B
ln_4c73f125437a,2023-11-30,0,84475.1,27.74,9623.49,14.715,60,5-10y,11.3,east,B
ln_b45001fa6ff1,2023-08-31,0,72384.01,19.55,15378.37,14.676,36,3-5y,16.35,east,A
ln_bed1fa122d82,2023-07-31,0,146397.06,4.78,9425.67,3.5,36,10y+,26.15,west,B
ln_e4fac26305d8,2023-12-31,0,28334.71,23.74,7426.37,8.147,60,10y+,15.13,south,A
ln_082a6c1cb502,2023-04-30,0,53922.22,16.95,21879.62,13.281,36,5-10y,15.51,east,A
ln_d00906d68be8,2022-06-30,0,48074.22,22.12,15620.6,17.304,36,1-3y,8.58,east,B
ln_107b0c762b23,2023-03-31,0,69814.76,8.45,20326.54,7.716,60,5-10y,14.79,north,B
ln_0228bd0a6617,2022-10-31,1,46449.51,29.54,63680.84,14.223,36,5-10y,9.21,north,B
ln_8af0e5e9d2e7,2022-09-30,0,58902.84,27.58,12627.08,12.7,36,<1y,18.58,east,A
ln_dfa0b6101f6d,2022-08-31,0,54676.96,13.66,12032.39,9.992,36,5-10y,16.59,south,B
ln_d937a4409f91,2023-07-31,0,113935.76,14.36,4116.67,11.005,36,5-10y,11.45,west,B
ln_7442d71722c9,2023-07-31,0,41717.14,26.53,30703.59,16.388,36,1-3y,12.64,south,A
ln_95ef8fa3892c,2022-03-31,0,26465.22,19.86,14516.07,12.289,36,3-5y,14.05,north,A
ln_9cdaf7b0d17d,2022-03-31,0,37160.52,31.58,32290.61,16.504,36,10y+,12.09,north,A
ln_eec387618d4f,2023-04-30,0,54332.66,5.96,13605.77,6.619,36,1-3y,16.1,north,B
ln_4ccdea3ed845,2022-07-31,0,58763.21,33.08,18033.4,16.462,36,3-5y,9.12,south,A
ln_6117e5355272,2023-12-31,0,42120.13,16.22,30164.32,9.448,36,1-3y,23.19,east,A
ln_611479b38e3d,2023-02-28,0,47305.81,11.99,12515.02,9.995,36,3-5y,10.67,east,A
ln_8c790a81739f,2023-03-31,1,30848.91,23.17,26012.87,12.975,60,1-3y,14.49,south,A
ln_e36f24ecc370,2023-10-31,0,58427.7,8.44,8385.19,11.103,36,10y+,12.67,east,B
ln_f616a8c7a2fb,2022-10-31,1,51955.9,41.15,18668.42,15.978,36,10y+,11.71,west,B
ln_f7608dfab907,2023-03-31,0,39720.58,8.54,19657.9,7.187,36,1-3y,14.42,east,A
ln_9394fe4ea21b,2023-11-30,0,36074.93,26.71,14372.66,14.841,36,3-5y,8.44,south,B
ln_68e0f9c76204,2023-01-31,0,47959.55,15.47,9659.56,9.194,36,1-3y,14.2,south,B
ln_c6153e655784,2022-07-31,0,83411.47,17.33,10633.17,9.947,36,1-3y,19.13,east,A
ln_d906de2d150d,2022-02-28,0,44473.83,13.72,6913.13,10.399,36,1-3y,16.16,west,B
ln_a28c2a0efc77,2023-07-31,0,74531.74,8.92,14326.61,9.852,60,5-10y,19.0,south,A
ln_ca3800ea0e85,2023-08-31,0,91206.48,17.3,19871.71,13.81,36,<1y,3.8,south,A
ln_4105635c775f,2022-02-28,0,54080.46,25.36,3262.05,11.34,36,1-3y,8.52,south,A
ln_3616521a5d9d,2022-05-31,1,84264.17,12.99,15796.95,15.404,36,3-5y,12.52,north,A
ln_9602d9b29191,2022-10-31,1,78569.63,17.68,23068.4,9.303,36,1-3y,11.38,west,B
ln_73cdd90429a2,2023-05-31,0,160251.83,16.8,15587.01,9.699,36,1-3y,6.43,south,B
ln_79f5b8f80216,2022-10-31,1,45027.21,33.55,18136.08,14.086,60,3-5y,16.66,east,B
ln_60753afded88,2022-11-30,0,29266.15,32.59,11298.73,17.856,60,10y+,11.77,west,A
ln_29956c7483c5,2023-09-30,0,125188.21,26.25,39254.73,13.546,36,3-5y,13.58,north,B
ln_7bdf923d731f,2022-04-30,0,61483.18,15.62,15631.73,8.424,36,<1y,18.07,south,A
ln_da1832584f6c,2023-01-31,0,63592.19,22.51,24659.91,14.468,60,5-10y,7.15,south,A
ln_afda558d3360,2023-08-31,0,48147.59,11.39,10603.33,5.524,36,5-10y,13.32,north,B
ln_5a26c34429a7,2022-03-31,0,46733.96,19.04,18355.96,13.677,36,<1y,9.04,north,B
ln_cbea3662deb1,2022-02-28,0,60607.98,4.88,7612.86,8.229,60,1-3y,7.6,south,A
ln_74ba6a48c8f6,2022-12-31,0,38031.09,18.22,10970.15,13.204,60,1-3y,14.01,north,A
ln_c47eee74aeb5,2022-12-31,0,39315.28,20.91,23766.47,14.168,36,1-3y,6.93,south,B
ln_0f3aa817f02f,2023-07-31,0,84843.82,17.12,32486.88,9.152,36,3-5y,11.15,west,A
ln_d0d173288185,2023-01-31,0,50459.57,13.75,22276.76,11.461,36,1-3y,4.4,south,B
ln_8008d4d8dbb5,2023-08-31,1,63168.64,30.36,31432.44,20.408,36,10y+,15.65,west,B
ln_f05d0d1e15a5,2023-03-31,0,46218.81,8.31,4028.81,9.044,36,5-10y,12.09,west,B
ln_2f8644c5702f,2023-02-28,0,89953.1,23.65,10599.69,13.168,60,1-3y,10.37,south,B
ln_865c15ef5ec5,2023-01-31,1,72205.08,33.2,4105.18,17.531,36,1-3y,8.34,west,A
ln_f47e546349c3,2023-04-30,0,57851.49,32.71,17132.11,10.34,36,1-3y,12.26,east,A
ln_0bf19af3cd09,2023-12-31,0,115545.26,37.53,36680.55,20.534,36,<1y,6.86,west,A
ln_bbf871717c13,2023-07-31,0,124985.63,23.94,13194.04,8.892,36,5-10y,11.0,south,B
ln_926be05117d2,2023-09-30,0,41687.1,22.36,14402.71,6.183,60,10y+,19.05,south,A
ln_785b1318d5f3,2022-02-28,0,40640.76,26.13,7493.88,14.836,36,5-10y,15.7,south,B
ln_9f6d0eeb3583,2022-08-31,0,53306.04,11.52,17956.04,7.241,60,3-5y,12.54,north,B
ln_7c2d2786ef1a,2023-05-31,0,64615.64,30.86,12304.47,13.557,36,3-5y,10.68,east,A
ln_35d46ea88d93,2022-02-28,1,47218.64,35.78,47974.0,13.274,36,<1y,12.08,west,B
ln_7e5c88f660be,2023-03-31,1,97641.34,35.36,33434.43,13.435,60,10y+,23.36,west,A
ln_6c21c26cca7e,2023-02-28,0,45115.28,29.72,13784.5,14.027,36,1-3y,8.8,east,A
ln_db41fb9887a8,2022-08-31,0,100744.13,19.4,8243.47,11.093,60,10y+,17.99,east,B
ln_b11e3b059930,2022-07-31,0,86096.06,21.72,37115.39,11.863,60,<1y,6.1,west,B
ln_e4f0e231240b,2022-03-31,0,54558.61,16.24,14035.92,8.04,36,10y+,15.33,east,B
ln_fef75b91f0ae,2022-02-28,0,38960.18,17.59,13252.16,8.025,36,10y+,12.6,south,B
ln_db5a7eb987c4,2022-10-31,0,74669.87,15.4,6653.76,11.638,36,<1y,8.06,east,A
ln_d90479bdea00,2022-07-31,0,63403.47,28.99,12250.99,15.721,60,5-10y,14.14,east,B
ln_4a04aefbb56d,2023-05-31,0,87624.26,27.19,5898.05,12.26,36,<1y,6.39,north,B
ln_1ae1883cfbf6,2022-04-30,1,76819.32,23.37,29010.94,16.731,36,3-5y,16.02,north,A
ln_5462c735ca94,2022-01-31,0,98022.75,21.17,9307.86,13.394,36,3-5y,12.23,east,A
ln_22b70b03e264,2022-12-31,0,46856.6,29.05,43541.25,14.257,36,10y+,15.93,east,B
ln_51fa2987cab1,2022-11-30,0,113714.1,27.42,14967.19,14.862,36,5-10y,16.45,north,A
ln_e36c174c7a1b,2023-11-30,0,33669.04,12.14,9679.39,12.801,60,<1y,5.43,east,A
ln_97e5398170a3,2023-12-31,0,80779.69,8.01,6083.48,12.829,36,3-5y,9.75,north,A
ln_07eb55051aca,2022-04-30,0,56055.14,21.69,10457.71,9.606,36,5-10y,15.59,east,B
ln_04cd92898f75,2022-12-31,0,49457.38,17.92,20352.0,6.26,36,5-10y,13.69,south,A
ln_d8561b879140,2022-03-31,0,75192.92,22.37,7947.24,15.233,60,1-3y,8.12,west,A
ln_6b30764bf91b,2023-06-30,0,20150.17,25.94,26515.06,13.946,36,5-10y,9.58,south,B
ln_a27e1f4205c6,2022-10-31,0,54489.77,11.96,13919.48,5.794,36,1-3y,15.51,west,A
ln_a09f881c74be,2022-08-31,0,90777.79,19.83,29495.91,11.122,60,10y+,11.56,east,A
ln_329f27a9c763,2023-07-31,0,72370.41,31.82,24928.04,17.832,60,10y+,19.87,east,B
ln_2ea35198f312,2023-05-31,0,39846.43,20.91,13838.79,10.315,60,10y+,11.51,south,A
ln_29d95fe9d058,2022-01-31,0,61425.94,20.07,8048.8,12.595,36,1-3y,15.62,east,B
ln_237a21e686b2,2022-01-31,0,103059.15,11.97,12681.3,7.14,36,<1y,21.19,south,B
ln_16f9cce2497b,2022-01-31,0,46728.11,33.8,7571.81,14.728,60,3-5y,16.88,north,B
ln_4ffd336e612a,2023-04-30,0,135619.01,17.84,18761.97,10.833,36,<1y,16.27,north,A
ln_50d5dc4cde75,2022-02-28,0,48524.6,0.5,10582.68,4.89,36,3-5y,15.96,east,A
ln_aeecc8215fe0,2022-12-31,1,61735.23,28.58,22093.26,14.862,36,3-5y,10.96,east,B
ln_e6895b860f82,2023-09-30,0,64767.84,23.67,19513.3,12.318,36,10y+,19.06,west,A
ln_95cc78b0bdef,2022-03-31,0,33721.65,13.63,14801.44,10.264,36,<1y,11.13,south,A
ln_5d5df4bf0499,2023-01-31,0,85668.11,14.59,3597.54,13.161,36,1-3y,7.77,south,B
ln_20436a374bfb,2023-10-31,0,39591.32,18.74,18447.84,9.598,60,3-5y,7.85,east,B
ln_d89e68925d54,2022-06-30,0,76672.57,22.21,12441.8,12.217,36,1-3y,8.42,west,A
ln_81889aa0ee2e,2023-05-31,0,39148.52,34.86,17157.1,11.823,36,10y+,15.88,west,B
ln_f4c456e7c206,2023-03-31,0,78293.73,20.95,9676.17,9.112,36,1-3y,14.28,north,B
ln_5e771a586b67,2022-06-30,0,205768.48,23.33,28117.5,11.177,36,10y+,14.44,north,A
ln_8c665f1708a8,2022-12-31,0,84777.66,13.26,9356.62,9.251,60,10y+,15.58,north,B
ln_05547a79e587,2023-03-31,0,42693.78,29.38,15176.02,8.788,36,1-3y,18.0,south,A
ln_1048b4173b8c,2023-12-31,0,87157.4,21.31,10913.1,17.337,60,1-3y,6.17,west,A
ln_1a8effb9d756,2023-12-31,0,25280.33,18.41,21120.77,10.894,36,1-3y,16.11,north,A
ln_c2e01ff7bfaf,2023-11-30,0,57429.75,28.16,11543.18,14.776,36,3-5y,11.49,east,B
ln_85cde9a4a421,2022-03-31,0,84574.77,28.26,8001.21,16.166,36,1-3y,8.08,north,B
ln_cc0b9ffbf62d,2022-12-31,0,54723.33,28.76,5462.39,13.45,36,3-5y,13.49,east,B
ln_68d34140b392,2023-05-31,0,136995.17,2.81,15051.76,4.634,36,10y+,12.3,east,B
ln_3034df123815,2023-06-30,0,62509.68,20.72,16349.75,13.064,36,5-10y,21.2,south,B
ln_1d7a4d60a6e9,2022-12-31,0,72167.39,23.99,8618.65,16.346,60,1-3y,15.54,south,A
ln_2a7fed489064,2022-08-31,0,36651.9,15.82,28759.93,12.08,36,1-3y,14.64,north,A
ln_61467bdebf7a,2023-09-30,0,83505.58,25.28,19077.5,9.993,36,3-5y,14.42,east,B
ln_241fb1da5149,2023-11-30,0,46978.51,11.26,20075.96,9.402,36,5-10y,11.47,south,B
ln_91ce6b6c3fe0,2023-01-31,0,56396.48,41.83,11622.63,15.766,36,1-3y,12.01,east,A
ln_6630ef1ee559,2022-07-31,0,103970.86,30.09,5595.03,12.114,36,5-10y,15.62,south,B
ln_32475d4ff8e4,2023-12-31,0,45205.93,20.11,9833.07,11.897,36,5-10y,15.7,west,A
ln_698a354d22c7,2022-07-31,0,93438.34,9.14,9210.03,10.051,36,1-3y,5.38,south,A
ln_ed9dedea4e06,2023-05-31,0,30673.28,23.9,9010.21,18.465,36,5-10y,13.75,south,A
ln_646d90416d8c,2023-04-30,0,62383.99,20.01,31027.26,9.951,36,<1y,11.07,east,B
ln_6e77fb78a54c,2023-07-31,0,64887.57,20.09,14009.47,12.837,36,1-3y,6.12,north,A
ln_28296a102ba8,2022-01-31,0,73899.24,25.81,22927.23,14.228,36,10y+,10.82,north,B
ln_dd37fcd93152,2022-04-30,0,67445.79,23.56,9456.68,15.564,36,1-3y,8.81,south,B
ln_165d53285e73,2023-04-30,0,145389.75,19.07,8897.46,16.734,60,3-5y,6.11,east,A
ln_d511c4c9ea03,2023-06-30,0,59041.04,11.52,20231.1,6.824,36,10y+,21.08,north,A
ln_39277c86450f,2023-01-31,0,78288.96,22.77,11143.77,8.201,36,1-3y,21.8,south,A
ln_7e9b3b70db39,2023-08-31,0,88959.19,26.71,7577.29,14.971,36,<1y,5.8,south,A
ln_242ae2a3194f,2023-11-30,0,62376.62,11.89,9780.01,7.674,36,5-10y,8.69,west,B
ln_6970abc28321,2022-01-31,0,217274.99,15.17,9147.38,11.966,36,<1y,5.91,west,B
ln_ae2a7ba819ba,2022-06-30,0,62138.7,21.3,13553.08,11.834,36,3-5y,8.67,east,A
ln_5a317a79ed74,2023-04-30,0,42695.29,16.69,11595.23,8.465,36,10y+,28.59,south,B
ln_72597c76e7e4,2023-06-30,0,138113.49,31.03,15529.55,17.728,36,1-3y,8.01,north,A
ln_fa33fd011c39,2022-11-30,0,74278.26,17.1,8180.13,10.02,36,3-5y,7.03,south,A
ln_403e5828b59e,2023-06-30,0,97656.65,21.47,12487.91,10.221,36,1-3y,10.0,east,B
ln_ec720b55c325,2023-10-31,0,91382.08,12.43,9565.25,9.074,60,3-5y,14.92,west,A
ln_ce6f23f9c51c,2023-12-31,0,45531.72,19.98,34958.95,9.01,36,1-3y,12.29,west,A
ln_cc144c41cd37,2023-03-31,0,84257.65,19.04,11013.98,13.998,36,3-5y,8.53,east,A
ln_a3295814f0fa,2023-09-30,0,29053.64,29.75,12302.69,14.444,36,<1y,10.41,south,B
ln_0ceaf2f6df1f,2023-12-31,0,73827.36,7.91,5579.1,7.001,36,10y+,7.97,west,B
ln_640dbaf266e2,2023-08-31,0,96742.89,13.62,9250.81,9.711,36,1-3y,7.14,west,A
ln_eb55346bc109,2022-06-30,0,39255.92,10.08,13982.78,12.313,60,3-5y,8.6,east,A
ln_cf87db8a5610,2023-03-31,0,75942.96,14.61,18163.93,7.747,36,5-10y,14.16,west,B
ln_6c2b452e19b9,2023-08-31,1,25340.3,26.61,11592.15,8.0,36,1-3y,15.89,east,B
ln_2be3b7a5f35d,2022-03-31,0,65234.15,22.42,12830.27,9.994,36,10y+,11.42,north,B
ln_7c5c693017d1,2022-10-31,0,54982.27,24.52,11560.28,16.987,60,10y+,12.99,north,B
ln_9181403aedc4,2023-12-31,0,56668.28,18.5,60641.94,16.758,36,3-5y,9.72,north,A
ln_af09134310e2,2023-09-30,0,93016.66,18.67,17086.77,11.166,60,5-10y,11.59,west,A
ln_d121becf2cb9,2023-02-28,0,53986.11,29.21,36713.21,14.016,36,<1y,11.47,north,B
ln_0d767ef4bcfa,2023-11-30,0,79273.92,4.08,15599.62,6.934,36,3-5y,23.43,north,A
ln_d000a2451415,2023-12-31,0,38960.14,23.58,7627.15,8.916,36,10y+,15.84,south,A
ln_972be5a166bf,2023-10-31,0,39572.12,20.51,18990.08,9.279,36,5-10y,16.68,north,A
ln_474d7e6d0642,2023-03-31,0,50827.02,19.31,14720.17,9.563,36,10y+,21.35,north,A
ln_9e173a71804e,2023-08-31,0,97807.82,10.31,7386.18,13.76,36,1-3y,10.5,east,B
ln_7e2d73b0384a,2022-07-31,0,48279.26,27.63,15040.39,13.224,36,3-5y,15.11,west,A
ln_a3cf533a84d5,2022-10-31,0,88369.27,13.69,28014.64,11.472,60,5-10y,18.35,north,A
ln_8164262ccfe0,2022-10-31,0,37845.45,30.96,18110.97,11.127,36,3-5y,13.5,east,A
ln_9f1648e03426,2023-04-30,0,87341.85,9.37,57740.08,8.284,36,5-10y,14.41,east,A
ln_106523007b3b,2022-09-30,0,81829.58,18.1,12395.53,11.811,36,5-10y,17.45,south,A
ln_606b8bd4c47d,2023-07-31,0,86896.11,4.94,11305.05,8.601,36,3-5y,6.4,north,B
ln_ab1df1031732,2023-10-31,0,103793.21,23.58,13262.42,11.04,36,5-10y,23.91,west,B
ln_0d2ae1a25e98,2022-12-31,0,104402.86,24.08,25323.78,13.775,36,3-5y,8.97,east,A
ln_e1193808047c,2023-05-31,0,82650.31,27.81,8173.11,12.783,36,3-5y,26.86,south,B
ln_06b63ef68214,2022-07-31,0,54841.56,24.96,54118.74,10.872,60,1-3y,10.55,south,A
ln_d7fa86ee7ed3,2022-02-28,0,101243.79,22.98,13601.29,9.41,36,1-3y,11.22,west,A
ln_ffd4372d602f,2022-05-31,0,37962.39,31.19,12330.51,17.922,60,3-5y,12.21,north,B
ln_4d7f027f3640,2022-04-30,1,59876.19,29.87,27754.49,17.963,36,1-3y,6.22,west,A
ln_80a8220d9ad6,2022-07-31,1,38126.69,25.35,9112.31,11.352,36,10y+,20.25,west,A
ln_99d2acb9c1e0,2022-02-28,0,39176.69,13.72,4936.04,10.908,60,10y+,18.28,west,A
ln_c0394c01635b,2023-08-31,0,52034.63,15.99,26803.06,12.127,60,1-3y,15.55,east,B
ln_35056f5a670a,2023-03-31,0,72103.9,9.38,6309.75,7.14,36,10y+,8.24,east,A
ln_420fd83c3f48,2022-11-30,0,70248.04,2.12,24828.57,5.678,36,3-5y,9.13,south,A
ln_adb7d5196c9b,2023-04-30,0,35599.81,21.58,17410.59,9.175,36,5-10y,16.39,west,B
ln_47287bdeaf0c,2023-09-30,0,48527.71,20.03,14357.32,7.259,36,1-3y,5.37,west,A
ln_03bce6f91987,2023-08-31,0,95153.61,31.09,24300.23,15.195,36,1-3y,10.24,north,A
ln_35c29921343b,2023-06-30,0,40069.99,39.63,12166.06,19.307,36,5-10y,13.92,east,A
ln_a6744e8c0a12,2023-07-31,0,63234.26,16.36,31169.21,10.481,36,5-10y,10.05,south,B
ln_5f1138716e65,2022-07-31,0,138980.45,15.45,7307.9,13.019,36,10y+,18.95,east,A
ln_63041a5a1a9f,2022-07-31,0,79650.18,28.31,24732.11,11.495,36,10y+,24.78,east,A
ln_58dd4e963198,2022-07-31,0,95244.06,31.11,20078.26,13.329,36,1-3y,8.94,south,A
ln_81295f4709a2,2022-09-30,0,51684.98,22.15,7762.92,11.382,36,5-10y,16.7,south,B
ln_43e9177e0e05,2022-01-31,0,75556.27,13.77,6882.28,10.09,60,5-10y,13.6,west,A
ln_315617203bb5,2023-08-31,0,79262.05,26.07,13189.04,10.677,36,3-5y,16.1,south,A
ln_d30e0dc10df4,2023-09-30,0,57701.97,27.19,34469.28,14.475,36,5-10y,16.16,east,A
ln_f5efd0b08049,2023-11-30,0,128132.37,7.78,23783.67,3.5,36,5-10y,24.83,east,B
ln_ad3683dbfa2b,2023-06-30,0,100241.34,34.91,14783.99,16.523,36,5-10y,16.55,west,B
ln_a0c3d782422c,2023-07-31,0,53365.49,18.96,26505.38,14.569,36,5-10y,13.28,north,B
ln_e47a8025fcb5,2022-11-30,0,96998.35,13.64,8038.92,3.5,36,5-10y,23.2,south,B
ln_7d93f5993d0e,2023-01-31,0,53324.73,9.43,10307.26,8.818,36,1-3y,9.34,north,A
ln_371ff9665a5b,2023-04-30,0,43131.32,18.53,21760.13,7.662,36,5-10y,10.45,north,B
ln_33b2f41c731b,2023-07-31,0,79887.12,25.43,18845.81,13.157,60,1-3y,11.62,south,B
ln_d0e1302e318f,2022-07-31,1,91318.98,15.28,3037.78,10.904,60,10y+,7.58,east,B
ln_d3b30ccf2168,2023-06-30,0,43981.25,26.42,22883.82,10.847,36,5-10y,23.98,south,A
ln_a0c47f135d08,2023-01-31,0,111589.06,20.98,18347.64,13.444,60,10y+,9.45,east,A
ln_537c9526f0ad,2022-12-31,0,81506.67,16.99,5856.11,10.592,36,<1y,8.23,south,B
ln_f6a00d2e4aa5,2023-05-31,0,35185.42,12.12,27584.97,6.476,60,5-10y,12.8,west,B
ln_68ef073e0e38,2022-10-31,0,80137.03,16.74,10604.07,10.527,36,5-10y,17.02,east,A
ln_a90d56ac4265,2023-11-30,1,41782.38,24.06,8827.95,15.063,36,5-10y,10.44,west,B
ln_8436bc9ec3c5,2022-01-31,0,86223.91,23.39,11024.11,10.821,36,<1y,17.5,south,A
ln_cae25118a1b5,2022-07-31,0,133409.96,14.25,7598.56,8.262,36,5-10y,17.61,west,A
ln_a91818a2f7cb,2023-02-28,0,76386.72,6.38,44382.42,3.5,36,1-3y,10.69,east,B
ln_f59ec232ed16,2022-05-31,0,42631.33,17.01,12470.41,12.555,60,3-5y,16.01,west,A
ln_bad44d1b4f4f,2023-05-31,0,80295.21,5.62,18635.58,3.5,60,5-10y,22.07,north,B
ln_12b822a6ec95,2022-07-31,0,43959.54,16.35,27276.75,11.464,60,5-10y,13.07,north,A
ln_77c3c329dd05,2023-07-31,0,29362.71,24.0,10280.77,12.975,60,1-3y,10.9,south,A
ln_55656899a775,2023-09-30,1,37287.93,21.35,24353.92,12.328,36,3-5y,12.3,south,B
ln_42c23641ec8a,2023-01-31,0,34358.44,18.97,25035.66,9.593,36,1-3y,12.84,north,A
ln_49ac717053c8,2022-09-30,0,35465.44,9.87,5325.92,11.169,36,5-10y,9.99,west,B
ln_4199b5a4904d,2022-06-30,0,112525.19,7.06,7255.33,8.774,36,1-3y,20.89,west,B
ln_8f044f144cac,2023-02-28,0,37205.54,21.26,3891.4,10.05,36,10y+,17.37,west,A
ln_a86399cd39a7,2022-03-31,0,71574.17,23.59,37691.66,15.424,60,3-5y,11.88,west,A
ln_9062dac914e9,2022-04-30,0,113157.93,19.07,17275.06,12.262,60,5-10y,12.33,south,A
ln_22cb7a4127c7,2023-07-31,0,43919.02,29.78,25777.72,11.726,36,5-10y,14.28,west,A
ln_58611349183b,2022-10-31,0,54165.96,24.87,23508.33,12.777,36,1-3y,23.22,south,B
ln_28580a95cab2,2023-12-31,0,78644.33,19.14,31152.87,11.771,36,3-5y,15.16,west,A
ln_461f13e05970,2022-02-28,0,65249.61,10.06,13261.74,9.417,36,1-3y,11.86,south,A
ln_fd9471a9b8bc,2023-08-31,0,101932.42,6.04,22795.03,5.729,36,1-3y,9.79,east,A
ln_a47bb644861f,2022-01-31,0,79993.21,19.66,10282.98,14.073,36,10y+,7.44,east,A
ln_9c0f8f351e35,2023-05-31,0,32801.5,20.79,16567.59,13.878,60,<1y,2.7,south,A
ln_5a39ca552659,2022-03-31,1,40330.16,34.94,6376.58,19.297,36,1-3y,12.88,east,A
ln_799c4230d120,2023-01-31,0,62804.33,26.67,9903.37,12.984,36,3-5y,12.01,south,B
ln_7a2fc189e40c,2023-08-31,0,36987.73,35.15,13915.5,13.746,36,<1y,14.6,south,A
ln_89d05abe5a8b,2022-03-31,0,50813.04,29.14,10118.36,20.135,36,10y+,14.12,south,A
ln_81d1d8e201f6,2022-08-31,0,93751.02,17.59,11408.45,12.083,60,<1y,15.04,north,A
ln_d3ba52847b5f,2022-05-31,0,65002.8,22.39,18371.49,11.319,60,1-3y,8.44,east,A
ln_4adfd1de80f4,2023-01-31,0,67224.23,15.9,33227.45,8.202,36,10y+,13.35,east,A
ln_6bc40b77d3b8,2023-07-31,0,80886.0,17.96,8155.06,12.817,60,10y+,10.13,south,A
ln_6ddd46a4af9c,2023-05-31,0,90115.45,6.07,13627.14,11.324,36,1-3y,11.33,south,A
ln_6b3eb0a77b81,2022-11-30,0,50638.04,32.18,22188.47,13.146,36,5-10y,14.36,south,B
ln_1d2f913ec40b,2023-03-31,0,133434.7,23.14,22434.47,12.69,60,5-10y,11.53,south,B
ln_02acc4b5b7b8,2022-04-30,0,31632.87,22.96,111563.76,13.692,60,10y+,13.25,south,A
ln_005e245e7cc8,2022-03-31,0,74754.49,31.97,18765.75,13.019,36,<1y,14.03,north,B
ln_a7253a43367e,2022-05-31,0,47852.54,14.79,38607.75,10.773,36,3-5y,12.12,west,B
ln_f43e6a5bfd55,2022-03-31,0,67561.96,15.51,32193.49,11.351,36,<1y,8.98,east,A
ln_2955b6592619,2023-07-31,0,49870.26,27.35,6967.72,12.955,36,1-3y,11.19,north,A
ln_8d47a59ce2a2,2023-07-31,0,55064.2,25.35,11442.84,13.902,60,10y+,11.88,west,B
ln_e6541ec915e3,2022-12-31,0,64965.69,11.58,11194.14,9.429,60,<1y,14.89,south,A
ln_f399c09cface,2022-06-30,0,41884.5,2.51,11742.33,3.5,36,10y+,12.54,south,B
ln_a79ec7a450cc,2022-07-31,0,77018.39,21.29,13304.85,10.863,36,3-5y,12.41,east,B
ln_e877c243d7d9,2022-01-31,0,54021.55,20.91,27055.91,11.971,36,10y+,9.4,north,A
ln_4479d372c302,2023-04-30,0,31456.48,33.1,4829.9,14.363,36,5-10y,16.9,east,B
ln_d9b4d93e6cad,2022-10-31,0,64063.19,26.3,15169.91,14.539,60,5-10y,34.73,west,A
ln_39d87efb8d6d,2023-05-31,0,45600.59,23.26,9872.52,12.817,60,10y+,14.54,west,B
ln_6495b013764f,2023-12-31,0,82634.23,13.21,32072.49,8.998,60,1-3y,7.53,south,A
ln_a7e47c427194,2022-02-28,1,46576.05,16.01,23462.05,10.195,36,1-3y,11.64,west,A
ln_85b762a31d71,2023-10-31,0,69343.86,14.26,11475.0,7.059,36,5-10y,9.88,north,B
ln_dee779e490bf,2022-10-31,0,63904.79,17.72,6004.98,10.714,60,1-3y,8.47,east,A
ln_ae0078cedfbb,2023-05-31,0,144309.06,5.29,25151.39,4.872,60,1-3y,15.01,south,B
ln_bac6ad778d87,2023-08-31,0,76715.82,24.85,15212.91,13.366,36,5-10y,8.58,west,A
ln_8d333c913710,2023-08-31,0,54719.2,19.48,12514.55,13.386,60,<1y,10.18,south,A
ln_e92820f50a5f,2023-01-31,0,116825.42,28.78,19423.88,12.106,60,3-5y,14.92,west,B
ln_a027a346083a,2023-05-31,0,34730.65,16.19,12186.48,12.761,36,10y+,14.83,north,A
ln_b17f46d4ea66,2023-07-31,0,71272.2,13.51,5309.18,6.799,36,5-10y,13.98,south,A
ln_60f785ab94aa,2022-12-31,0,88829.95,18.84,7146.88,10.532,60,10y+,15.64,east,B
ln_404d7fc46111,2022-03-31,0,45575.04,23.83,16701.23,15.425,36,5-10y,14.04,south,A
ln_5b32df60cbf3,2022-02-28,0,57820.18,7.89,13074.34,4.78,36,5-10y,8.7,south,A
ln_ebcc1b7a43b6,2022-02-28,0,61071.43,22.84,16414.98,14.982,36,3-5y,14.49,north,B
ln_411ece74302b,2023-11-30,0,63019.19,36.17,12564.98,18.756,36,5-10y,18.51,south,A
ln_63b54d0d5c35,2023-01-31,0,66034.48,19.39,17027.71,9.103,36,1-3y,10.31,east,A
ln_eff8232a7ad7,2022-03-31,1,47025.19,29.04,9148.21,17.322,60,5-10y,7.67,north,B
ln_310df71d8b5a,2023-04-30,0,82830.26,15.22,24353.8,8.238,36,5-10y,11.69,south,B
ln_9188b0a556c7,2023-07-31,0,47678.35,24.91,25221.28,12.85,36,<1y,5.92,south,B
ln_834531bbe692,2023-04-30,0,123151.93,20.25,5593.28,12.72,36,5-10y,11.93,north,A
ln_1f895e002a2a,2023-08-31,0,37358.2,26.3,16606.21,15.304,60,<1y,9.25,south,B
ln_141aa14d9d91,2022-05-31,0,34957.25,15.25,32517.34,11.179,36,5-10y,13.57,south,A
ln_18ba7c8716c0,2022-12-31,1,34899.6,36.69,25306.23,20.298,60,10y+,12.73,north,B
ln_093bfe1a1f24,2023-12-31,0,123314.59,27.12,14576.39,12.682,36,<1y,12.9,south,B
ln_6dc9769e6874,2022-11-30,0,101386.69,17.22,7643.82,11.294,36,<1y,5.89,west,A
ln_9a989a63e8a1,2023-05-31,0,51247.85,19.68,7605.82,15.042,60,1-3y,12.72,west,A
ln_a0c968de8181,2023-03-31,0,139568.0,23.07,23837.41,15.414,36,10y+,12.08,east,A
ln_38e557de3050,2023-01-31,0,80788.67,31.67,40137.2,13.635,36,1-3y,8.9,east,A
ln_99a00ca0776c,2023-10-31,0,47700.25,32.31,5031.91,16.531,60,3-5y,8.15,south,A
ln_433d7b0d2375,2022-04-30,0,76483.07,19.65,12749.52,10.978,60,1-3y,15.22,east,B
ln_c693f81ba519,2023-08-31,0,43522.04,7.02,9009.09,10.37,36,3-5y,13.4,east,B
ln_d9ee638cb987,2023-02-28,0,49452.36,11.0,10881.33,10.605,60,10y+,20.5,west,A
ln_7234f5e7b584,2022-01-31,0,56383.09,16.04,7638.41,10.344,36,10y+,11.11,north,A
ln_1f8538bbc6cd,2022-04-30,0,42524.76,13.94,30458.78,8.36,36,1-3y,11.28,south,B
ln_b21c9acedbbf,2022-11-30,0,38571.98,28.46,10952.77,11.28,36,10y+,26.72,north,A
ln_15a627a433e9,2022-03-31,0,32379.6,29.95,7369.86,14.211,60,3-5y,11.76,east,B
ln_614460e44f3b,2023-11-30,0,135091.2,20.79,11488.32,13.164,60,1-3y,11.83,east,B
ln_f967bba08c5e,2023-11-30,0,83521.81,25.46,4553.18,11.416,36,1-3y,14.77,north,B
ln_0aff29990881,2023-05-31,0,47996.52,17.41,4048.98,10.178,36,<1y,18.53,east,A
ln_4dc893800464,2022-01-31,0,43385.45,32.81,22670.28,15.934,36,<1y,14.3,east,A
ln_cf6fa3d71eba,2022-06-30,1,45991.49,37.94,44872.02,18.849,60,5-10y,14.84,east,A
ln_9377a6261b83,2023-12-31,0,62492.01,34.27,13947.91,17.358,36,1-3y,12.97,east,A
ln_cf2ba58ead01,2023-11-30,0,79780.59,12.57,8958.91,9.77,36,1-3y,13.08,north,A
ln_50e143a967cb,2023-11-30,0,62806.48,19.94,9865.79,10.728,36,3-5y,14.5,west,B
ln_6e1d560857d1,2023-02-28,0,46252.72,25.93,22514.94,15.486,36,<1y,14.12,north,B
ln_a3210f812057,2023-12-31,0,34274.78,10.97,16133.72,9.513,36,<1y,12.74,south,A
ln_811d67872047,2023-09-30,1,41592.1,26.54,31956.4,13.231,36,1-3y,6.09,west,B
ln_7ce1cb6bb3ce,2023-03-31,0,40014.88,36.21,24184.65,16.042,36,5-10y,26.33,west,A
ln_30f57e3725ff,2023-01-31,0,71685.58,16.33,10713.9,10.113,36,5-10y,18.03,south,B
ln_02bcce7ecbc7,2022-05-31,0,50186.58,24.23,13309.9,12.746,36,10y+,10.15,east,A
ln_05183eb07a9d,2022-09-30,0,62799.1,1.33,7136.54,6.408,36,<1y,13.97,west,B
ln_f2e614a4b464,2022-04-30,0,90821.65,12.24,8909.13,12.329,36,5-10y,8.09,west,B
ln_8e8443475ff2,2023-03-31,0,74704.28,35.19,9389.35,13.256,36,1-3y,15.84,east,B
ln_27e0fd616e41,2022-09-30,0,44787.24,16.3,12962.02,10.552,36,3-5y,11.15,west,B
ln_3c8d1786760c,2023-02-28,0,49230.59,27.13,5319.35,10.86,60,3-5y,18.32,east,A
ln_64f67132f5cd,2022-10-31,0,67781.02,30.54,17445.78,15.884,36,1-3y,7.71,west,A
ln_7037b989c37d,2023-12-31,0,91081.95,24.67,5004.96,11.882,36,5-10y,13.31,east,A
ln_ac3485b6d6df,2023-12-31,0,53277.91,32.16,13338.68,13.458,36,10y+,13.0,west,B
ln_76bbc8d88d69,2023-10-31,0,51937.78,23.13,26432.84,13.471,60,1-3y,13.14,south,B
ln_5823a1b85690,2023-05-31,0,83667.62,28.82,6129.09,10.949,36,10y+,17.01,south,A
ln_fc7e4366a642,2023-03-31,0,78120.65,17.29,20036.92,12.188,60,3-5y,7.64,west,B
ln_301216110e57,2023-05-31,0,91263.04,11.68,12046.29,9.61,60,5-10y,16.22,south,A
ln_8d77dc970b16,2022-01-31,0,81065.3,28.55,16449.72,16.502,36,1-3y,14.41,south,A
ln_7acb6467c8bb,2023-08-31,0,41655.15,30.16,5786.2,16.494,36,5-10y,15.62,south,B
ln_f2adadd8a6ed,2022-07-31,0,41927.64,26.24,5255.64,15.191,36,1-3y,9.78,west,A
ln_407e31305171,2022-07-31,1,69046.89,32.26,53267.46,16.02,60,3-5y,23.32,south,B
ln_65cfae00d866,2023-02-28,1,43931.06,32.56,17920.96,13.675,60,5-10y,14.57,west,B
ln_330159408c8e,2023-03-31,0,51338.35,13.33,23805.01,9.587,60,5-10y,9.53,north,A
ln_c1278ee7734e,2022-10-31,1,30536.79,40.45,25586.54,18.724,36,10y+,16.37,west,A
ln_e56dba09898b,2023-07-31,0,43803.6,24.07,8102.93,15.327,60,3-5y,15.06,north,A
ln_00316491a67e,2023-08-31,0,91195.95,0.5,7191.93,4.362,60,5-10y,10.73,north,B
ln_6afa60fe3cae,2023-06-30,1,238078.41,23.17,16875.64,12.616,36,5-10y,29.17,east,A
ln_138bfa9639e6,2023-03-31,0,42472.06,23.8,84104.09,13.454,36,5-10y,11.77,north,A
ln_43d289d1a7b6,2022-08-31,0,62764.68,23.21,11000.98,11.659,36,5-10y,9.84,north,A
ln_dfde62d484dd,2022-09-30,0,20618.98,17.1,10283.84,8.45,36,10y+,19.66,east,A
ln_eb3b5ead3653,2022-02-28,0,87889.94,18.71,46592.6,11.109,36,5-10y,16.68,north,B
ln_31fff77dd504,2023-07-31,1,37966.82,17.85,9612.28,14.562,60,5-10y,8.59,south,A
ln_835a5dffcc55,2023-01-31,0,82359.65,16.96,14377.3,8.174,36,10y+,11.76,east,B
ln_f5178af03511,2023-12-31,0,44878.82,19.16,27230.21,11.886,60,1-3y,12.55,west,A
ln_edf6c319ece2,2022-04-30,1,51255.37,12.79,14414.21,9.991,60,5-10y,7.36,north,A
ln_eda54e7ddca2,2023-12-31,0,107728.07,20.52,24609.27,11.659,60,3-5y,13.11,south,A
ln_058576e655e3,2023-03-31,0,50147.47,17.0,13961.86,8.942,60,1-3y,12.51,east,B
ln_5352bb3195e1,2022-10-31,0,38664.01,14.32,6704.91,11.561,60,<1y,13.16,south,A
ln_4ebde1aad192,2022-05-31,0,31158.56,21.35,15131.1,9.925,60,1-3y,14.66,north,A
ln_f03c37b202f8,2022-09-30,0,82934.16,22.84,64224.62,14.042,60,10y+,11.19,south,B
ln_1a1edb713f89,2022-08-31,0,130373.61,30.69,9622.0,16.745,36,3-5y,12.8,south,B
ln_b70d3bfee861,2022-01-31,0,75753.89,23.12,22563.21,7.949,36,3-5y,21.88,east,A
ln_a19dd4c11ecb,2022-06-30,0,47170.02,11.76,9783.14,7.077,36,10y+,10.66,south,A
ln_ee40e02f7e0d,2022-12-31,0,74403.87,16.52,19640.32,11.177,36,10y+,9.39,west,B
ln_428aadbe3d61,2022-08-31,0,28857.28,20.41,19469.53,11.11,36,5-10y,16.04,south,A
ln_d2b8e0e8ed1d,2023-03-31,1,77732.94,30.73,38736.31,13.936,36,3-5y,9.2,east,B
ln_b359f7a5aa54,2023-06-30,0,128140.47,22.64,6682.07,7.477,36,10y+,34.16,north,A
ln_c931abc3b397,2022-10-31,0,59319.66,21.13,4627.97,13.903,36,<1y,11.36,east,A
ln_3cab05c408ed,2022-12-31,1,106048.33,18.34,9795.53,11.361,36,1-3y,13.82,south,B
ln_456a72b95f3e,2022-09-30,1,86063.7,27.0,2851.62,14.383,60,1-3y,12.36,east,B
ln_1ec7b7f92854,2023-11-30,0,83772.5,26.5,8901.05,13.454,36,<1y,11.04,north,A
ln_da4ebb6d8430,2023-10-31,0,116620.86,21.19,14849.25,11.131,36,3-5y,21.59,west,A
ln_896bf34a2086,2022-06-30,0,43415.1,19.03,12520.0,13.056,36,1-3y,3.51,east,A
ln_fed8f476a36a,2022-07-31,0,41533.93,28.1,12804.31,13.904,36,1-3y,8.09,west,B
ln_33882f66cdb1,2023-05-31,0,97831.99,12.19,11922.19,8.038,36,3-5y,10.57,north,B
ln_21b6c8296f58,2023-11-30,0,70881.46,24.13,8589.72,18.437,60,5-10y,16.98,north,A
ln_5d536bc3d8ef,2023-11-30,0,19965.89,18.56,11611.44,13.547,36,5-10y,12.18,east,A
ln_7c2c7175c06b,2022-02-28,0,82150.41,8.39,9329.1,5.45,36,1-3y,10.25,south,B
ln_d7a38847061d,2023-02-28,1,51510.96,42.75,12016.68,19.826,36,1-3y,17.68,north,A
ln_38d264dad933,2023-09-30,0,62775.71,4.72,35275.13,10.384,60,5-10y,10.22,south,B
ln_cd3117c9d1d5,2023-06-30,0,34695.71,25.06,13390.8,10.092,36,1-3y,13.05,south,A
ln_6444c5de66a3,2023-03-31,0,29314.85,26.65,8073.07,11.986,36,10y+,10.67,south,A
ln_bfa733f22f3c,2023-03-31,0,50306.49,11.32,31788.29,5.768,60,3-5y,16.87,north,A
ln_f3ef66ec87cd,2023-10-31,0,114453.13,23.5,16345.95,14.248,60,<1y,9.2,north,A
ln_630af599a289,2023-08-31,0,67821.13,17.84,15821.89,14.617,60,<1y,7.6,south,A
ln_502d336c6d94,2022-02-28,1,76337.36,18.41,3492.58,16.96,36,3-5y,8.07,west,A
ln_59d8acd695b0,2023-01-31,0,56453.37,14.09,13622.52,10.73,60,5-10y,12.99,east,A
ln_e3c338130f98,2022-02-28,0,62334.21,21.36,22867.83,11.445,60,5-10y,15.77,north,B
ln_47123bccac93,2023-01-31,1,64523.52,21.1,16798.13,12.475,36,5-10y,10.99,west,B
ln_d21aea770326,2022-12-31,0,80839.85,20.22,22129.67,12.751,36,5-10y,11.31,north,B
ln_f888692edfcd,2022-03-31,0,50023.7,19.68,17369.63,9.574,36,<1y,17.71,north,A
ln_5bd03d0a0e58,2023-08-31,0,69492.15,27.06,8354.92,14.527,60,5-10y,15.0,west,A
ln_eaf9359c263e,2022-10-31,0,22834.9,25.2,7899.84,13.754,36,1-3y,14.62,north,B
ln_8a8ef3fa7805,2022-06-30,0,80870.22,31.85,25711.59,18.741,36,1-3y,9.2,west,A
ln_0c46261e6670,2023-12-31,0,48503.39,30.4,18890.47,15.052,60,<1y,9.19,south,B
ln_657d81dc5493,2022-09-30,0,22909.44,19.73,11334.36,11.696,36,1-3y,19.15,west,A
ln_a80e3c0d3e7f,2022-12-31,0,54396.49,19.0,14651.69,8.388,36,1-3y,10.34,west,A
ln_b1952d16b480,2023-06-30,1,65553.42,27.24,56692.33,15.503,60,3-5y,17.07,north,A
ln_f1f82dec88fa,2023-02-28,0,69522.97,15.08,14900.92,9.915,36,<1y,18.92,east,B
ln_d5608d74718f,2022-01-31,0,37726.9,25.35,23783.0,13.496,36,1-3y,8.93,south,A
ln_8a2567d93478,2023-06-30,0,49718.87,19.79,18746.13,9.344,36,5-10y,15.63,east,B
ln_348183bad136,2023-08-31,0,62742.5,11.49,26614.83,9.218,36,1-3y,9.57,west,B
ln_e870d1f38558,2023-03-31,0,44398.47,24.09,44453.47,14.346,36,<1y,12.23,east,A
ln_f4ec80302e7d,2023-02-28,0,61316.39,9.43,4708.35,7.459,36,3-5y,13.35,south,B
ln_d551f1756fd0,2023-11-30,0,42150.84,20.89,20682.29,10.986,36,10y+,14.07,west,A
ln_d1b617ffcb39,2023-11-30,0,60608.12,25.32,23538.33,13.113,36,1-3y,10.08,south,B
ln_f741cb39cc53,2022-12-31,0,65822.29,10.78,15115.31,7.749,36,<1y,9.01,east,A
ln_cc1e8c99339a,2022-01-31,0,63930.07,30.43,8165.01,17.739,36,3-5y,11.8,south,A
ln_8627ee21988e,2022-07-31,0,65807.83,30.58,9539.45,11.825,60,1-3y,15.9,south,A
ln_d97fb3d214e6,2023-09-30,1,58965.09,29.12,16831.31,17.888,36,<1y,8.16,east,B
ln_c28d1393de3b,2022-05-31,0,79203.0,20.41,21805.3,11.823,36,5-10y,19.31,east,B
ln_f11a49338382,2022-10-31,0,31584.66,17.77,9941.25,11.66,60,3-5y,16.31,south,B
ln_dd41cc46d820,2023-08-31,0,56840.27,16.94,13176.58,10.619,36,10y+,9.16,east,A
ln_5fb1e06dfdba,2022-01-31,1,47309.23,24.4,5431.59,17.396,60,5-10y,10.42,south,A
ln_67ce97f7b4cb,2022-07-31,0,49204.71,18.61,6854.98,11.593,36,5-10y,12.17,west,A
ln_f95cb389ea97,2023-12-31,0,59421.08,26.46,14967.3,14.74,36,1-3y,17.51,south,A
ln_846cf64b8ba4,2023-08-31,0,169936.27,9.52,9895.27,8.919,60,1-3y,14.03,south,B
ln_df3971162d09,2023-03-31,0,26255.45,32.5,7757.49,16.243,36,3-5y,17.04,north,A
ln_4a02ff201f97,2022-06-30,0,165207.97,20.54,19114.18,12.108,36,10y+,12.34,west,A
ln_3d0a5fef5dfe,2023-01-31,0,125635.55,14.14,21576.3,10.833,60,<1y,12.24,north,B
ln_34af31881fe5,2022-02-28,0,53040.67,16.8,7431.54,6.208,36,1-3y,19.87,north,A
ln_8c925b04ddee,2022-10-31,0,72686.46,15.64,10388.65,9.419,36,<1y,9.98,east,A
ln_3802e0695d60,2022-11-30,0,94000.04,29.1,25225.88,15.418,36,5-10y,18.99,south,A
ln_6936ddbfeb3e,2022-08-31,0,29088.24,28.28,25015.7,15.448,60,<1y,4.88,east,A
ln_7b18ad6b3878,2022-01-31,0,72732.22,10.87,9668.84,11.611,36,1-3y,12.59,south,A
ln_82730ccf41c5,2023-04-30,0,98492.19,27.37,8417.61,11.766,36,10y+,19.26,south,A
ln_7ff3130c0fff,2023-06-30,0,50696.52,20.64,10939.33,7.85,60,5-10y,28.99,north,B
ln_871fc0478fa3,2022-08-31,0,58741.57,19.57,19928.67,13.368,36,1-3y,12.86,west,A
ln_367377890a58,2022-06-30,0,47840.37,17.63,10320.61,10.728,36,5-10y,11.87,south,A
ln_b2d314ca1408,2023-04-30,0,120274.15,23.76,12779.15,7.435,36,10y+,26.74,east,B
ln_cca668525f47,2022-01-31,0,170573.64,24.95,19231.29,15.41,36,5-10y,14.98,north,B
ln_c959676f57f5,2022-01-31,0,22827.11,12.08,8390.8,4.568,36,1-3y,20.78,west,B
ln_f37d85f0b450,2023-11-30,0,66567.4,15.14,6147.06,10.245,36,1-3y,10.4,south,A
ln_3d698209b38e,2022-01-31,0,80776.38,20.76,13066.23,10.199,36,3-5y,8.03,west,A
ln_6372c8db2bae,2023-11-30,0,40379.36,15.19,7772.48,13.486,60,<1y,6.97,west,A
ln_90ef38a9db0c,2023-02-28,0,76907.95,25.22,9069.3,15.607,36,5-10y,13.32,west,A
ln_4d90b1321977,2022-06-30,0,56065.61,30.41,8343.29,13.968,36,10y+,14.91,north,B
ln_46cc801e5dc2,2022-05-31,0,59895.97,18.81,16217.83,10.82,36,3-5y,14.75,north,B
ln_304f9343d63c,2022-03-31,0,78288.74,16.3,13412.02,15.092,60,10y+,11.46,east,B
ln_29cfee5b1e53,2022-02-28,0,65402.63,28.89,11617.29,12.058,36,3-5y,10.84,north,A
ln_4cb5d5abced0,2022-11-30,0,56633.81,16.09,5570.35,12.107,36,1-3y,10.07,west,A
ln_d6af500c7e6d,2022-11-30,0,28613.83,17.24,6906.95,8.397,60,10y+,24.78,west,A
ln_d4949bc80417,2023-09-30,0,50159.08,30.92,19405.64,16.945,36,3-5y,11.59,south,A
ln_3351e12c1e41,2022-08-31,1,59499.71,12.05,24528.14,11.159,60,1-3y,8.52,south,A
ln_908a0f8c2690,2023-08-31,0,116477.52,14.17,21758.36,11.654,36,10y+,19.2,north,A
ln_33fd7020a9b9,2023-09-30,0,78735.89,24.44,16121.51,9.841,36,10y+,17.14,south,B
ln_39c7db5cd37e,2022-05-31,0,74228.58,23.31,12373.66,12.223,36,3-5y,9.27,west,B
ln_b1ddf24f90a6,2022-11-30,0,31963.45,21.61,16919.19,11.987,36,10y+,15.39,east,A
ln_abc7a947b95e,2023-04-30,0,32130.55,35.14,6415.37,14.76,36,5-10y,17.55,north,A
ln_301eb01a488d,2022-09-30,0,68171.82,20.22,5193.96,10.303,60,5-10y,24.5,north,B
ln_ff6afafd9be9,2022-05-31,1,82775.7,18.64,7503.57,11.512,60,10y+,21.19,east,A
ln_6ca339e47854,2022-01-31,0,38834.92,24.75,9544.63,13.173,36,1-3y,13.94,north,A
ln_88d339800558,2023-01-31,0,170733.42,17.32,32881.98,11.834,36,10y+,10.85,north,B
ln_afc4efc1529a,2023-07-31,1,78150.1,24.65,13119.01,12.869,36,1-3y,9.94,west,B
ln_e0ea2ffe214a,2023-12-31,0,49692.91,24.67,26156.26,14.483,36,<1y,23.08,east,B
ln_7f8a14c3bae2,2022-04-30,0,64981.35,26.52,20090.65,14.77,60,3-5y,15.83,south,B
ln_b1fda48786b9,2022-10-31,0,61595.8,16.26,14851.91,7.989,36,5-10y,19.96,north,B
ln_c9cc8e82e01b,2022-10-31,0,75520.15,26.28,8347.76,12.875,36,1-3y,9.89,north,B
ln_def81e6905c2,2022-04-30,0,107722.27,9.47,10026.04,12.171,60,<1y,5.1,south,A
ln_bb15938ba117,2022-02-28,0,49760.18,16.83,7851.13,10.276,36,1-3y,12.74,north,A
ln_2f3f36988fe0,2023-08-31,0,60291.53,22.63,18311.89,10.207,60,<1y,5.6,south,A
ln_fcfdb0cd79e5,2023-07-31,0,45557.07,24.02,5946.63,13.93,36,10y+,16.19,north,A
ln_0b66ef1948a7,2023-03-31,0,53547.26,19.92,9553.41,14.995,36,10y+,11.76,north,A
ln_737c927f465a,2023-04-30,0,70689.66,6.23,4462.36,7.235,36,3-5y,12.9,east,A
ln_46966f3fbce9,2023-06-30,0,58383.57,16.11,5030.48,9.828,36,10y+,11.21,east,A
ln_75354a485c37,2022-04-30,0,141924.87,8.25,31489.08,6.671,60,10y+,18.53,north,A
ln_d801bc7e42cc,2023-12-31,0,41013.41,20.02,11423.49,11.527,60,5-10y,14.31,north,B
ln_cbc2ea313d1b,2023-05-31,0,34690.85,10.85,32226.03,7.187,36,1-3y,8.06,south,A
ln_bfcf24a801c8,2022-05-31,0,64274.39,25.86,24673.99,14.022,36,1-3y,13.17,east,B
ln_1dfa54f7f525,2023-06-30,0,27104.41,33.78,7434.28,14.935,36,3-5y,6.22,south,B
ln_d23bed8cf239,2022-03-31,0,50771.9,15.08,4347.76,7.597,36,3-5y,7.99,east,A
ln_8fdbf4b596db,2022-12-31,0,170731.58,11.35,4966.38,11.168,36,5-10y,20.46,east,A
ln_519541b69d24,2023-03-31,1,56828.17,25.51,20096.0,13.634,60,<1y,7.52,north,A
ln_a1f0c05b0bc8,2022-03-31,0,69236.44,31.63,4891.99,14.045,60,1-3y,7.65,north,A
ln_9242495c354f,2023-02-28,0,44075.37,23.07,15719.35,7.269,36,1-3y,11.34,south,A
ln_13bdee62f0d6,2023-02-28,0,71783.88,19.26,13147.14,8.999,36,10y+,15.79,east,A
ln_c55e6cc106fa,2022-11-30,1,48838.4,17.18,29083.66,13.066,60,<1y,9.39,south,B
ln_20836f23ba1d,2023-05-31,0,33046.52,16.72,16403.84,14.504,60,10y+,15.67,west,A
ln_92b43d3eec44,2023-11-30,0,120661.38,21.92,18392.46,9.986,36,10y+,19.3,north,A
ln_6e0e6d865ab0,2022-11-30,0,73847.67,11.01,8142.03,12.033,60,5-10y,14.52,east,A
ln_eec2f0987003,2022-05-31,0,146865.0,19.49,28793.46,9.785,36,3-5y,16.59,north,B
ln_c832a448a2a2,2022-06-30,0,76763.48,24.78,30928.48,10.171,36,5-10y,11.0,south,A
ln_b2e607a0b94d,2023-05-31,1,53366.3,33.11,26964.38,11.218,36,5-10y,14.79,north,B
ln_fb572d18e1df,2022-04-30,0,47242.31,30.86,36057.21,17.259,36,3-5y,13.35,north,A
ln_6e29fe5f9178,2023-07-31,0,60431.77,15.8,11875.73,11.408,36,<1y,9.84,north,B
ln_e7591c542058,2023-10-31,0,94104.78,22.23,9093.1,12.766,36,10y+,17.25,south,B
ln_b3a35400f330,2023-05-31,0,50807.7,18.39,15592.31,11.461,36,5-10y,11.98,north,A
ln_d359d481daea,2023-01-31,0,82391.78,1.58,17271.39,6.042,36,5-10y,10.4,north,A
ln_b881d81b9e38,2023-02-28,0,112678.11,21.33,9763.49,14.419,36,10y+,10.67,east,A
ln_bed98713686d,2022-07-31,0,182990.46,16.98,2819.57,11.848,36,3-5y,9.65,east,B
ln_aba44124648e,2023-04-30,0,44272.31,19.01,13830.23,11.961,36,5-10y,13.81,south,B
ln_9ec6c88c7630,2023-09-30,0,34640.47,21.28,11240.62,11.448,36,1-3y,12.24,west,A
ln_72b929f74f13,2022-05-31,0,91659.81,17.87,10011.24,6.605,36,5-10y,11.01,north,A
ln_6c2b9b126cb5,2023-05-31,0,118017.3,28.45,8748.48,11.418,60,10y+,15.41,north,A
ln_66364eec5dba,2022-04-30,1,91026.12,17.03,8219.43,11.69,36,10y+,14.91,south,A
ln_0c813dc9086e,2023-10-31,0,51666.69,9.29,14079.89,5.766,36,1-3y,13.39,west,A
ln_fb42f8a37ee2,2023-03-31,0,85430.37,35.24,5312.83,12.42,36,3-5y,17.37,south,A
ln_738451eb66f8,2023-09-30,0,65621.93,25.1,7754.04,14.251,60,1-3y,16.87,west,B
ln_7309885cb946,2023-03-31,0,70922.49,33.61,25425.79,15.187,36,3-5y,12.54,south,A
ln_8d0803a7f22d,2023-03-31,0,82056.03,17.64,15913.32,12.586,60,1-3y,12.03,east,A
ln_a23159ee7880,2022-03-31,0,76835.22,14.83,22163.73,9.469,36,5-10y,8.51,north,A
ln_2c2c5ed68744,2022-07-31,0,53221.61,39.34,67536.51,16.248,36,10y+,11.95,east,A
ln_4615ae6e2fe6,2023-01-31,0,41720.1,20.45,21842.83,9.058,36,3-5y,7.67,east,A
ln_7409efd70443,2022-04-30,0,55477.74,19.1,15774.61,9.535,36,10y+,9.23,west,B
ln_135524c8c971,2023-03-31,0,48016.29,19.92,20607.14,11.207,36,1-3y,11.33,north,A
ln_89b57c92cabd,2022-09-30,0,20847.12,26.34,10034.74,12.562,36,1-3y,12.68,south,B
ln_f7921d7d2ce5,2023-04-30,0,69667.28,28.65,14723.87,12.446,60,5-10y,20.53,west,A
ln_a7de52810cb1,2023-09-30,0,53688.25,11.24,4236.13,10.349,36,3-5y,7.09,south,B
ln_e3455b0a2979,2023-07-31,0,63431.26,15.23,27972.63,14.098,60,<1y,9.7,east,A
ln_33d61d961763,2023-03-31,0,91505.55,19.81,13993.75,10.857,36,10y+,10.22,east,B
ln_7805517ed276,2022-09-30,0,48552.66,23.19,15192.76,13.42,36,5-10y,7.76,south,A
ln_db01eedace63,2022-04-30,0,62269.97,24.67,14270.72,12.542,36,1-3y,15.18,west,A
ln_2d740336d06a,2023-04-30,0,105886.95,11.35,11115.95,11.115,60,10y+,13.12,north,B
ln_d829d4126e6d,2023-02-28,0,72085.72,14.82,4944.32,8.555,36,5-10y,20.96,west,A
ln_9e37aa4927b8,2023-12-31,0,55224.46,35.07,8635.88,12.489,36,10y+,20.27,north,A
ln_ade49b54e672,2022-09-30,0,25044.83,15.87,5472.17,10.28,36,5-10y,8.89,west,A
ln_984b0dc9f4e0,2022-11-30,0,75975.15,4.31,31859.87,9.762,36,<1y,9.0,west,A
ln_b06df6dcf90c,2023-09-30,0,143433.29,29.93,6016.76,12.975,36,5-10y,14.66,south,B
ln_2f10f3099eac,2022-02-28,1,37770.99,19.69,7862.55,17.228,60,3-5y,10.64,south,A
ln_2ccea5ca1dd5,2023-05-31,0,65057.28,31.66,6166.19,12.59,36,10y+,22.49,south,A
ln_aa71894be4b7,2023-11-30,0,127936.96,26.53,23772.06,13.169,60,5-10y,12.62,west,B
ln_f6f5185906cf,2023-07-31,1,40373.72,15.35,18853.16,11.818,60,1-3y,20.95,south,B
ln_27b156f87068,2023-05-31,0,80309.08,30.45,23918.47,11.23,36,<1y,12.75,south,A
ln_fa8b21436c68,2022-08-31,0,80713.67,28.72,17838.7,12.802,60,1-3y,9.01,north,B
ln_20751b60b199,2022-01-31,0,82578.13,11.64,5036.21,9.476,36,5-10y,13.72,north,A
ln_cbdf30513bce,2022-07-31,1,84235.96,10.42,11066.61,5.827,36,<1y,12.41,north,B
ln_ad3eba020a29,2023-08-31,0,45717.2,11.78,17139.74,10.161,36,10y+,13.53,north,A
ln_9d91aa5ef213,2022-03-31,0,32752.24,26.39,20749.33,13.223,36,10y+,14.62,north,A
ln_bfbcd0f82629,2023-12-31,0,51279.22,37.81,7172.59,16.808,36,1-3y,13.5,south,A
ln_2d6244e86153,2023-03-31,0,41856.31,17.22,5429.57,11.137,60,<1y,9.86,north,B
ln_0a21dfb848f0,2022-08-31,0,72812.32,23.48,15930.35,13.094,36,<1y,7.76,north,B
ln_ed89c9e1e0ef,2023-09-30,0,31754.38,14.75,30810.22,11.788,36,1-3y,4.87,south,B
ln_0d26a5972e7d,2022-12-31,0,117664.8,23.48,13558.73,13.949,36,<1y,14.7,north,A
ln_5962e4600119,2023-03-31,0,104669.93,26.0,15604.02,14.01,36,<1y,10.43,west,A
ln_09b772685c8d,2022-10-31,0,82275.54,15.07,16351.92,11.42,60,1-3y,9.39,west,B
ln_3daa0bcc382c,2023-03-31,0,39455.91,19.77,11586.09,13.422,36,1-3y,9.61,east,A
ln_45d7452308cb,2022-09-30,0,47677.85,16.0,19049.39,7.929,36,5-10y,29.14,north,B
ln_ca1048b1f93a,2022-07-31,0,54057.81,15.41,10231.61,7.796,60,1-3y,10.91,north,A
ln_87b6145e1260,2022-04-30,0,89254.55,23.04,17007.44,13.149,60,1-3y,7.9,east,A
ln_8aeac2132e5f,2022-10-31,0,52468.08,0.89,30022.66,3.764,60,10y+,11.95,east,A
ln_93930731d0b6,2022-09-30,0,40956.87,0.5,19627.37,5.352,36,3-5y,6.3,west,B
ln_fbbb3aa8d104,2022-03-31,0,103385.72,19.64,20657.21,7.881,36,1-3y,10.63,west,A
ln_6f84fba31ee0,2022-03-31,0,94661.32,3.81,14231.46,8.556,36,3-5y,10.68,north,A
ln_0060faaf05a1,2022-01-31,1,102325.47,27.01,32035.56,13.775,60,5-10y,10.73,east,A
ln_00f069b3feae,2023-01-31,0,104792.32,16.44,17362.0,12.061,36,1-3y,7.89,east,A
ln_3e593ff67e22,2022-07-31,0,40800.21,11.76,10826.9,9.291,36,<1y,9.79,south,A
ln_fee9bdd37da6,2023-11-30,0,65733.02,17.5,10356.65,11.822,60,3-5y,10.64,east,A
ln_d56ba140b576,2023-06-30,0,57308.88,24.24,5675.38,12.985,36,3-5y,10.17,north,B
ln_3c9212026b72,2023-09-30,0,71082.03,16.78,24587.42,12.084,36,<1y,10.36,east,A
ln_4028846d9ac6,2023-02-28,1,39438.72,30.09,36018.76,15.093,60,5-10y,19.82,west,A
ln_dda993663223,2022-11-30,0,52515.71,18.33,14081.28,15.72,60,5-10y,12.31,west,B
ln_79d8138d73d8,2023-08-31,0,101258.28,24.75,28767.43,11.856,36,<1y,13.78,south,A
ln_1ebc8d31a025,2022-07-31,0,70402.76,13.29,44975.19,9.382,36,10y+,17.67,south,B
ln_010906a38170,2023-03-31,0,104609.64,11.67,12311.15,8.45,36,10y+,17.2,west,B
ln_4037e2dc8fff,2022-01-31,0,21027.42,19.68,6884.17,11.492,36,10y+,20.57,south,A
ln_35a37d684a84,2023-08-31,0,99606.04,12.83,27270.16,11.417,60,10y+,19.57,south,B
ln_36a6296eb75d,2022-09-30,0,79105.03,23.82,11643.82,14.429,60,3-5y,11.22,north,A
ln_1c53f187f2b0,2023-07-31,0,106814.97,32.5,9753.6,22.816,60,1-3y,8.48,east,A
ln_2c86a69fd545,2023-08-31,0,46645.55,21.69,8627.97,11.677,60,10y+,21.16,west,B
ln_e603181448d6,2023-05-31,0,72063.97,32.28,11440.25,12.793,60,10y+,17.25,north,A
ln_d525732e38ac,2023-12-31,0,43778.96,22.84,23410.53,11.971,36,5-10y,10.15,west,A
ln_677ddd42392f,2023-09-30,1,78367.64,42.73,17631.37,14.199,36,3-5y,17.49,west,B
ln_a92f1770afbf,2022-11-30,0,40282.45,9.1,21452.95,10.638,36,3-5y,12.72,east,B
ln_f76f3672146c,2023-07-31,1,78562.96,25.64,12251.39,14.504,60,1-3y,7.7,south,A
ln_db211c26de49,2022-10-31,0,87565.82,18.21,8212.34,9.18,60,3-5y,14.7,east,B
ln_039827601f0f,2023-02-28,0,56875.8,24.44,11308.92,8.89,36,5-10y,14.5,west,A
ln_ae3e03b25f8a,2023-12-31,0,33430.68,20.88,37450.05,16.21,36,3-5y,6.4,south,A
ln_269b7c490447,2022-05-31,0,34221.01,30.93,9120.6,12.987,60,3-5y,13.37,south,A
ln_38728fd1aae3,2023-04-30,0,45330.23,25.13,22356.71,15.623,36,5-10y,14.4,east,A
ln_529e1eb66d88,2023-05-31,1,58256.04,40.47,10160.61,16.459,36,1-3y,11.49,north,A
ln_925dfd825e78,2022-01-31,0,91381.63,0.58,30575.61,10.269,36,1-3y,5.57,west,A
ln_f481bb3fb681,2022-01-31,0,55088.19,31.82,12066.42,14.091,36,10y+,14.23,south,B
ln_51e48d4c3077,2022-08-31,0,54219.58,13.09,13920.56,11.989,36,<1y,5.24,south,A
ln_22da7e86b8ad,2022-04-30,0,87841.56,14.54,15772.94,11.662,36,1-3y,10.31,west,A
ln_3746381cc96f,2023-07-31,0,104080.58,18.79,16614.27,12.595,36,1-3y,12.73,south,A
ln_64b920ec6367,2022-10-31,0,50557.74,8.52,14694.7,7.128,36,10y+,18.75,east,B
ln_0ad076d2dc50,2022-11-30,0,33412.89,18.05,13975.22,11.913,36,10y+,15.31,south,A
ln_aebbac56a0a2,2022-12-31,0,83154.98,8.59,9113.95,9.873,36,3-5y,15.86,south,A
ln_bcfae2b8188a,2022-12-31,0,60442.75,17.99,25006.52,12.313,60,1-3y,17.05,west,A
ln_cde07fdc79c5,2022-04-30,0,105660.17,6.97,9327.05,9.124,60,5-10y,9.31,north,A
ln_88da824a490d,2022-04-30,0,262110.66,21.91,4971.47,11.54,36,3-5y,7.19,north,A
ln_ac0ce0888a8e,2023-06-30,1,24332.35,42.3,17552.3,19.693,60,5-10y,24.69,east,A
ln_03b1555502dd,2022-05-31,0,26238.51,19.63,15892.82,11.892,36,5-10y,8.84,west,A
ln_37aa914d5305,2023-01-31,0,70653.8,16.46,15635.18,11.115,60,10y+,15.87,east,B
ln_07e3da535749,2023-08-31,0,52896.72,28.37,9404.24,12.737,36,10y+,9.11,north,A
ln_1266e4a4ab5d,2022-08-31,0,55155.94,21.19,27813.27,11.024,36,1-3y,15.95,east,A
ln_812920a9db73,2023-12-31,0,62329.13,21.48,11235.85,13.077,36,5-10y,13.92,south,B
ln_6914afc52d46,2023-03-31,1,49562.27,35.78,7553.78,15.091,36,<1y,6.18,south,B
ln_4e3412572b70,2023-05-31,0,93375.95,20.26,15920.88,12.015,36,5-10y,10.48,west,A
ln_75b6086dd2a3,2022-04-30,0,37969.49,21.43,18059.6,13.036,36,3-5y,11.93,north,A
ln_17305ddc9721,2022-03-31,0,194043.96,5.35,10330.49,5.218,36,5-10y,14.84,north,A
ln_46abc0a61596,2022-12-31,0,130452.29,23.97,14572.46,13.912,60,3-5y,12.88,north,A
ln_da8699f31be4,2023-06-30,0,86096.82,13.02,5781.59,5.651,60,10y+,21.05,east,A
ln_eb2a515759b6,2022-09-30,0,42838.62,21.1,10786.21,13.444,36,3-5y,13.03,north,A
ln_e213a98fa19d,2022-01-31,0,103333.19,16.45,6008.3,12.697,36,1-3y,14.74,north,A
ln_2551f1df53cd,2022-05-31,0,43421.9,15.19,10275.8,9.857,36,1-3y,19.24,west,B
ln_3bc87d326696,2023-12-31,0,34307.9,24.55,24164.6,12.542,36,3-5y,13.46,south,A
ln_f6aa0d0e51f5,2022-12-31,0,29126.36,24.29,15264.86,9.757,36,1-3y,13.38,east,B
ln_3ee46080ea01,2022-01-31,0,32855.19,18.61,21294.61,9.201,36,5-10y,13.57,south,B
ln_beb4afb7ca9a,2022-03-31,0,63513.68,26.75,12488.28,16.192,60,1-3y,8.17,north,A
ln_ff65e7a0be07,2023-06-30,0,69329.85,12.17,34826.83,13.02,60,1-3y,11.06,south,A
ln_b302c65a084c,2022-11-30,0,49392.36,16.5,4375.58,11.417,60,1-3y,20.54,west,A
ln_4c8b0b1236eb,2022-09-30,0,31470.36,13.5,16365.22,4.586,36,10y+,17.87,west,A
ln_ab1678fa8a9b,2022-06-30,0,55976.45,28.11,27571.17,13.625,36,10y+,12.38,east,B
ln_4cf939e3d442,2022-05-31,0,78958.28,28.6,12919.96,12.772,60,10y+,16.83,north,B
ln_b7d33c7db714,2023-12-31,0,132981.23,19.34,6056.41,12.012,36,1-3y,14.82,east,A
ln_69ef9ecd82b6,2023-01-31,0,98202.58,7.05,25117.28,3.5,36,1-3y,9.72,east,B
ln_14df2ad15bae,2022-09-30,0,122040.37,17.35,39116.82,10.467,36,<1y,14.83,north,A
ln_77cd5736a7df,2022-04-30,0,46865.03,30.46,20978.78,16.569,36,1-3y,12.91,west,A
ln_891b0c80937f,2022-03-31,0,91647.63,23.1,24422.48,12.469,60,<1y,14.96,north,B
ln_38d713577d52,2023-04-30,1,41581.05,40.53,17895.56,19.188,36,1-3y,20.52,west,B
ln_f2a6e4e26058,2023-07-31,0,18450.81,22.74,21515.73,14.256,60,3-5y,8.33,south,A
ln_c511531fe7a8,2022-07-31,0,32578.89,33.05,21444.48,12.776,36,10y+,16.44,east,A
ln_fa3c2857c7d5,2022-06-30,0,71266.28,22.18,11331.23,13.285,36,<1y,10.43,north,B
ln_90c13254b4c3,2022-09-30,0,70234.25,28.24,16551.83,12.098,36,<1y,14.62,south,B
ln_f763e39854ce,2023-11-30,0,95725.16,24.48,14041.74,12.773,36,3-5y,7.02,west,A
ln_0157bfdd599f,2022-10-31,0,55260.68,21.4,13737.18,13.489,36,5-10y,13.72,north,B
ln_49d3da1ccf59,2023-08-31,0,27813.58,26.39,17696.82,14.695,36,10y+,12.09,east,A
ln_841deee4f078,2023-11-30,0,33492.9,27.06,14480.85,12.567,36,10y+,12.61,south,B
ln_1ac194216885,2023-02-28,0,80324.86,26.19,25981.55,16.337,36,1-3y,12.36,north,B
ln_6531be76f209,2023-05-31,0,76068.78,21.71,17464.82,11.206,36,<1y,6.11,south,B
ln_abffc46997fa,2023-09-30,0,63639.51,25.4,36862.74,14.771,36,10y+,19.2,north,B
ln_da8c47a2f9e6,2022-03-31,0,41979.8,25.85,4780.19,10.419,36,3-5y,7.67,south,A
ln_59b48eda553f,2022-01-31,0,73450.22,24.58,5301.83,12.182,36,1-3y,9.76,south,B
ln_c3610e1145e9,2022-08-31,0,31845.62,18.66,50303.31,7.83,36,3-5y,22.77,north,B
ln_9a13a13cead2,2022-09-30,0,120886.43,15.7,17578.83,10.094,36,1-3y,13.09,south,B
ln_292e2d3cdda8,2023-08-31,0,31434.72,24.64,20206.27,12.361,60,5-10y,22.14,south,A
ln_b5521e564f29,2023-03-31,0,32568.05,0.5,32524.78,6.884,60,5-10y,8.91,east,A
ln_ea8302e8c0b0,2023-08-31,0,59610.75,16.3,15440.5,7.959,36,3-5y,26.01,west,A
ln_7185fe9512cf,2023-01-31,0,60835.39,24.23,116442.94,12.861,36,1-3y,19.95,west,B
ln_58484e8057db,2022-11-30,0,64817.82,25.38,14240.38,11.001,36,1-3y,20.84,east,A
ln_a1ef0402fe2e,2023-01-31,0,80827.5,10.41,13366.34,6.743,36,3-5y,8.94,south,B
ln_dd7ca185b939,2022-07-31,1,52561.77,20.01,69892.7,14.096,36,5-10y,8.86,south,A
ln_ef94c37bf2cf,2023-04-30,0,63544.1,25.37,10493.07,14.229,36,5-10y,8.47,south,B
ln_d11d90f49803,2022-03-31,0,70357.81,14.48,8592.98,8.824,36,1-3y,4.64,south,B
ln_e1b31cd9c8b4,2023-06-30,0,64788.27,29.37,28255.51,12.318,36,5-10y,21.31,west,B
ln_fbab98ed4a5b,2022-09-30,0,53342.93,19.19,4107.98,12.35,36,1-3y,14.54,east,A
ln_608f835d4b35,2023-10-31,0,47607.23,17.3,19602.83,9.247,36,5-10y,17.81,west,A
ln_debb0b706712,2022-10-31,0,47302.94,10.68,10821.0,9.081,36,1-3y,18.51,south,A
ln_27db65d300bc,2023-07-31,0,136459.98,10.91,26276.13,7.831,60,3-5y,13.98,east,B
ln_7fe4bc3de323,2023-03-31,0,94807.96,23.9,19251.45,10.84,36,10y+,15.12,south,B
ln_ec508637aa40,2023-08-31,0,91354.0,7.92,14078.45,9.225,36,<1y,11.81,south,A
ln_7d2ca4f6b74d,2023-10-31,0,85447.57,36.32,7527.49,16.477,36,<1y,9.92,west,A
ln_6610609e6006,2022-03-31,0,50038.95,16.45,7612.62,10.099,36,1-3y,18.72,north,B
ln_38bb20920101,2023-08-31,0,70877.86,29.08,18996.08,15.72,36,<1y,8.64,west,A
ln_1742134695c6,2023-06-30,0,96154.49,12.28,37940.38,9.596,60,10y+,14.59,west,A
ln_7643ada6d03d,2022-07-31,0,76179.46,12.11,38910.09,7.683,36,1-3y,8.89,south,A
ln_d7c87d8b6f14,2023-02-28,0,70794.03,10.38,12472.68,9.164,60,5-10y,16.58,west,A
ln_c5131126f13e,2023-09-30,0,78768.48,18.36,16921.08,10.596,36,<1y,11.13,south,A
ln_2f9e7d9833ba,2023-05-31,0,67180.06,34.39,9086.07,14.466,60,5-10y,9.38,north,A
ln_6faeea9dcc8a,2022-11-30,0,87706.39,27.04,4221.64,13.42,36,1-3y,10.36,west,A
ln_3e6fadab2183,2022-02-28,0,188004.92,27.82,19429.06,15.609,36,10y+,19.13,north,B
ln_8aa954b1617d,2023-11-30,0,67658.35,17.57,11692.13,12.897,36,10y+,15.31,south,B
ln_adc97aa0a5b2,2022-12-31,0,118411.69,15.74,38020.92,9.111,60,10y+,16.41,south,B
ln_e0a66dd9e565,2022-09-30,1,47024.31,44.82,13459.89,17.751,36,1-3y,11.07,south,A
ln_f70a71177c22,2023-06-30,0,91946.27,21.96,22002.85,10.581,36,10y+,14.21,south,B
ln_9d4d747dda34,2023-05-31,0,102039.67,18.41,29607.91,10.387,36,3-5y,16.3,south,A
ln_d5b0602dfcbe,2022-01-31,0,30507.14,24.38,25042.14,13.728,60,10y+,22.68,west,A
ln_32cc52ef8d23,2023-02-28,0,203643.98,5.18,11092.37,4.594,60,5-10y,15.46,north,A
ln_5dd502cb0ad1,2022-09-30,0,28487.47,20.89,8226.73,10.419,60,<1y,11.69,east,A
ln_8f1058f39c81,2022-06-30,0,61772.06,30.3,5587.24,15.25,36,5-10y,14.14,north,A
ln_e947359ce4d1,2022-01-31,0,97259.34,7.33,14790.66,8.271,36,3-5y,8.9,east,B
ln_f6656a888eea,2023-04-30,0,103866.38,21.19,14826.09,14.637,60,<1y,5.78,east,A
ln_6f4723785472,2023-05-31,0,57450.44,18.56,5922.68,13.787,36,10y+,13.25,south,A
ln_ddd3fab5298c,2023-03-31,0,63708.8,26.91,25267.62,16.871,60,3-5y,16.85,south,A
ln_423d1c427c57,2023-05-31,0,41769.28,20.21,4852.12,13.983,60,1-3y,9.08,north,A
ln_2ac92efc747d,2022-05-31,0,52601.63,12.92,8761.75,10.56,60,1-3y,14.05,south,B
ln_cb149fa06023,2022-10-31,0,43990.54,28.13,20327.0,14.821,60,5-10y,17.94,north,A
ln_1eea59719c82,2023-08-31,0,32313.53,31.55,20428.53,10.254,36,3-5y,22.63,south,A
ln_d2e9276326d4,2022-03-31,0,111063.5,22.58,19135.84,12.285,36,10y+,14.38,east,B
ln_2804809ff6d9,2022-02-28,0,92600.34,26.51,26565.22,10.475,36,5-10y,10.65,east,A
ln_7b195eacc518,2022-08-31,0,48844.58,11.21,20099.48,12.262,60,1-3y,12.31,south,B
ln_c81ee5227ff0,2022-06-30,0,35825.24,21.22,8026.97,11.3,36,10y+,18.25,east,A
ln_7a7cd50edc0c,2022-03-31,0,54544.14,12.23,14749.66,11.059,36,<1y,5.36,east,A
ln_faa38bf966f7,2023-05-31,0,61671.37,11.19,6593.39,7.348,36,5-10y,16.25,east,A
ln_2bf7a7de00ac,2023-05-31,0,55620.38,26.25,9182.71,18.306,36,5-10y,12.05,west,A
ln_200762717b88,2022-12-31,0,43137.96,9.89,24696.68,10.353,60,1-3y,16.37,east,B
ln_66e59f7d9d62,2023-01-31,0,69497.45,5.46,9441.53,9.529,60,1-3y,4.38,north,B
ln_571ddeba90ee,2022-01-31,0,56095.31,34.45,24026.7,12.428,60,10y+,14.29,north,A
ln_7cf185773ff6,2023-09-30,0,46189.43,34.43,12601.13,13.356,36,3-5y,10.9,north,A
ln_03c6f3f89696,2022-08-31,0,41441.32,26.88,8687.62,17.042,36,3-5y,16.04,north,A
ln_31c45b907d28,2023-12-31,0,64697.09,18.71,19069.21,13.035,36,<1y,6.17,south,B
ln_df746b69c8b1,2022-11-30,0,64574.16,25.97,15122.29,9.744,36,1-3y,25.41,south,A
ln_5a26cb142150,2023-03-31,0,143977.92,22.46,16505.9,15.485,60,3-5y,11.23,east,A
ln_67ddb082424d,2022-08-31,0,29611.52,15.98,18678.31,10.086,60,5-10y,13.15,south,A
ln_520f7035d97e,2023-12-31,1,48861.12,29.47,14839.76,16.161,36,1-3y,10.39,west,A
ln_b0acee390882,2023-07-31,0,71477.13,21.33,19860.8,13.771,36,10y+,17.26,south,B
ln_a08c2ecdbf34,2023-12-31,0,56543.67,21.64,6768.25,10.991,36,10y+,16.16,north,B
ln_c53675cccd86,2023-11-30,0,65679.19,29.71,6535.74,13.803,36,3-5y,8.81,south,A
ln_31982b71b6e7,2022-09-30,0,43138.61,33.97,13704.54,18.067,60,<1y,5.12,west,B
ln_cae334ad859c,2023-12-31,0,77109.25,13.18,20218.24,8.105,60,10y+,21.67,east,A
ln_2ddf54d20acf,2022-01-31,0,63311.7,14.95,10022.43,9.049,36,1-3y,8.89,south,A
ln_3e707d3dd2be,2022-12-31,0,123817.6,2.17,40175.48,6.015,36,1-3y,7.3,north,A
ln_27bc4777e9e2,2023-10-31,0,60443.85,20.88,41989.61,10.943,36,3-5y,16.19,north,A
ln_af0c58ca96a7,2022-02-28,0,44203.86,10.87,12314.41,8.269,36,3-5y,13.08,north,B
ln_01f3479cd620,2023-08-31,0,68806.97,19.81,4949.95,9.57,36,5-10y,12.24,west,A
ln_491cb7c697bb,2023-11-30,0,49374.03,36.23,8501.6,12.056,36,1-3y,16.01,south,A
ln_2157081c6d82,2022-01-31,0,82484.58,34.16,16440.35,19.285,36,<1y,4.4,east,B
ln_79d1e35a14af,2023-03-31,1,46510.45,14.31,22028.03,12.13,36,1-3y,6.73,north,B
ln_83980937a2c6,2022-04-30,0,70514.5,28.09,42239.79,14.455,36,1-3y,10.45,north,B
ln_f98732cfa7cc,2022-06-30,0,42661.85,18.46,4441.65,11.657,60,10y+,16.73,south,A
ln_7af5b64caf0b,2022-03-31,0,80236.88,24.44,15172.72,14.877,36,10y+,11.17,north,A
ln_e04ee573a18e,2023-01-31,0,127672.08,13.87,30419.22,9.622,60,10y+,15.66,south,B
ln_6b2bee4a73df,2022-06-30,0,34133.67,18.98,7964.87,13.916,60,5-10y,10.13,north,B
ln_944e0f47fb33,2022-01-31,0,53914.53,20.38,25320.84,14.695,36,10y+,14.11,west,B
ln_dcaef4afb7fe,2022-02-28,0,40416.81,8.92,4540.3,9.536,36,5-10y,6.88,south,A
ln_d5cf23d505a9,2023-10-31,0,138676.62,8.72,19193.35,6.016,60,1-3y,15.6,south,B
ln_ee1484903605,2023-09-30,0,138591.74,28.28,23239.9,14.883,36,10y+,12.28,east,B
ln_d25bd43ef46f,2023-06-30,0,81703.54,7.84,13132.54,6.366,36,5-10y,12.2,north,A
ln_56593411e6a7,2022-03-31,0,95792.94,7.73,17431.85,5.221,36,5-10y,17.25,north,B
ln_036a4418dbb6,2023-09-30,0,79209.42,13.65,7676.83,6.596,36,10y+,19.09,south,A
ln_1caba3bdcc35,2022-01-31,0,35263.73,19.63,8676.58,10.303,60,3-5y,10.31,north,A
ln_af0f5ddc216e,2022-06-30,0,105388.48,29.28,32095.4,15.285,36,5-10y,12.27,east,B
ln_49bd4172585a,2022-12-31,0,155759.36,12.9,6361.13,8.907,36,1-3y,12.72,west,B
ln_e89cbe87b605,2023-05-31,0,125011.11,10.01,14287.74,6.557,36,5-10y,17.46,south,B
ln_07d8651d9e13,2022-08-31,0,87513.91,15.83,13948.57,9.054,36,1-3y,18.14,south,B
ln_779e1a2f9a30,2023-10-31,0,39488.4,18.66,33376.87,11.237,36,1-3y,20.22,north,B
ln_ab5f19a9c208,2022-05-31,0,35220.73,20.22,10783.24,10.918,36,10y+,10.72,north,A
ln_e5013b32ae54,2023-06-30,0,82440.49,21.42,16061.76,12.94,60,1-3y,9.56,east,B
ln_ce3b651411fb,2023-06-30,0,32811.27,5.94,13234.02,3.5,36,1-3y,24.55,west,B
ln_5e24904493e4,2022-09-30,0,49961.23,31.47,24929.09,17.457,36,3-5y,17.18,east,A
ln_d4d2d5419b81,2022-06-30,0,48308.0,14.7,8737.3,11.063,36,10y+,15.39,west,A
ln_717fd2b2976a,2022-10-31,0,32365.04,18.7,6026.95,14.807,60,1-3y,9.68,east,A
ln_add8ee33d685,2023-10-31,1,47481.71,29.01,7747.9,19.055,36,1-3y,5.19,east,A
ln_e3b3f228cc9d,2023-08-31,0,56320.93,8.46,13563.34,6.099,36,1-3y,7.14,north,B
ln_7b8cbed6fbf2,2022-04-30,0,64611.29,7.9,7027.27,5.312,36,<1y,18.05,west,B
ln_6c35239caa44,2023-02-28,0,80259.82,15.41,14691.34,12.389,36,1-3y,13.35,north,A
ln_4f571a6b388b,2022-04-30,0,83792.72,20.64,17692.39,12.454,36,3-5y,11.0,west,B
ln_6b10df6c4176,2022-05-31,0,66466.92,28.8,15600.9,13.516,36,3-5y,12.26,south,A
ln_ea9010ed03ea,2023-02-28,0,98355.29,14.99,13828.12,13.51,60,5-10y,13.71,west,B
ln_445f1b7c9909,2023-11-30,0,74754.96,11.65,20771.65,7.335,36,<1y,10.57,north,A
ln_13e6718da959,2023-09-30,1,104308.62,22.54,9141.62,13.791,60,1-3y,14.47,south,B
ln_2f12db289de1,2022-04-30,0,75593.4,21.2,13440.89,12.61,36,5-10y,11.31,south,A
ln_80e5eb78d7a0,2022-02-28,1,73396.93,29.02,13268.1,11.547,36,1-3y,6.2,north,B
ln_57fc81d9beeb,2022-06-30,0,60119.38,16.9,10435.06,8.632,36,3-5y,12.05,south,B
ln_c69388162a4c,2023-05-31,0,114744.78,29.08,9956.0,12.623,36,10y+,20.66,west,B
ln_40fac6860f94,2022-02-28,0,69910.12,23.08,11806.46,6.816,36,3-5y,18.94,east,A
ln_c4e47d27e624,2022-10-31,0,64940.82,17.91,24463.35,6.752,36,10y+,11.34,west,A
ln_1102ceaa430b,2023-04-30,0,47464.24,16.73,11988.35,13.289,36,1-3y,11.06,south,B
ln_6971a5747fe2,2022-05-31,0,79959.98,9.7,36176.74,10.525,36,5-10y,10.42,south,B
ln_29c4b2bdd49f,2022-08-31,0,60070.21,17.22,12700.14,13.382,36,1-3y,10.68,south,A
ln_35a42f25420c,2023-03-31,0,44429.41,34.82,23251.86,18.159,60,10y+,19.61,east,B
ln_86fd4973f48f,2023-05-31,0,61395.67,32.22,9067.52,17.603,36,5-10y,14.27,south,A
ln_b6f9199cfc9a,2023-09-30,0,97439.2,20.23,13741.35,9.386,60,3-5y,17.8,east,A
ln_3ec94215c6f8,2022-10-31,1,47272.91,31.24,6032.39,11.897,36,1-3y,11.8,south,B
ln_abd9d42e6617,2023-02-28,0,60030.3,11.2,18769.72,9.14,60,<1y,16.31,north,A
ln_fa7dc69f9304,2022-04-30,0,70183.88,22.14,7189.38,9.156,36,3-5y,19.42,east,A
ln_25b9437f8a03,2023-08-31,0,84891.89,15.14,30866.95,14.26,36,<1y,5.86,north,A
ln_0645254b12e8,2022-04-30,0,79068.13,12.26,43474.22,8.264,60,1-3y,17.35,south,A
ln_09f4e5fb5b91,2023-12-31,0,76658.01,25.3,22046.92,11.241,60,5-10y,14.47,west,A
ln_0566f9ff2896,2022-12-31,1,81362.37,17.66,8254.12,11.988,36,10y+,16.47,east,B
ln_aaed50eb2128,2022-08-31,0,54917.08,19.5,14016.37,11.749,36,<1y,8.97,north,B
ln_dd268c6f082e,2022-10-31,0,28084.36,21.64,19042.31,14.642,60,1-3y,10.86,south,A
ln_75d48b83c280,2023-10-31,0,58713.61,25.2,33929.45,12.337,36,3-5y,12.2,north,B
ln_f2858b8e703e,2022-02-28,0,57942.99,27.7,9662.26,14.902,36,10y+,9.8,north,A
ln_7b479cd68316,2023-11-30,0,26790.16,18.98,9430.85,8.025,36,1-3y,14.66,east,B
ln_8125ff35ad6b,2022-04-30,0,62174.39,31.07,9797.96,17.596,36,3-5y,9.93,north,A
ln_376a7dc328ea,2022-05-31,0,74095.24,16.91,19778.1,10.422,60,10y+,15.68,east,A
ln_3ee525b977a7,2022-05-31,0,119355.49,31.06,14790.05,14.419,36,1-3y,15.97,west,B
ln_a8d79536b901,2023-12-31,0,54128.8,13.44,6743.56,9.114,60,3-5y,15.92,south,A
ln_3994aa2947f2,2023-08-31,0,44790.75,6.25,35049.89,4.768,36,10y+,16.14,east,A
ln_e0d5c1cf23c6,2023-05-31,1,32347.07,22.69,6051.98,14.628,36,5-10y,7.13,east,B
ln_d96ed7e4d327,2023-08-31,0,72046.1,21.93,20604.51,11.756,36,1-3y,11.53,south,B
ln_11c997484c39,2022-04-30,1,52490.62,34.39,14330.42,18.758,36,3-5y,17.65,north,A
ln_8e87c41c66c9,2022-12-31,0,51317.86,24.23,17258.72,11.415,36,3-5y,7.64,north,A
ln_d78ae3d49993,2022-03-31,0,77807.97,16.62,12758.18,13.747,60,5-10y,10.74,east,A
ln_b96e43dae20e,2023-06-30,0,116457.17,19.86,8572.9,11.317,36,<1y,11.38,west,A
ln_7aebc5cd9a7b,2022-08-31,0,24491.28,10.58,13860.61,9.134,36,3-5y,13.41,west,A
ln_a3dcde881007,2022-03-31,0,63719.29,14.03,11524.33,6.914,36,1-3y,12.12,west,B
ln_aca8d7d69022,2022-02-28,0,58193.21,8.28,2246.99,10.173,36,5-10y,15.64,south,A
ln_7447880ed3ae,2022-12-31,0,67852.85,28.17,10119.32,13.747,60,3-5y,17.02,north,A
ln_bb75b859c98a,2023-03-31,0,25926.72,13.12,30252.92,7.8,60,10y+,16.06,south,A
ln_a3973b680a43,2023-07-31,0,40856.52,32.07,11012.15,15.873,60,1-3y,11.66,north,A
ln_8921bacd1380,2022-10-31,0,155108.84,25.77,10191.35,12.031,36,5-10y,16.91,west,A
ln_cc1d13b3f819,2023-03-31,0,51235.56,22.08,8889.49,13.363,36,5-10y,13.48,east,A
ln_a0c7b5d3e791,2022-05-31,1,44045.39,19.99,12522.28,12.042,60,3-5y,19.38,west,A
ln_7d5427f5a924,2023-08-31,0,99362.61,35.29,12477.97,15.105,60,<1y,12.3,north,B
ln_5a91e88e0bb7,2022-05-31,0,22711.47,26.1,11335.04,12.705,60,5-10y,12.06,east,A
ln_a95302a74e35,2023-12-31,0,36446.39,13.42,11126.31,8.487,36,3-5y,9.6,north,B
ln_49801bf18014,2022-01-31,0,69782.63,26.33,33779.83,14.926,36,1-3y,14.44,south,B
ln_3fd285c2df71,2023-05-31,0,75877.17,15.81,4565.99,12.984,36,3-5y,7.07,north,A
ln_fc811edff316,2023-08-31,0,48370.25,14.24,20960.47,12.322,36,<1y,16.3,east,B
ln_e16f892c2e63,2023-06-30,1,49476.09,41.86,13947.62,17.422,36,10y+,13.78,east,A
ln_fb9e90792d56,2022-11-30,0,72082.74,27.72,9260.1,10.743,36,10y+,18.77,north,B
ln_abd680c45024,2022-11-30,0,50649.6,28.71,21867.59,14.535,60,3-5y,12.81,south,B
ln_1b3fb2a79f64,2022-02-28,0,53148.27,10.46,11229.67,10.337,36,3-5y,8.62,south,B
ln_94cca524dca7,2023-07-31,1,63999.17,24.97,12556.68,13.412,36,1-3y,9.97,east,A
ln_3ecfac77fcf7,2023-12-31,0,66626.96,36.6,17795.08,16.108,60,10y+,13.95,south,B
ln_cbff6d202a8d,2023-08-31,0,54062.31,17.87,20811.41,9.205,36,3-5y,13.86,north,A
ln_9cbccf8e7826,2022-10-31,0,64006.02,23.08,18670.12,13.117,60,1-3y,14.66,east,A
ln_44aa37a5cc6c,2022-09-30,0,92397.96,15.88,3671.82,7.355,36,3-5y,13.54,west,A
ln_ad80002ccec2,2023-12-31,0,47353.25,21.32,21675.02,12.119,36,5-10y,18.4,east,A
ln_c0737097f22b,2023-04-30,0,86907.14,7.45,24084.99,7.561,60,1-3y,8.3,east,A
ln_2a83be530263,2022-08-31,0,84856.18,15.89,5361.39,8.606,36,3-5y,15.28,west,B
ln_2724d4afce7f,2023-10-31,0,50227.97,22.52,3802.51,11.614,36,<1y,11.21,east,B
ln_882eb99830ed,2022-03-31,0,57415.84,13.4,8672.83,11.586,60,10y+,12.97,north,A
ln_22dd699e8062,2023-04-30,0,200199.67,22.47,10734.05,13.704,36,5-10y,17.28,south,A
ln_8ce5e43e8099,2023-07-31,0,54291.69,15.15,40495.34,11.83,60,5-10y,12.31,north,A
ln_402eb9975419,2023-07-31,0,38441.69,14.92,23915.69,9.165,60,10y+,22.32,north,B
ln_0dd797502f14,2022-11-30,1,29126.13,39.88,17118.26,18.455,36,1-3y,14.66,south,B
ln_ee3af4526318,2023-01-31,0,72637.96,13.46,20430.78,8.786,60,10y+,17.5,east,B
ln_d4f4f998ca41,2022-01-31,0,61514.82,30.2,31387.2,14.584,36,1-3y,22.98,north,B
ln_0925ed4a1a77,2022-06-30,0,116324.66,20.08,6131.41,5.689,36,1-3y,19.16,east,B
ln_30154c8095c4,2023-10-31,0,53719.44,33.47,14870.72,12.665,60,5-10y,15.08,east,A
ln_bc61714ac699,2022-12-31,0,68282.87,24.95,6954.36,18.214,36,10y+,13.61,east,A
ln_73df89200c26,2022-10-31,1,37000.77,15.2,17634.0,14.303,60,1-3y,8.22,east,B
ln_beed913e1978,2022-08-31,0,36352.7,25.59,6400.43,15.107,36,5-10y,15.57,south,A
ln_95df066be5af,2022-09-30,0,35525.18,29.75,52398.2,14.489,36,10y+,17.41,south,B
ln_9c7e870790a9,2023-02-28,0,120801.75,33.3,14159.25,13.161,36,<1y,10.86,east,B
ln_a35501c1ecee,2022-08-31,0,137458.42,14.75,14239.75,10.415,36,3-5y,9.36,north,B
ln_1ddeee384a9a,2023-02-28,0,99240.59,17.07,13359.88,7.1,36,5-10y,14.95,south,B
ln_38ce39aeeab2,2022-04-30,0,82642.26,7.33,20976.11,7.729,36,3-5y,13.56,south,A
ln_7b7f9c00e035,2023-08-31,0,54666.13,19.33,16781.37,8.731,60,<1y,9.07,south,B
ln_df3c1d1ca4d2,2022-08-31,0,41079.18,23.93,4482.76,15.935,36,1-3y,11.6,north,A
ln_0c18c5246a58,2023-02-28,1,72623.72,30.3,8628.51,13.815,36,1-3y,12.76,south,A
ln_6ea79de8534b,2022-05-31,0,26734.63,26.63,11154.5,11.613,36,10y+,12.67,north,B
ln_a75157efd92d,2022-04-30,0,50924.48,21.86,26658.35,8.901,36,10y+,12.47,east,A
ln_1eb80f2374da,2023-02-28,0,50242.17,14.44,3982.41,13.852,36,1-3y,9.51,east,A
ln_9c2e78dc53d5,2023-04-30,0,52666.35,17.67,58413.21,14.403,36,10y+,14.55,south,A
ln_5176ef48f546,2023-02-28,1,55199.98,35.37,9022.0,13.721,36,10y+,16.86,south,A
ln_f492b9a878cb,2022-06-30,0,99859.87,15.64,5979.47,9.116,36,10y+,17.15,south,B
ln_12c87c656f4b,2022-12-31,0,66051.6,20.42,11758.19,12.676,36,1-3y,8.5,west,B
ln_1c14becc7cc9,2023-10-31,0,86546.77,13.47,20213.78,10.626,36,1-3y,9.64,west,A
ln_52e73f4ef13c,2022-08-31,0,45804.11,14.41,21414.07,8.063,36,10y+,16.62,north,A
ln_6cf7e9c7530c,2023-12-31,1,46673.81,25.67,35687.47,11.019,36,5-10y,16.35,north,A
ln_b1ee20dc28a8,2022-03-31,0,39591.21,16.06,15002.96,12.134,36,3-5y,8.7,east,B
ln_ef6fea405e4d,2023-01-31,0,189203.6,5.39,6527.79,5.402,36,3-5y,21.6,east,B
ln_a7a406f885aa,2023-07-31,0,45615.46,8.02,8437.28,5.305,36,5-10y,15.82,west,A
ln_e4e027486dfc,2022-07-31,0,85993.11,22.05,9605.1,13.466,36,1-3y,16.19,east,A
ln_d711c87dc5ea,2022-06-30,0,56557.14,26.43,39005.38,13.184,36,1-3y,18.79,north,B
ln_8c064fa2c28a,2022-01-31,0,35656.94,35.14,8708.37,12.882,36,3-5y,10.89,east,A
ln_0ec886264b17,2022-04-30,0,80621.99,25.04,11770.64,7.39,36,10y+,15.65,south,A
ln_848b042f938a,2023-07-31,0,69375.99,13.74,20012.39,8.972,36,10y+,16.94,east,B
ln_f5867f9b76b9,2022-04-30,0,76801.18,17.62,16779.92,10.549,60,1-3y,13.24,west,A
ln_ba15e744def1,2022-07-31,0,41135.26,26.15,10605.41,12.862,36,1-3y,8.48,west,A
ln_09c672a5c27a,2023-06-30,0,62991.02,2.57,21875.7,6.068,60,1-3y,5.16,east,A
ln_8260611c6646,2023-05-31,0,33079.25,12.3,11284.75,5.992,36,1-3y,13.01,west,B
ln_fde1776c7ab5,2023-12-31,0,38890.32,26.24,17812.56,12.687,36,5-10y,13.3,north,A
ln_914db68382ca,2023-03-31,1,39602.71,19.02,11504.81,15.378,36,10y+,9.9,north,A
ln_c4cca180492e,2023-04-30,0,80149.27,8.35,10278.17,7.249,36,1-3y,12.96,north,A
ln_336e314e6b90,2022-10-31,0,33807.51,29.19,46511.51,14.23,60,3-5y,13.05,east,A
ln_0165898a8923,2022-08-31,0,108416.55,20.13,13065.86,12.303,60,10y+,18.95,west,B
ln_ba1c35dd160b,2022-12-31,0,151199.27,17.64,9050.72,8.392,60,3-5y,16.04,west,A
ln_98447118a7f7,2022-12-31,0,59182.5,8.45,44616.16,6.972,36,1-3y,10.09,west,B
ln_3c5ce32f04e1,2023-02-28,0,28347.89,31.52,28583.51,13.343,36,1-3y,10.9,north,B
ln_b76deb5fedc0,2023-05-31,0,87590.11,21.67,18929.01,12.136,36,1-3y,5.77,east,A
ln_2dc4c22f19ee,2022-01-31,0,58617.8,12.15,25472.47,9.196,60,3-5y,8.22,north,B
ln_ccecdfc7723f,2023-12-31,0,31651.85,26.58,15217.94,15.65,36,1-3y,3.77,east,B
ln_b6dd373bf7e7,2023-06-30,0,26059.36,34.46,19395.98,16.13,36,1-3y,11.87,west,A
ln_a5c17f99d6c3,2023-09-30,0,18006.71,15.27,22289.83,8.967,36,5-10y,11.01,west,A
ln_e3fb688341d1,2022-04-30,0,166498.86,21.08,8941.76,9.189,36,1-3y,13.43,south,A
ln_c5807fbbac8f,2022-10-31,0,56527.53,28.73,9682.86,13.422,36,10y+,7.42,south,B
ln_35af81638618,2022-06-30,0,80131.87,9.95,11402.99,9.164,60,1-3y,8.94,south,A
ln_ae68e40f3a19,2023-02-28,1,98266.69,20.1,11429.46,11.305,36,<1y,5.93,north,A
ln_3af3610a60c6,2023-12-31,0,85433.43,26.07,14324.46,14.042,36,3-5y,31.25,east,A
ln_bbaf85d6a7a5,2022-06-30,0,77601.01,12.39,3577.94,9.023,36,<1y,8.57,south,A
ln_b55cd7c45b75,2023-07-31,1,72842.36,9.34,10990.79,7.028,36,10y+,13.87,east,A
ln_10eee668fdf8,2023-08-31,0,42412.66,11.98,19437.34,11.548,36,10y+,13.66,west,A
ln_1971eed7ac59,2023-09-30,0,81199.15,19.41,7773.27,14.812,36,1-3y,15.75,north,B
ln_ee976d365b4f,2022-04-30,1,93391.0,18.32,20674.38,11.209,36,1-3y,4.73,east,A
ln_01511400aad9,2023-07-31,0,66839.4,11.68,11191.4,8.861,36,1-3y,11.23,west,B
ln_1af8f12b2145,2023-03-31,1,83990.21,32.04,6127.68,15.058,36,1-3y,12.86,south,A
ln_130a3e39133a,2023-09-30,0,127139.18,21.83,8487.96,10.922,36,1-3y,13.37,west,A
ln_4aff4b1b353c,2022-07-31,1,77245.13,26.94,4562.16,17.094,36,1-3y,10.71,north,A
ln_fdd2a24bd4c9,2023-07-31,0,67693.27,17.5,9014.58,8.215,36,10y+,15.47,west,B
ln_c5104699c7f3,2022-05-31,0,89025.96,18.65,22931.49,11.766,36,1-3y,9.15,west,B
ln_ffd7123bd553,2022-10-31,0,37733.35,21.39,8640.29,11.379,60,3-5y,25.62,south,A
ln_d6469db11327,2023-12-31,0,42599.24,20.33,14271.4,7.642,36,3-5y,21.26,west,B
ln_686c3d7af8db,2023-06-30,0,36126.86,19.5,14158.31,11.515,60,3-5y,18.45,south,A
ln_ba4dc6ffbe4e,2022-09-30,0,81524.55,16.72,23282.28,10.948,36,5-10y,16.22,north,B
ln_2f069e0faa92,2023-04-30,0,61787.71,0.5,23852.5,3.953,36,3-5y,23.12,north,B
ln_a761dd5215d2,2022-08-31,0,67214.87,20.15,10174.29,9.644,36,10y+,19.47,west,A
ln_64bcf6ef1914,2022-04-30,0,62613.88,23.17,9943.41,14.077,36,3-5y,9.46,west,A
ln_7b2df453f365,2022-06-30,0,72822.5,15.55,31682.43,10.922,60,5-10y,17.06,north,A
ln_88974f16d6c6,2022-01-31,1,26617.48,30.53,10128.52,13.194,60,1-3y,13.03,east,A
ln_f837027b637c,2023-07-31,0,58329.05,17.28,15507.95,13.062,60,3-5y,19.31,east,A
ln_971de0d3f4aa,2022-10-31,0,60332.89,29.31,9843.82,12.698,36,5-10y,15.47,south,A
ln_88f064ac8bf4,2023-09-30,0,61836.15,24.65,12002.82,13.226,36,1-3y,11.1,west,A
ln_9d807774999d,2023-02-28,0,60428.18,18.2,47347.82,14.993,60,<1y,4.43,south,B
ln_da4c2c0dc60b,2022-03-31,1,32049.61,26.24,9299.81,14.761,36,1-3y,6.24,south,B
ln_97015ed0c6fb,2022-11-30,0,99927.45,21.08,17640.28,9.689,60,<1y,8.66,north,B
ln_40828f7427f7,2022-05-31,0,64122.64,19.76,5391.68,11.384,60,3-5y,12.98,south,A
ln_37c4baae803b,2022-05-31,0,31927.54,41.0,13482.05,17.651,36,3-5y,7.78,south,B
ln_2d045980789a,2022-05-31,0,116408.09,11.75,3861.98,11.214,36,1-3y,16.32,south,B
ln_859b74cdea84,2023-04-30,0,157065.71,26.58,10683.06,12.781,36,5-10y,13.72,west,B
ln_89f38c77bbe4,2023-11-30,0,47662.24,14.54,14253.34,8.085,60,3-5y,6.54,south,B
ln_f2f1e41aef53,2023-05-31,0,58428.11,30.23,6097.11,14.845,36,1-3y,7.74,north,B
ln_2136f96d2a52,2023-05-31,0,60500.32,8.83,4504.22,6.709,36,1-3y,9.82,east,B
ln_3f6831bdc542,2023-09-30,0,107570.55,1.0,33920.11,4.981,36,10y+,14.84,west,A
ln_d25e141b901b,2023-11-30,0,36969.52,12.41,6802.27,7.85,36,<1y,7.83,west,A
ln_8a75ed2651c2,2022-08-31,0,59313.28,25.23,23468.41,17.227,36,<1y,7.49,west,A
ln_fc63f56d3e66,2023-06-30,0,41685.16,34.05,8051.14,17.002,36,1-3y,10.61,east,B
ln_e1804a46c729,2022-01-31,0,133654.32,15.59,3935.33,11.978,60,10y+,30.51,south,A
ln_47462bb8bfb5,2022-06-30,0,59345.91,23.23,16381.33,11.97,36,5-10y,13.04,north,A
ln_5566eca36188,2022-11-30,1,115644.49,41.19,48042.57,18.295,36,10y+,9.03,north,B
ln_6c52d4cbc148,2023-08-31,0,51227.62,24.43,14689.22,16.69,36,5-10y,11.63,east,B
ln_5f558864c51e,2023-08-31,0,63053.21,30.82,5580.91,14.51,36,10y+,8.59,west,A
ln_a756378b3869,2023-12-31,0,101301.99,2.3,8031.51,5.091,36,3-5y,15.83,west,A
ln_267bf854624c,2023-08-31,0,97183.31,18.02,40287.49,14.682,60,10y+,24.37,north,A
ln_b27a1704f589,2023-11-30,1,63811.91,22.04,25279.59,9.596,36,3-5y,7.41,east,A
ln_33a22d0c6141,2022-09-30,0,59201.08,9.99,30156.93,10.823,36,1-3y,11.18,north,B
ln_f00a15fb8f82,2023-07-31,0,86219.68,30.34,14529.67,16.926,36,5-10y,17.18,east,B
ln_6634db4c0d25,2022-02-28,0,71133.26,32.07,14148.26,13.274,36,1-3y,9.94,west,B
ln_a7b9db05cb56,2022-09-30,0,37460.13,27.63,20331.22,11.793,36,1-3y,23.4,west,A
ln_f5d6e4a27f87,2023-09-30,0,73551.67,15.84,41281.2,6.889,36,3-5y,15.7,north,A
ln_58a3db117f03,2023-08-31,1,53828.26,35.75,29955.65,16.469,36,<1y,14.79,east,A
ln_7ff2e75cbda1,2022-03-31,0,84424.6,25.39,6583.1,11.937,36,3-5y,13.29,east,B
ln_b06c4ca42953,2023-01-31,0,65441.04,14.46,15534.16,8.463,36,<1y,12.53,south,A
ln_a7f6b11f2d3b,2023-09-30,0,104025.73,21.24,16196.62,8.927,60,3-5y,27.59,east,A
ln_0a76ccaaf117,2022-09-30,0,57861.39,15.17,44694.63,11.274,36,3-5y,13.2,south,B
ln_6c95edd044e3,2022-09-30,0,70063.06,32.34,6880.44,18.396,36,1-3y,10.48,east,A
ln_16605acd2ab8,2023-09-30,0,53971.42,14.88,11393.11,12.168,36,1-3y,12.38,north,A
ln_85a6899b83a3,2023-06-30,0,90231.95,12.53,2958.53,8.581,60,3-5y,12.38,north,A
ln_bf15b45b38a4,2023-05-31,0,69964.34,18.2,9665.51,10.196,36,1-3y,22.97,north,A
ln_fb468b9b5c6c,2022-06-30,1,104753.79,30.33,9444.24,13.071,60,<1y,14.0,north,B
ln_81ba8b75b7fc,2022-04-30,0,130224.92,15.1,32900.56,8.259,36,1-3y,15.02,east,B
ln_d68f6cf6c190,2023-09-30,0,43622.44,11.82,8444.36,10.364,60,10y+,16.03,east,A
ln_fc4b8dc97b80,2022-01-31,0,49143.92,23.09,8336.06,14.592,36,5-10y,23.79,north,A
ln_dbeaa3b02345,2022-06-30,0,38422.22,16.17,23929.95,9.858,36,<1y,7.86,south,B
ln_6b241e0036d8,2022-07-31,0,54842.02,4.64,13567.8,6.147,36,3-5y,12.57,west,A
ln_2353fd074d47,2022-01-31,0,78707.99,25.57,7066.53,15.917,60,3-5y,11.31,west,B
ln_cbcd6063df41,2023-06-30,0,28457.34,15.3,6706.95,9.7,36,1-3y,12.35,north,B
ln_a7ef6dc4bf6c,2023-10-31,0,29009.88,33.33,19686.22,19.893,36,10y+,10.28,south,A
ln_39b6625f6a8e,2023-06-30,0,46480.91,24.88,36172.29,15.974,60,10y+,18.48,east,A
ln_fe58038a833d,2022-03-31,0,107877.38,21.46,11331.8,6.01,36,10y+,30.43,north,B
ln_dd8502389d5b,2023-06-30,0,79273.49,22.37,14066.5,12.156,36,1-3y,11.38,south,B
ln_dc3ad5027ef3,2022-12-31,0,77998.05,21.11,12343.22,9.481,36,5-10y,16.11,east,A
ln_3db54d792415,2023-01-31,1,45446.37,34.29,9644.01,15.902,36,10y+,17.2,east,B
ln_7ce18c4167ad,2022-10-31,0,50529.12,30.84,5182.73,14.062,36,1-3y,19.57,west,A
ln_6675e83a8792,2023-05-31,0,61308.15,24.19,17360.08,7.907,36,10y+,18.32,south,B
ln_a2e118033467,2022-03-31,0,64332.26,29.32,8229.24,15.27,36,5-10y,10.57,east,A
ln_df539ee21ef3,2022-03-31,0,40293.64,19.6,39507.56,14.147,60,5-10y,12.84,east,A
ln_0779847ae4b4,2022-11-30,0,81927.86,20.06,19373.86,5.627,60,10y+,24.14,west,B
ln_63c6638a7b75,2023-08-31,0,88646.93,6.86,10836.39,10.344,60,10y+,10.42,east,A
ln_6f0353bbed00,2022-05-31,0,42118.13,35.0,52375.97,11.192,36,10y+,15.33,east,A
ln_13fd84b9e450,2023-10-31,0,44686.3,23.37,17872.95,10.233,36,10y+,18.28,north,B
ln_5bfc4f95290d,2023-11-30,0,111819.92,24.19,12169.99,12.293,36,10y+,14.63,north,B
ln_02987310c7cb,2022-04-30,0,67100.98,21.29,2486.38,14.989,60,<1y,14.34,south,A
ln_970d113357ef,2022-03-31,0,124457.26,14.47,14033.79,7.724,36,5-10y,9.3,south,A
ln_bd13cce12c92,2022-10-31,0,50666.43,24.6,40784.07,14.987,36,1-3y,8.84,south,A
ln_78e696587892,2022-07-31,0,97046.98,17.79,28321.15,13.599,60,5-10y,8.46,north,A
ln_cece15806921,2022-08-31,0,35638.27,25.35,8163.42,13.106,36,1-3y,7.8,north,A
ln_84fefd344cea,2023-06-30,0,78355.07,16.72,13181.38,12.229,36,5-10y,14.33,south,A
ln_cb9719dcee12,2023-09-30,0,61920.64,24.41,47994.91,9.539,36,10y+,22.3,south,B
ln_b5b189848416,2022-11-30,0,41981.39,34.09,14200.33,14.689,36,3-5y,11.06,west,B
ln_6dbe3cf5e4b1,2023-07-31,1,39577.48,15.89,19805.79,13.823,36,1-3y,10.66,west,B
ln_d3f92e38810e,2023-04-30,0,71738.78,28.58,30009.76,19.15,60,3-5y,20.77,south,B
ln_25f62f83219b,2023-01-31,1,98725.43,38.12,12174.98,19.501,60,<1y,11.04,south,B
ln_bb390b18789f,2023-10-31,0,65933.42,24.3,12026.2,8.723,36,5-10y,31.82,south,A
ln_6835a6789f68,2022-03-31,0,73625.67,22.19,15819.54,14.006,60,3-5y,13.42,west,B
ln_6a60312196e4,2022-03-31,0,63504.48,17.63,6834.56,11.21,36,1-3y,19.04,west,A
ln_6698f610bae8,2023-09-30,0,118017.29,13.75,9241.98,7.703,36,1-3y,11.26,west,A
ln_e7bebdbbcda2,2022-01-31,1,34711.83,16.37,20272.48,9.739,60,<1y,6.21,east,A
ln_19a0c28af1ca,2022-08-31,0,135576.61,5.22,5839.02,6.397,36,3-5y,14.65,north,A
ln_74109f89f287,2022-12-31,0,63585.97,32.89,12418.01,14.6,36,10y+,13.0,east,A
ln_680b4358deb7,2023-04-30,0,73262.16,14.59,26235.12,10.399,60,5-10y,13.12,south,A
ln_0d1b535c06a0,2023-08-31,0,69241.0,12.3,24771.87,11.879,36,10y+,8.55,east,A
ln_882731efe4d6,2022-06-30,0,27366.0,31.3,19048.94,12.894,36,1-3y,6.99,south,A
ln_ef0543710c13,2023-11-30,0,53739.75,12.9,31895.66,9.724,60,5-10y,16.44,west,A
ln_79f7a960105b,2023-06-30,0,48880.37,19.49,18859.23,12.039,36,1-3y,10.88,north,B
ln_9b667daa73bb,2022-03-31,0,30162.81,18.06,17352.22,10.487,36,1-3y,13.34,east,B
ln_4cc785206d0a,2023-05-31,0,96022.77,14.25,21057.15,9.798,36,<1y,18.94,north,A
ln_98baf5dd9c62,2023-10-31,0,68319.16,7.58,22956.19,7.648,60,<1y,12.49,east,A
ln_2e85eaea5ef5,2022-04-30,0,159305.73,5.39,9431.24,7.719,60,3-5y,14.02,west,A
ln_bd0207175e28,2022-10-31,0,43878.29,0.5,23146.22,3.5,36,1-3y,13.16,west,B
ln_0c36f7dd9f64,2023-03-31,0,70129.71,13.14,9976.62,7.659,36,5-10y,12.77,south,A
ln_a031961e8d87,2023-11-30,0,58301.8,26.63,15785.79,10.433,36,10y+,16.59,east,B
ln_2a9a4417f0ea,2022-04-30,0,55911.09,20.71,5770.5,11.479,36,3-5y,18.74,north,B
ln_49320c774204,2023-08-31,0,98900.95,15.59,6194.93,8.724,36,1-3y,12.53,north,A
ln_82ac747e4fa0,2023-11-30,1,61489.93,19.96,11777.25,12.334,60,3-5y,15.57,south,A
ln_c9c97017cbc5,2022-05-31,0,75192.38,12.52,18827.78,10.196,36,1-3y,16.86,west,A
ln_7c7ddeae90c8,2022-06-30,0,46007.42,16.44,15369.88,9.154,60,3-5y,17.6,north,A
ln_6f5c42ab72d9,2023-05-31,1,53674.91,19.13,31157.71,8.961,36,1-3y,18.94,south,B
ln_6034884da5ae,2023-01-31,0,66768.92,18.85,12172.7,8.38,36,<1y,12.79,west,B
ln_729e5cc1f48c,2022-02-28,0,53088.39,9.65,38700.51,5.853,36,3-5y,17.47,south,A
ln_3d98528e3149,2022-02-28,1,78601.84,20.88,28112.77,16.015,60,10y+,12.31,north,B
ln_8ce6928ff1ee,2023-01-31,0,39237.95,23.47,13270.19,11.905,36,3-5y,12.4,west,B
ln_81991f535a7b,2022-05-31,0,21403.96,15.75,13426.9,10.011,60,5-10y,14.95,east,B
ln_2f7815a4407a,2023-02-28,0,44601.62,15.4,7591.48,9.286,60,10y+,15.84,north,B
ln_96b209cb5862,2023-10-31,1,100318.8,19.6,7630.84,13.742,36,<1y,5.17,south,A
ln_39bb8f2d8d66,2022-07-31,0,67513.46,11.3,9219.55,9.987,60,1-3y,24.2,west,B
ln_827dc9cfc6e7,2022-11-30,0,95940.72,22.27,9841.71,10.773,36,10y+,11.91,south,B
ln_359c822c934e,2023-06-30,0,126055.32,15.83,19189.37,10.489,36,5-10y,11.64,north,B
ln_3c05402fd778,2022-02-28,0,140465.74,11.07,21598.13,4.701,36,3-5y,9.52,north,A
ln_ac2befe34a26,2022-09-30,0,30926.16,21.01,17671.32,14.934,60,<1y,7.4,east,A
ln_c8216c37971c,2023-12-31,0,72613.19,28.28,8682.14,13.446,36,1-3y,14.35,south,B
ln_47ea2d05ee78,2022-08-31,0,105974.21,21.22,11551.28,9.23,60,10y+,11.86,south,B
ln_abe91702f2d8,2023-06-30,0,48753.65,13.43,8110.73,8.612,36,10y+,17.17,north,A
ln_935590e896c5,2022-06-30,0,82450.78,30.07,33126.82,16.428,36,1-3y,21.16,west,B
ln_42eac0146b33,2022-05-31,0,33143.14,32.89,15472.69,16.203,36,1-3y,7.19,north,A
ln_2225b7eb7a44,2022-10-31,0,56627.98,33.38,26197.02,14.107,36,3-5y,12.6,south,A
ln_b38c3eafe687,2023-11-30,0,80666.2,26.56,11139.09,15.57,36,1-3y,10.81,south,B
ln_61c742c6754e,2022-02-28,0,116084.02,21.31,18178.05,14.082,60,3-5y,14.19,east,A
ln_c91e9bca42de,2022-09-30,0,65421.48,21.07,15997.14,13.079,36,1-3y,7.08,east,B
ln_5c8b7b189b67,2022-11-30,0,87540.13,18.61,12217.07,13.383,36,1-3y,14.99,west,B
ln_96cf0b759857,2022-05-31,0,67412.0,17.32,9230.03,5.18,36,10y+,18.22,east,A
ln_81d159775d5a,2022-10-31,0,62957.93,14.51,8975.82,9.331,36,1-3y,15.95,south,A
ln_46ef7941e3e2,2022-09-30,0,112592.16,32.67,14289.63,16.542,36,5-10y,9.93,west,A
ln_6eb593eb0414,2023-10-31,0,54302.97,24.53,11506.66,14.099,60,1-3y,9.87,north,A
ln_5c52331450e4,2022-04-30,0,94589.26,37.37,9958.39,17.288,36,3-5y,8.8,west,A
ln_cb71c70c350b,2022-01-31,0,102539.43,22.04,23786.14,13.039,60,1-3y,10.92,south,A
ln_01ac3cf60b2f,2023-08-31,0,81691.79,19.93,18766.38,11.847,60,3-5y,13.78,south,B
ln_427de3f17dd9,2022-11-30,0,33572.22,20.98,28525.27,13.072,36,1-3y,11.35,south,B
ln_9af0ef6e72c2,2022-08-31,0,28053.01,21.21,5552.67,12.068,36,<1y,7.61,south,B
ln_5584d462600f,2023-04-30,1,63658.57,31.18,9233.11,15.004,36,1-3y,14.45,east,A
ln_7aa341cdf9ab,2023-07-31,0,72940.89,5.63,18776.86,6.415,36,3-5y,11.68,north,B
ln_55f6668855ec,2023-10-31,0,112369.87,20.2,14367.01,12.436,36,10y+,23.17,west,A
ln_20a08d989e63,2022-03-31,0,22322.68,3.98,12532.3,6.769,60,3-5y,17.18,west,B
ln_bb3d609dc5b3,2023-04-30,0,63898.91,17.27,29885.74,8.575,60,3-5y,11.57,north,A
ln_72b0b0c8da12,2022-05-31,0,42264.5,26.75,31182.73,15.309,36,5-10y,10.35,south,A
ln_2b277538bf5c,2023-04-30,0,39352.3,28.97,6912.9,19.506,36,10y+,10.15,south,A
ln_cf00f657497a,2023-12-31,0,54347.34,16.73,11305.08,9.586,36,1-3y,18.02,west,B
ln_46f598b98b8d,2022-10-31,0,34604.71,12.78,35931.14,7.56,36,10y+,14.93,south,B
ln_898aed536b74,2022-10-31,0,126092.91,15.74,22248.14,9.61,36,<1y,13.6,east,B
ln_60fbee39e5b9,2023-08-31,0,35651.66,16.94,5847.77,10.884,36,<1y,7.56,south,B
ln_b980544a1557,2022-08-31,0,40022.65,22.24,5501.05,15.328,36,10y+,16.31,north,B
ln_13d958e5ed1d,2022-02-28,0,53329.76,18.51,8309.63,9.759,36,5-10y,10.0,north,A
ln_89f3b33ad542,2023-12-31,0,64599.19,21.5,29325.76,13.174,36,1-3y,8.93,north,A
ln_ef5a4a3c4d13,2022-03-31,0,33543.64,17.01,3423.72,13.461,60,1-3y,16.54,east,A
ln_5b9700e974cc,2023-11-30,0,43987.53,27.32,22225.35,12.229,36,10y+,11.06,east,B
ln_82696161036f,2023-06-30,0,45517.16,20.91,2395.87,13.0,36,<1y,10.87,south,A
ln_193707676229,2022-03-31,0,83544.31,17.27,24396.36,10.209,36,10y+,17.33,east,A
ln_0d3003c05f33,2022-09-30,0,41485.68,24.56,18602.62,11.331,36,3-5y,14.91,east,B
ln_30d2552a2b4c,2023-04-30,0,56220.46,14.39,21250.43,3.935,36,3-5y,16.84,north,B
ln_835e7089c018,2023-01-31,0,132022.0,20.16,19361.75,13.334,36,5-10y,16.28,east,A
ln_318306d968d0,2022-11-30,0,28870.93,6.14,7522.97,4.864,36,3-5y,11.94,east,A
ln_214b0e2b4adc,2022-12-31,0,69344.83,30.53,4987.61,14.755,36,1-3y,16.8,north,B
ln_c9b3f8ed596b,2023-07-31,0,68374.41,15.25,18441.9,8.945,36,10y+,16.52,west,A
ln_3d63c155eca7,2023-10-31,0,28997.33,30.75,16387.52,16.125,36,5-10y,9.33,south,A
ln_ce8ac05a4578,2023-02-28,0,32020.61,11.72,8956.68,10.514,60,5-10y,9.02,west,B
ln_e15e89b0a97f,2022-02-28,0,79431.28,12.9,34957.41,13.105,36,<1y,9.11,west,A
ln_abc34f5b8d3f,2023-07-31,0,44947.78,28.24,5941.26,15.341,36,5-10y,11.12,north,A
ln_b990bb643658,2023-12-31,0,100779.83,13.91,15841.9,7.176,36,1-3y,20.0,west,A
ln_6aee6fce59cb,2023-10-31,0,61920.62,17.21,16129.18,10.193,36,5-10y,13.45,east,B
ln_16d9a504fc62,2022-09-30,0,66157.9,26.36,12685.89,10.458,36,1-3y,16.85,east,B
ln_62aafc2b3109,2022-01-31,0,88699.12,28.61,31712.02,10.982,36,3-5y,13.18,north,A
ln_80ead100e83b,2023-05-31,0,68812.62,8.51,9058.79,6.906,36,1-3y,15.3,north,A
ln_dbe6a0cdc924,2023-09-30,1,47859.11,31.49,8420.31,14.547,60,5-10y,9.0,north,A
ln_948e5aa229e8,2022-02-28,0,63864.35,26.56,2548.85,13.34,60,10y+,13.88,north,A
ln_e4225f7371dd,2022-08-31,1,58653.77,41.25,21217.09,18.208,36,5-10y,8.43,east,B
ln_eeba2b9f3903,2023-08-31,0,74874.95,25.76,19647.72,14.729,36,5-10y,16.22,north,B
ln_f76ea7514f45,2023-11-30,0,55548.74,24.12,16449.5,12.781,60,10y+,22.49,south,B
ln_dc5571f91b37,2022-07-31,0,75688.47,27.07,21646.04,13.378,36,5-10y,9.11,north,A
ln_a80f7ba81d47,2022-05-31,0,127196.94,11.69,3034.92,3.5,60,10y+,27.53,north,A
ln_189c8e502b1f,2023-06-30,1,65283.94,21.59,28456.93,11.784,36,<1y,21.12,west,B
ln_99adeefa476a,2023-03-31,0,47925.83,23.69,8707.55,10.377,36,5-10y,13.78,south,A
ln_ebedd8dde18d,2022-11-30,0,72571.8,23.77,31253.47,13.78,36,1-3y,11.05,south,A
ln_00a6da25d1a4,2022-08-31,0,63888.22,14.43,24113.01,13.624,36,3-5y,9.46,south,A
ln_5e128fe2bece,2022-10-31,0,115273.35,26.48,14817.77,14.847,36,3-5y,17.79,west,A
ln_d17c797b23a2,2023-06-30,0,90895.53,27.82,33801.76,9.592,60,10y+,14.29,west,A
ln_3c6256b01fa3,2023-09-30,1,141731.29,39.1,28589.82,21.045,36,1-3y,7.14,north,A
ln_68c7e959a8c1,2022-05-31,0,47549.25,28.48,11395.44,11.742,60,10y+,12.24,east,B
ln_9d0720222fba,2022-08-31,0,51985.93,6.49,21674.53,7.731,36,1-3y,10.81,south,A
ln_8ecc26e765ca,2023-09-30,0,59365.8,17.21,8634.33,12.73,60,5-10y,11.16,west,A
ln_adfcc647a4c9,2022-03-31,0,87247.06,25.61,19802.23,13.063,36,10y+,16.3,east,B
ln_8be9052956dd,2023-04-30,0,120511.2,7.58,6122.91,3.5,36,5-10y,11.89,west,A
ln_0cc76e464a97,2023-08-31,0,102131.95,28.44,25871.8,12.015,36,3-5y,14.85,north,B
ln_c5fc3b61b6e6,2022-09-30,0,55683.75,19.26,11318.06,9.419,36,10y+,23.61,south,B
ln_3b36538ab55b,2022-11-30,1,68628.43,11.61,10370.76,12.833,60,<1y,14.77,north,A
ln_5f749d77198f,2023-06-30,0,89167.61,10.28,10431.58,7.669,36,5-10y,17.55,west,A
ln_481b7ce04c21,2022-05-31,0,98264.85,17.95,6843.03,10.858,60,<1y,16.47,east,A
ln_1ae276796ba1,2023-10-31,1,75060.7,27.6,11645.99,16.621,36,5-10y,8.05,west,A
ln_d95cbecf46a6,2022-10-31,0,97658.09,20.64,10683.93,10.661,36,10y+,12.51,east,A
ln_9f26129af550,2023-11-30,0,117708.39,13.43,7695.84,8.749,36,10y+,17.75,north,A
ln_69ded9bcfc4b,2023-04-30,0,66468.85,11.2,14046.62,12.263,36,1-3y,6.18,west,A
ln_7eeeaa9fcb07,2023-07-31,0,74480.81,23.41,31580.77,13.442,36,3-5y,20.38,east,B
ln_28c34e4235de,2023-05-31,0,24853.7,10.17,8941.88,7.365,36,5-10y,17.46,north,A
ln_9236e178f2d9,2022-03-31,0,72666.76,14.21,8697.75,8.029,36,<1y,24.44,north,B
ln_2d5fb2213a94,2023-08-31,0,111178.3,15.84,17221.45,6.985,36,<1y,4.05,north,A
ln_4a192dd2c013,2023-10-31,0,49131.46,27.0,6609.92,13.689,36,5-10y,15.12,east,B
ln_34d75cab9b37,2022-05-31,0,83276.67,23.06,17872.44,12.456,36,1-3y,14.71,south,B
ln_34eaac52b49a,2023-02-28,0,44899.2,16.05,21478.34,13.72,60,1-3y,5.02,north,B
ln_6ffce4a7375e,2023-11-30,0,19914.0,14.64,7400.42,10.714,36,<1y,11.75,east,A
ln_d6b7ebbac1cb,2022-08-31,0,88234.87,24.05,8062.26,9.335,36,3-5y,13.21,south,B
ln_c8c2cd3fbaa8,2023-09-30,0,47777.07,24.06,9511.78,13.347,36,1-3y,6.75,south,B
ln_44313f16d3aa,2023-11-30,0,61222.43,29.96,20865.88,15.978,36,3-5y,11.35,west,B
ln_e759d12aae85,2023-11-30,0,74203.15,23.63,9389.93,15.675,36,5-10y,16.12,west,A
ln_c5b4e68b4ded,2022-01-31,0,54771.36,28.58,4646.88,12.008,36,5-10y,15.02,north,B
ln_fc823604642a,2022-03-31,1,35520.52,29.74,16170.03,11.546,36,5-10y,11.93,west,A
ln_a6972fa95bd8,2022-09-30,0,88850.05,7.42,8526.24,5.434,36,10y+,14.76,east,B
ln_5c62f8bd4539,2023-06-30,0,65039.44,20.22,15009.61,12.577,36,10y+,13.77,south,A
ln_be36c06c5390,2022-10-31,0,36877.87,28.3,6865.68,12.571,36,1-3y,17.69,north,B
ln_3d35e2fb1cc5,2023-04-30,0,107892.33,23.97,11799.03,10.364,36,5-10y,17.38,east,A
ln_6f1c86d89860,2022-02-28,0,53215.56,33.01,6853.43,20.522,36,5-10y,7.46,west,A
ln_d60f4a63e859,2023-06-30,0,62016.21,23.11,7608.43,11.266,36,5-10y,15.03,west,B
ln_001d814e7b7b,2023-12-31,0,30039.35,22.73,5935.51,15.484,36,10y+,10.27,south,B
ln_f779f7efa315,2023-09-30,0,70983.09,26.68,25855.5,14.668,36,3-5y,22.06,north,A
ln_e0839558bf7f,2022-09-30,0,37609.47,22.26,7504.22,12.151,36,3-5y,18.63,west,B
ln_cab42e295abb,2022-12-31,1,60867.7,26.85,43139.31,17.397,60,5-10y,9.94,west,A
ln_b87aa5af6ce7,2022-03-31,0,41297.24,15.12,14529.23,12.014,36,1-3y,8.37,north,B
ln_9c20edfc80ac,2023-04-30,0,64591.33,34.73,34959.48,16.844,60,5-10y,7.68,north,A
ln_0beb3258e6e0,2022-12-31,0,55883.18,22.71,11560.37,7.833,36,10y+,24.99,south,A
ln_cea6daedaa67,2023-10-31,0,51978.31,7.93,4947.87,4.262,36,10y+,19.24,east,B
ln_8cb33369d046,2022-05-31,0,108340.42,8.7,10396.89,9.437,60,1-3y,14.63,east,A
ln_74db951ec102,2022-09-30,0,71090.4,16.97,4897.52,9.805,36,1-3y,11.25,west,B
ln_34e3079e591a,2022-09-30,0,38121.37,29.63,22580.59,15.429,60,10y+,21.13,west,B
ln_f1279fed0636,2023-08-31,0,50972.0,13.67,7265.99,8.287,36,3-5y,9.07,north,B
ln_132567ba7beb,2023-10-31,0,83320.61,21.31,15504.61,13.118,60,<1y,5.06,south,B
ln_aba3c497d2af,2022-02-28,0,37467.39,13.2,9457.31,7.762,36,5-10y,12.85,west,B
ln_181984545dcf,2023-08-31,0,54275.65,17.83,16433.38,9.992,36,1-3y,13.14,east,A
ln_2431afcc5976,2023-07-31,0,92657.34,23.56,13608.79,10.513,60,10y+,24.45,east,A
ln_d16e6cfc0ff4,2023-05-31,0,34907.27,10.32,4298.58,14.429,60,3-5y,13.92,north,A
ln_cc364704eaef,2023-12-31,0,84082.19,15.64,5656.65,6.95,36,1-3y,22.35,east,A
ln_b15ce85df700,2023-05-31,0,36317.93,30.7,8017.91,14.581,36,1-3y,19.77,south,A
ln_ed8e33e581c4,2022-02-28,0,89893.37,13.37,10741.01,10.837,60,1-3y,10.85,north,B
ln_f331e38b80c9,2022-09-30,1,29311.77,32.28,19917.87,14.611,36,<1y,5.64,east,A
ln_fcfe6b2d98df,2022-11-30,0,52840.9,15.68,13214.63,10.702,60,<1y,17.87,south,A
ln_ef77e43e51e6,2022-03-31,0,53349.39,22.68,11777.14,13.859,36,5-10y,15.86,west,B
ln_c751f5e839d9,2023-08-31,0,124893.6,14.53,36403.23,14.528,36,10y+,12.56,north,B
ln_37d994dd1036,2022-09-30,0,79104.8,24.29,16294.74,14.279,36,<1y,8.19,east,A
ln_26e5c69c058a,2023-04-30,0,93884.27,14.73,14563.37,9.969,36,3-5y,12.13,east,B
ln_05e129376efa,2022-04-30,0,37999.87,15.5,11717.86,13.347,36,10y+,14.83,south,A
ln_2af638e85acd,2022-03-31,1,78458.49,38.07,7893.87,20.785,36,1-3y,9.86,west,B
ln_1df3f96c9741,2022-04-30,0,110174.45,20.7,7853.41,12.921,60,10y+,28.44,east,B
ln_8525990c3f53,2022-02-28,1,104057.58,24.35,7453.27,13.215,60,<1y,12.96,north,B
ln_5330e4af5591,2023-07-31,0,117031.8,24.33,14694.79,14.043,60,<1y,12.64,south,A
ln_a5c3282a4500,2023-08-31,0,59042.93,4.37,27748.68,6.57,36,10y+,14.47,west,A
ln_c68394685965,2023-12-31,0,93169.21,24.53,12094.27,12.152,36,1-3y,14.76,west,A
ln_59a77bd0bc3d,2022-09-30,0,46840.29,19.19,19731.75,11.131,36,<1y,9.37,east,A
ln_4c6edd0132ac,2023-01-31,0,58579.12,12.97,4328.48,8.366,36,5-10y,16.35,west,A
ln_53b595259247,2022-10-31,1,28213.6,22.1,40358.33,11.233,60,1-3y,6.41,south,A
ln_384d0042870e,2023-10-31,0,115565.5,21.47,28939.68,9.715,36,5-10y,12.58,east,A
ln_0cc0cf5e6d03,2022-07-31,0,89020.04,22.18,15276.61,13.009,36,5-10y,10.85,west,A
ln_078942822fe9,2023-11-30,0,85484.56,17.25,32489.04,7.63,60,<1y,8.1,east,B
ln_77ca8393c9f8,2022-06-30,0,83856.52,21.27,21570.33,8.465,36,<1y,10.6,east,A
ln_91a33bdd4dae,2022-03-31,0,92628.22,24.54,29092.61,12.524,36,10y+,17.66,west,A
ln_d93211d4d772,2022-10-31,1,116600.42,32.96,12925.88,18.022,60,3-5y,7.99,west,B
ln_db5a898f8021,2023-05-31,0,55199.06,11.51,12814.34,10.155,36,5-10y,10.9,west,B
ln_a1ac04b27978,2023-05-31,0,127620.98,33.91,13955.34,10.802,36,3-5y,9.92,south,B
ln_b15a11f1fe9e,2023-05-31,0,33785.88,30.45,34498.32,13.138,36,3-5y,11.75,south,A
ln_b3498e9badb5,2022-08-31,0,72226.88,11.85,18209.13,11.382,36,10y+,23.18,south,A
ln_226761ec1613,2022-09-30,1,25798.79,22.81,22006.61,16.053,60,10y+,14.64,south,A
ln_be9693b39780,2022-06-30,0,27420.36,11.98,16348.3,10.501,60,5-10y,16.32,west,A
ln_247bd2d63608,2022-11-30,0,104859.36,9.61,10687.83,4.347,36,3-5y,9.58,west,A
ln_6be641d24f28,2023-12-31,0,33470.07,30.78,11364.46,14.826,36,1-3y,20.87,west,A
ln_7a3f101c965a,2022-03-31,0,218144.6,22.06,13106.29,15.771,36,3-5y,11.5,south,B
ln_d247fb620b3d,2022-03-31,0,98065.07,18.07,22708.71,12.547,36,3-5y,11.27,south,A
ln_ce10b4c81cd0,2022-08-31,0,54692.14,19.87,8557.08,10.328,36,10y+,11.16,north,A
ln_9ca19d4f3f2b,2023-04-30,0,37787.85,8.55,28493.66,11.514,36,3-5y,13.64,north,A
ln_3e05dbe42139,2023-07-31,0,55027.39,17.02,14923.21,11.962,36,<1y,8.67,north,B
ln_93671636cad0,2023-02-28,0,39878.61,13.17,30451.42,5.491,60,5-10y,28.17,north,B
ln_40f3e8b47302,2023-09-30,0,61636.12,16.28,30492.35,11.949,60,5-10y,12.41,west,A
ln_625acae0db1a,2023-02-28,0,114889.74,27.09,12185.76,15.11,60,10y+,12.39,north,B
ln_285c526d0e7e,2023-03-31,0,41054.52,2.44,3078.07,8.203,36,<1y,10.45,west,A
ln_205d0eecc59b,2022-01-31,0,39809.8,27.42,9976.08,7.411,36,5-10y,23.71,east,A
ln_4d4f51251306,2022-03-31,0,54395.76,0.5,54126.8,6.527,36,<1y,8.83,west,B
ln_66b60cc0aed0,2022-01-31,0,57518.73,18.11,13857.93,11.664,36,<1y,11.6,west,A
ln_895502953d3f,2022-04-30,0,59180.67,22.03,36210.94,12.954,36,5-10y,9.29,south,B
ln_73766e640a6a,2023-02-28,0,89298.41,16.21,13684.47,15.705,36,10y+,19.06,east,B
ln_04569b30f404,2022-09-30,0,62477.59,20.71,41798.36,14.641,60,10y+,15.02,north,A
ln_59479ab12caa,2023-03-31,0,86782.59,24.65,13955.99,14.672,36,5-10y,8.35,south,B
ln_a013a7c80f92,2022-12-31,0,127763.37,11.88,10280.45,8.258,36,1-3y,10.04,north,B
ln_8f847a4f68b6,2023-08-31,0,97189.52,21.15,7526.6,11.866,36,5-10y,12.86,north,A
ln_0db257ff98da,2023-02-28,0,61836.03,28.7,28434.64,15.09,60,10y+,7.86,south,A
ln_dc48ebc80bfb,2023-11-30,0,91924.47,18.68,28948.35,8.945,36,3-5y,17.06,south,B
ln_1070f4366baf,2023-10-31,0,132387.33,11.59,18399.63,10.029,36,3-5y,17.89,north,B
ln_bd131c9043e0,2023-01-31,0,36316.85,21.62,8200.08,11.179,36,1-3y,10.35,east,A
ln_5ac39d3a9474,2022-02-28,0,99632.43,33.82,21630.35,13.104,36,5-10y,23.19,west,A
ln_afe4ca0b1ecf,2023-09-30,0,84656.6,16.97,12192.73,11.17,60,1-3y,12.96,south,A
ln_6efd38eba6e4,2022-05-31,0,23156.09,15.54,53480.24,9.282,36,5-10y,19.41,west,A
ln_3153265bb89c,2022-05-31,0,64972.53,24.06,18036.84,14.649,36,1-3y,6.85,south,B
ln_87c64cd5f6bd,2022-09-30,0,142494.33,22.52,7324.33,11.486,36,10y+,16.52,east,A
ln_949c53f6c7d0,2022-03-31,0,45365.42,16.12,8555.5,7.477,36,3-5y,6.39,west,A
ln_95bf951590d0,2023-05-31,0,40065.05,13.23,5035.86,10.941,36,3-5y,11.6,south,B
ln_8c67b6cb88c1,2023-02-28,0,64023.67,29.98,16040.77,13.535,60,10y+,30.0,north,B
ln_5ccd22f67cd8,2023-02-28,1,53331.89,37.54,14956.75,15.544,36,3-5y,15.31,south,A
ln_6228b662b2bd,2022-11-30,1,67531.43,29.16,14730.84,14.853,60,10y+,26.06,south,A
ln_193bdc43ff00,2022-12-31,0,60166.25,22.91,10142.07,14.663,60,1-3y,13.09,north,A
ln_4e8f85bf091e,2022-12-31,0,21070.19,23.56,15878.74,13.079,36,1-3y,19.72,west,A
ln_3e90278395bc,2022-07-31,0,51675.51,21.83,8383.05,10.313,36,5-10y,13.53,east,B
ln_92e2daf2c7aa,2022-11-30,0,57640.27,23.0,35051.92,11.295,36,3-5y,10.87,south,B
ln_23ca1a02ea0b,2022-06-30,1,29620.29,32.39,8751.68,13.506,36,1-3y,10.36,west,B
ln_0c28d60be424,2023-11-30,0,64573.95,25.41,9837.03,12.447,36,3-5y,7.4,south,B
ln_07ec985c75d2,2022-11-30,0,51016.21,20.11,14197.05,12.875,60,1-3y,5.84,west,A
ln_c5a58d94b8d7,2022-07-31,0,164159.62,32.76,14028.3,16.925,60,5-10y,23.37,east,A
ln_cd821a1eb527,2023-09-30,0,105743.18,28.29,12650.48,13.716,36,3-5y,9.19,south,A
ln_cb6c37273af0,2022-01-31,0,42916.02,19.77,24969.0,9.903,36,10y+,23.36,east,B
ln_c35f743431bd,2023-11-30,0,45259.71,29.7,12015.54,19.288,36,3-5y,14.66,south,A
ln_5b5392c28a57,2023-06-30,0,54738.84,34.07,7949.2,10.882,36,<1y,22.4,west,A
ln_3ff60059fe21,2022-02-28,0,51755.49,12.3,6594.71,10.259,36,3-5y,13.27,west,A
ln_7fc085c0dd43,2023-04-30,0,47199.5,24.36,8096.41,12.269,60,<1y,9.81,west,A
ln_6325639654f7,2022-08-31,0,62915.95,31.58,9838.96,14.896,60,5-10y,10.42,north,B
ln_3c59f6999659,2023-02-28,0,30426.06,11.12,14680.91,10.559,36,3-5y,15.12,north,A
ln_d62f64752add,2023-12-31,0,34932.0,22.06,6141.21,13.287,36,5-10y,16.4,east,A
ln_749eda84852b,2022-02-28,0,47586.07,14.6,32129.44,9.864,36,3-5y,22.22,south,A
ln_1eb933f4eb68,2023-06-30,0,37500.05,23.84,5570.79,11.417,36,10y+,27.77,west,B
ln_9cb527c24a88,2023-06-30,0,53223.58,24.2,5801.73,10.771,60,<1y,20.56,west,B
ln_5102218b65fd,2022-01-31,1,80770.5,13.68,20397.48,8.031,60,3-5y,8.7,south,A
ln_4a54827504ae,2023-08-31,0,76494.31,17.21,24009.26,10.311,36,3-5y,10.25,north,A
ln_d7169dee703c,2023-06-30,0,122310.75,29.22,15987.11,18.449,60,5-10y,15.33,north,B
ln_5612b6d329bb,2022-03-31,0,58818.01,21.42,11414.66,8.458,36,3-5y,20.42,north,A
ln_411b816d6615,2023-07-31,0,47686.77,31.6,14539.49,18.274,60,<1y,5.64,east,A
ln_905500706ed1,2022-08-31,0,62156.22,37.1,6314.82,17.006,36,1-3y,9.43,north,A
ln_1ff8d6b6d25f,2023-01-31,0,89172.96,14.61,9365.07,10.454,36,10y+,17.58,east,B
ln_8176f379bfbd,2023-04-30,0,63778.84,16.95,8599.26,9.249,36,10y+,18.97,west,B
ln_1c3ec1317376,2023-09-30,0,112086.69,11.15,8873.78,7.236,60,3-5y,18.53,east,B
ln_cc3b221114e4,2022-04-30,0,50515.58,25.6,12428.15,12.833,36,1-3y,25.15,south,A
ln_7eb525fd616a,2022-12-31,0,119110.82,18.02,20692.93,8.853,36,3-5y,10.1,east,B
ln_4efc7ae4f229,2022-09-30,0,49056.96,26.94,18109.67,7.81,36,10y+,30.1,east,B
ln_84f31964ca0f,2023-08-31,0,90945.93,16.93,13080.56,10.554,60,5-10y,16.78,east,A
ln_dc7208dd9e4e,2023-10-31,0,51686.05,8.78,13926.66,5.569,36,5-10y,12.63,west,A
ln_bbd33a0f5e63,2022-11-30,0,52020.26,6.29,15178.27,9.169,36,<1y,11.52,west,A
ln_b59d54585730,2022-03-31,0,52101.08,20.9,8930.17,8.655,36,3-5y,15.38,east,A
ln_6b796ddba529,2022-12-31,0,192693.54,25.3,14366.77,13.722,36,1-3y,6.12,north,A
ln_d50674c169f8,2022-02-28,0,47593.35,22.52,28338.34,12.491,36,3-5y,11.58,east,B
ln_efce3f2ee3f4,2023-10-31,0,93150.34,18.04,19083.1,11.055,36,<1y,20.83,north,A
ln_dc2f1a46f89d,2023-08-31,0,52863.9,14.91,10048.62,12.737,36,<1y,7.94,south,B
ln_0769f93c6270,2022-08-31,0,92573.83,23.36,16919.27,14.336,60,3-5y,6.59,south,B
ln_ad524625faa4,2023-04-30,0,40452.51,22.7,13355.47,12.112,36,1-3y,18.61,east,B
ln_83c68f5c45cd,2023-05-31,0,42774.15,19.64,12520.99,14.961,36,3-5y,11.77,east,A
ln_c6f66fd62f0e,2022-06-30,0,49207.31,30.44,13812.81,12.633,36,3-5y,18.62,north,A
ln_1e6d7344e1e1,2022-08-31,0,63526.64,23.14,20349.24,12.895,36,10y+,26.63,east,A
ln_8b8874c0cc11,2022-03-31,0,64726.62,20.98,16052.16,10.891,36,3-5y,16.85,east,A
ln_3ddd53647828,2023-02-28,1,43985.67,23.3,6545.26,18.214,60,10y+,18.22,east,B
ln_145f0d52831c,2023-12-31,0,108433.33,11.79,17607.98,7.307,36,5-10y,19.69,north,A
ln_2fd2b3571986,2022-10-31,0,89567.28,22.8,6144.92,12.667,60,3-5y,14.04,south,B
ln_0399ed73a0ce,2022-09-30,0,59970.3,9.1,16563.39,7.831,60,5-10y,7.98,north,B
ln_c6708bd9e5c4,2023-05-31,0,96247.75,28.04,12055.61,14.002,60,3-5y,8.04,west,A
ln_98503a4aa5b8,2023-04-30,0,115545.91,23.68,8170.77,11.488,36,1-3y,14.25,west,B
ln_c05f57e65efa,2022-12-31,0,156066.31,20.96,30956.76,14.806,60,<1y,8.88,south,B
ln_ef93ef593e7a,2023-03-31,1,62367.43,27.69,5218.57,14.059,36,10y+,20.37,north,A
ln_f9b8b6c0c3b3,2023-11-30,0,27533.03,35.83,17754.03,10.753,36,3-5y,22.03,south,B
ln_0c2e812e60ea,2023-01-31,0,67262.09,14.93,30704.6,9.401,36,10y+,17.93,east,A
ln_8238f10bdca6,2023-05-31,0,46020.75,22.71,11138.49,11.288,36,3-5y,14.57,east,A
ln_8ecb818cfbde,2022-02-28,0,92751.63,22.09,9427.45,9.406,36,3-5y,20.46,east,A
ln_c8fbe3729965,2023-06-30,0,34366.91,10.63,9332.39,4.185,36,1-3y,7.14,south,A
ln_0029a05db90a,2022-11-30,1,59196.95,28.38,10206.92,15.566,36,1-3y,3.88,west,A
ln_8132d250395c,2022-06-30,0,40054.26,20.04,13555.44,8.077,36,1-3y,10.75,west,B
ln_d438ba125dea,2022-03-31,0,124099.91,16.97,10461.17,12.607,36,10y+,13.65,south,A
ln_c00ac4eed86f,2022-03-31,0,77529.68,11.41,12179.19,7.371,36,1-3y,13.56,east,B
ln_0032dddb8445,2023-10-31,0,74218.74,20.15,6746.03,10.524,36,10y+,25.63,west,A
ln_264dca370588,2022-02-28,0,53051.59,17.69,15782.04,14.561,36,1-3y,13.73,east,B
ln_0043d05dcf73,2023-05-31,0,104576.94,22.34,9821.55,12.024,36,1-3y,16.03,north,A
ln_6d26d8d57747,2023-05-31,0,30656.63,18.34,4630.25,14.938,36,3-5y,12.85,south,A
ln_b3d2049de797,2022-03-31,0,124183.98,0.5,5042.68,6.808,36,3-5y,16.69,south,A
ln_6bbdc76c8845,2022-08-31,0,65206.89,23.39,21883.4,11.547,36,10y+,19.2,north,B
ln_b66fbb74d260,2023-07-31,0,127237.4,17.77,16637.04,11.031,60,10y+,13.27,north,B
ln_550935274529,2022-04-30,0,48239.51,21.94,27499.61,11.242,36,<1y,5.59,west,B
ln_dd0dcdc0e5b4,2022-04-30,0,72161.88,11.89,20458.46,9.245,36,3-5y,13.18,south,B
ln_d944a6a50b94,2023-06-30,0,112712.12,33.8,5624.43,15.624,60,5-10y,16.3,south,A
ln_8eb73fe77afb,2023-04-30,0,43860.8,18.85,21336.56,9.295,36,10y+,10.93,west,A
ln_6ea98342fc9d,2022-07-31,0,127660.7,15.2,8096.36,10.604,60,1-3y,13.45,south,A
ln_f3d368bd23d1,2023-02-28,0,33030.29,32.29,33025.1,13.421,36,10y+,18.87,west,B
ln_1cc10fb83cea,2022-08-31,0,59426.81,26.91,7035.82,13.92,36,10y+,18.12,east,B
ln_1fa28675e7c9,2023-02-28,0,71555.35,35.95,15659.26,17.76,60,10y+,15.39,east,A
ln_e162640e463d,2022-01-31,0,92316.05,0.77,6106.99,8.091,60,3-5y,17.25,north,A
ln_12c90cd51971,2023-03-31,0,35449.71,30.15,11004.81,12.795,36,3-5y,10.3,west,A
ln_e8d8c7e55b45,2022-10-31,0,80077.4,25.15,8830.73,12.871,60,1-3y,11.63,west,A
ln_b1a9228b2f54,2022-11-30,1,87154.33,22.94,7877.67,11.624,60,5-10y,20.07,north,B
ln_a962e9729cc9,2022-12-31,0,57893.73,30.38,19661.45,17.651,60,3-5y,15.31,east,B
ln_fa53cbc57326,2022-12-31,0,34898.67,28.76,9993.7,15.467,60,3-5y,16.25,south,B
ln_36ab8855e379,2023-01-31,1,48849.15,28.6,8191.26,15.404,60,1-3y,13.48,east,A
ln_3185bf13ec6a,2023-01-31,0,58807.03,22.65,27067.34,12.774,36,5-10y,12.47,west,A
ln_052cdb941fad,2022-08-31,0,38330.98,38.5,7320.31,17.959,36,5-10y,12.52,north,A
ln_4ae371e2bcba,2022-04-30,1,51045.24,20.82,14590.74,12.199,60,10y+,11.31,south,A
ln_4fb9d8812954,2022-03-31,0,43257.22,14.79,11147.18,12.145,36,10y+,16.11,north,B
ln_a632fd31f832,2023-11-30,0,92152.56,22.65,42275.39,15.485,36,1-3y,4.96,south,B
ln_da32e1612ca0,2022-12-31,0,65346.64,21.48,7621.37,13.954,60,1-3y,12.79,west,B
ln_26756e313258,2022-02-28,0,84554.1,21.35,5141.6,14.176,60,1-3y,11.83,south,A
ln_a2a9f70e4431,2023-03-31,0,61612.49,15.71,7498.16,12.083,36,5-10y,13.57,south,A
ln_89f9f9a3860c,2022-01-31,0,81900.23,22.32,18980.64,14.412,36,10y+,9.8,west,A
ln_0de0aa83fb5d,2022-03-31,0,64567.31,27.54,8755.36,15.96,60,<1y,13.82,south,A
ln_099681679b5b,2023-03-31,0,54785.41,26.01,18650.8,12.602,60,10y+,19.58,east,A
ln_617852bbd746,2022-01-31,0,35950.69,15.01,19057.16,11.338,36,10y+,18.61,north,B
ln_897e10a28a2d,2023-01-31,0,100720.84,16.37,9812.3,11.975,60,10y+,12.04,east,A
ln_6c253b670279,2022-02-28,0,68353.37,25.43,7560.57,13.089,36,3-5y,19.71,east,B
ln_5b09f0c2e613,2023-06-30,1,33568.87,32.18,29315.75,16.3,60,3-5y,9.33,west,B
ln_c5ff1441e267,2022-05-31,0,67134.69,21.16,17669.79,12.51,36,5-10y,6.64,east,A
ln_51dbd2ef07da,2023-10-31,0,72942.7,22.04,42086.75,14.362,36,3-5y,6.24,south,B
ln_aa3e7dde7824,2022-11-30,0,33573.65,37.83,4324.65,18.235,36,3-5y,13.55,west,A
ln_3862cfd99225,2022-03-31,0,89792.11,30.08,5331.7,16.605,36,1-3y,10.01,west,B
ln_ca7291e3dce7,2022-07-31,0,52771.98,16.73,14388.07,11.208,36,1-3y,9.28,west,A
ln_869edd812a47,2022-01-31,0,59748.92,24.42,12323.16,12.196,36,1-3y,7.95,west,A
ln_37b645de3424,2022-11-30,0,55109.72,25.01,27462.07,12.52,36,3-5y,16.83,north,B
ln_73ca258980f9,2023-07-31,1,52468.62,27.81,12763.51,11.396,36,10y+,13.08,south,A
ln_9103cc446865,2023-10-31,0,78417.29,20.48,6436.4,12.952,60,1-3y,15.46,east,B
ln_98623c80d366,2023-08-31,0,122387.33,16.66,6894.26,13.609,36,<1y,7.58,west,B
ln_9b59a743e953,2022-09-30,0,50792.75,21.08,10563.2,13.726,60,3-5y,8.74,east,B
ln_167f3b84526e,2023-10-31,0,102334.87,28.59,21969.8,12.452,36,5-10y,13.17,east,A
ln_08336e09d3db,2023-08-31,0,26922.34,28.65,14275.23,16.678,36,10y+,8.85,west,B
ln_a4fe4c75b88e,2023-10-31,0,46170.75,22.78,47844.89,7.852,36,5-10y,14.98,west,A
ln_487769e2d122,2023-02-28,0,80872.19,34.17,12937.16,18.358,60,1-3y,10.58,north,B
ln_dbdbc30a2333,2022-11-30,0,94377.04,28.93,22692.48,12.923,36,5-10y,18.68,north,B
ln_88a5119e95cd,2023-12-31,0,54607.55,23.63,12208.03,10.483,36,5-10y,13.71,south,A
ln_e6bdf6f7e5f7,2022-09-30,0,59005.87,12.72,10327.72,6.254,60,5-10y,10.95,south,A
ln_1b68a97db7f1,2022-05-31,0,52169.06,29.89,18394.18,15.519,36,1-3y,13.49,east,A
ln_a33f799fb403,2022-04-30,1,68772.48,37.54,25661.35,18.338,36,1-3y,7.28,west,A
ln_60e98ca99887,2022-05-31,0,141580.35,24.0,9562.55,10.73,36,<1y,10.76,south,A
ln_894e53810098,2022-12-31,0,65030.89,22.93,12214.98,8.619,36,3-5y,9.96,east,B
ln_907db285c8dd,2023-02-28,0,37159.88,22.34,37164.23,9.242,36,3-5y,20.2,north,A
ln_7d9d4dba3146,2023-04-30,0,70332.91,22.23,85527.75,13.157,60,1-3y,6.33,west,A
ln_a68979d18a27,2023-09-30,0,33995.55,21.48,13007.34,12.421,60,1-3y,8.23,west,B
ln_54ec53761363,2023-08-31,0,65042.8,14.58,48056.97,10.663,36,<1y,6.85,north,A
ln_1d14021f8827,2023-12-31,0,60099.79,29.55,18380.11,17.59,36,1-3y,10.79,north,B
ln_8fec5924ebd2,2022-04-30,1,24493.03,19.77,44855.44,12.844,36,5-10y,15.71,south,B
ln_af4efb62d0de,2023-04-30,0,45989.68,14.46,9094.5,9.044,36,1-3y,16.76,east,A
ln_574ed921ca1d,2022-09-30,0,62324.62,32.37,11358.88,13.316,60,1-3y,18.91,east,B
ln_8276f54aebf0,2022-11-30,0,106536.01,12.48,10033.35,9.404,60,1-3y,9.84,west,A
ln_fad2773509f5,2023-04-30,0,43304.77,16.19,7182.72,14.215,60,1-3y,12.9,north,A
ln_d6e80e4d94cd,2023-08-31,0,48824.69,19.08,13453.4,8.613,60,1-3y,15.83,north,A
ln_5bfe28ba4563,2022-10-31,0,32040.81,16.89,14379.9,9.954,36,1-3y,12.48,north,A
ln_8e63d9973a5a,2023-08-31,0,46109.75,13.5,13243.08,15.037,36,1-3y,13.79,south,B
ln_b851b69908a2,2022-11-30,0,47375.08,26.95,6932.54,15.589,36,5-10y,11.05,south,B
ln_c06756676e47,2023-03-31,0,51038.84,30.5,18070.71,17.825,36,10y+,11.84,west,B
ln_06c1073ad538,2022-06-30,0,65742.57,22.43,9765.82,11.174,36,1-3y,13.29,north,B
ln_b62482623eb7,2022-10-31,0,133355.73,19.88,15934.09,11.616,36,3-5y,13.78,north,B
ln_00dc85a7d96e,2023-10-31,0,64939.12,28.38,10977.91,14.526,36,5-10y,13.75,south,B
ln_41258b42bfff,2022-10-31,0,16679.75,28.51,10993.38,12.653,36,3-5y,16.06,east,A
ln_d7eee22a5f05,2023-08-31,0,99231.85,22.34,16749.93,14.028,36,5-10y,13.64,south,B
ln_c626308954cb,2022-11-30,0,42410.68,30.63,110902.06,16.898,36,3-5y,7.42,south,A
ln_4992fba09c1d,2022-01-31,0,54023.82,19.89,9877.62,15.866,36,1-3y,7.5,south,B
ln_793032c1d48c,2023-11-30,0,60266.35,8.92,16631.12,11.081,60,<1y,4.38,south,A
ln_e59a5989a041,2022-05-31,0,80216.62,20.88,13915.54,11.745,60,1-3y,5.36,east,A
ln_f4dacf341d25,2023-02-28,0,102635.62,4.03,32705.25,6.826,36,5-10y,11.65,south,A
ln_2b865266bdbc,2022-05-31,0,160418.63,4.07,25143.15,9.33,36,5-10y,9.94,east,B
ln_9ac0863c11c7,2022-08-31,0,77787.27,17.59,21010.83,15.793,36,3-5y,7.57,west,B
ln_7d6b534203a9,2022-10-31,0,72591.12,13.94,23535.07,8.741,60,10y+,15.59,north,A
ln_bb99ce6865a8,2023-04-30,1,74740.75,31.01,8927.89,14.122,60,1-3y,11.26,west,A
ln_2b45583c52cc,2022-07-31,0,73002.32,23.88,19435.0,13.96,36,3-5y,25.56,south,A
ln_69d052cd09b7,2023-09-30,1,42539.36,10.99,22666.79,8.14,36,<1y,6.6,east,A
ln_fe85e2148892,2022-02-28,0,94891.91,12.02,7342.0,7.878,36,5-10y,12.22,west,A
ln_05b9dd2fe3b2,2023-06-30,0,81404.67,14.73,7880.41,13.107,36,1-3y,10.55,north,B
ln_1144d1696144,2023-10-31,1,27499.88,26.74,9681.19,16.848,60,1-3y,8.9,south,B
ln_738de4c91dcc,2023-11-30,0,62246.36,17.52,6347.93,13.2,36,3-5y,8.29,west,B
ln_2222db18cc34,2023-01-31,0,30329.26,11.96,11447.9,9.83,36,1-3y,6.11,west,B
ln_9604fb899fb5,2023-10-31,0,70200.5,15.6,11943.07,10.649,36,3-5y,13.13,south,A
ln_f1a66ad4992f,2023-08-31,0,119557.01,16.04,10976.77,11.029,60,1-3y,6.42,north,B
ln_29a096521b6d,2023-12-31,0,56649.81,3.62,22059.09,3.5,60,1-3y,27.79,east,B
ln_ca169c48219f,2023-08-31,1,55012.97,15.2,19299.01,9.18,36,1-3y,7.06,north,B
ln_5851e728e807,2023-03-31,0,79239.77,11.12,20921.25,8.218,60,1-3y,7.85,south,B
ln_cfe19fa531a9,2023-02-28,0,25566.32,16.73,15540.8,9.726,36,1-3y,16.88,south,A
ln_9e25504743f1,2022-10-31,0,38668.81,18.21,8512.04,10.281,36,5-10y,9.52,south,A
ln_a256b01ad005,2022-07-31,0,34384.46,5.19,24820.6,6.478,36,1-3y,9.76,east,B
ln_afbf1af88260,2022-06-30,1,54568.02,25.71,6575.75,17.431,60,10y+,13.95,east,A
ln_7f90f58be0f3,2023-09-30,0,64791.74,20.72,17926.14,14.116,60,10y+,10.56,south,A
ln_105c5b003ee6,2022-09-30,0,48047.28,32.96,10820.48,17.327,60,3-5y,12.74,north,B
ln_3fed3cd3fc95,2023-10-31,0,45793.36,18.64,6725.43,9.319,36,3-5y,15.37,north,A
ln_fa95a87e8a83,2022-01-31,0,61792.17,22.8,52973.66,11.64,36,1-3y,11.34,west,A
ln_1b77ffb28ac5,2023-08-31,0,60452.49,21.03,5376.32,11.043,36,1-3y,10.85,east,B
ln_b0b5d1f6d04f,2023-09-30,0,40926.35,9.0,10804.27,10.981,60,5-10y,10.44,west,A
ln_ab09c8c034dc,2023-08-31,0,129029.18,15.45,5653.45,10.623,36,<1y,6.06,south,B
ln_6b93c1ffadd3,2023-06-30,0,80607.09,5.79,5333.53,9.494,36,3-5y,6.27,south,A
ln_6d6b9c83b9ac,2022-03-31,0,57702.46,16.73,25291.65,11.669,36,3-5y,11.07,north,A
ln_67a817b42b2f,2022-01-31,0,21824.37,17.6,11879.51,11.366,36,<1y,12.99,south,B
ln_96a69c8e815e,2023-04-30,0,61575.41,11.65,28165.85,9.564,36,10y+,11.75,west,A
ln_6e60a0bca526,2023-12-31,0,50083.04,22.33,16148.85,7.883,36,3-5y,28.75,south,A
ln_a938bd642fa6,2023-10-31,0,57187.67,17.14,17814.21,13.756,36,3-5y,14.56,west,A
ln_612ea5ef57ee,2022-06-30,0,93144.43,27.99,12527.62,14.456,36,3-5y,18.4,west,A
ln_4aaf0168bc5e,2022-07-31,0,34730.31,16.21,11883.31,12.135,36,10y+,12.65,west,B
ln_8118bf52b03f,2023-09-30,1,153029.28,19.29,26262.84,13.842,60,<1y,6.96,east,B
ln_cd0ce377ec92,2023-05-31,0,44422.67,19.93,28203.49,15.527,60,<1y,9.34,west,A
ln_a5df4ed38b9d,2023-04-30,1,27530.18,28.03,14269.08,14.349,36,5-10y,16.37,east,A
ln_93ecf0612af9,2023-10-31,0,68247.28,35.74,7206.35,18.813,36,1-3y,7.73,east,B
ln_bb607339d89b,2022-07-31,0,41308.0,25.55,8822.0,12.401,60,1-3y,6.91,west,A
ln_4bfd169bbdee,2023-07-31,0,62109.09,22.65,25854.52,9.99,36,1-3y,19.8,south,B
ln_bd3f7a2835c9,2023-01-31,0,87544.42,21.52,12296.68,12.731,36,5-10y,15.65,east,A
ln_ac7ad034e232,2023-11-30,0,58882.62,25.29,25332.62,14.381,36,10y+,15.58,west,B
ln_b11d6e5cb463,2022-04-30,0,66421.57,14.08,13044.86,10.173,36,<1y,12.81,west,B
ln_0da054d839b2,2023-10-31,0,75416.62,14.62,16675.88,7.798,36,3-5y,13.43,east,A
ln_8db7b2c33c38,2023-06-30,0,39591.73,24.68,19099.56,14.957,60,<1y,12.92,north,A
ln_78c56f5cad2c,2022-02-28,1,95602.87,27.85,18627.93,9.226,36,3-5y,11.53,east,B
ln_1fbd9ad3e3b8,2023-05-31,0,80681.4,14.86,5192.83,11.38,36,5-10y,13.46,east,B
ln_43f0a2bb63d2,2023-02-28,0,64330.18,19.07,26228.39,8.763,60,10y+,16.72,east,A
ln_894eb82875fc,2023-07-31,0,46386.44,26.17,13596.05,12.089,36,10y+,15.03,south,B
ln_35145cbdc774,2022-05-31,0,90593.03,6.37,13543.94,7.877,36,3-5y,19.27,east,B
ln_93cfc5be9a9b,2023-09-30,0,54874.08,27.83,21753.66,13.98,36,5-10y,12.38,south,A
ln_67be33189b68,2022-04-30,0,92545.92,17.99,9342.4,9.047,36,<1y,14.53,south,A
ln_9a4238e90392,2022-09-30,0,54172.01,30.24,11978.89,17.804,36,5-10y,9.69,south,A
ln_40020c99d9d2,2022-06-30,0,149191.33,1.86,23614.2,7.258,36,1-3y,6.65,north,A
ln_0a2707d8a0fb,2023-10-31,0,26465.36,15.41,15949.59,8.859,36,5-10y,9.06,west,A
ln_7e823dbedbc7,2023-10-31,0,136517.82,7.65,30689.11,5.601,36,10y+,18.81,east,A
ln_cba10662cbb8,2022-12-31,0,186846.66,10.66,26927.56,11.482,36,3-5y,12.33,west,B
ln_b5bf8a3b8970,2022-12-31,0,61729.53,1.39,8024.65,8.058,36,1-3y,12.53,south,B
ln_e490fdfeaba6,2022-07-31,0,38841.34,25.33,29244.46,15.672,36,<1y,20.13,west,B
ln_5e4fb751676f,2023-02-28,1,60415.06,31.04,22492.08,18.452,60,1-3y,10.04,east,A
ln_f07220aeba22,2022-03-31,0,78435.21,25.49,23109.17,16.216,36,1-3y,9.68,north,B
ln_f45beac54f85,2023-08-31,0,112960.24,26.35,2465.21,10.236,36,1-3y,12.58,west,A
ln_0544f7165953,2022-01-31,0,29259.96,15.75,3472.14,9.257,36,1-3y,8.12,east,A
ln_9c696503b3cb,2023-08-31,0,59967.73,16.73,16880.93,9.512,36,3-5y,21.66,south,B
ln_5598485f628b,2022-05-31,0,166497.56,21.09,10281.97,12.575,36,5-10y,17.29,south,B
ln_24d5aba5d77d,2023-10-31,0,114417.25,24.25,20818.3,12.876,60,10y+,11.41,south,A
ln_c81ee5792c96,2023-07-31,0,27026.9,30.47,6179.2,18.504,36,1-3y,8.51,west,A
ln_a0b250fa2c9f,2023-12-31,0,186561.61,15.53,9498.51,9.74,60,1-3y,8.84,south,A
ln_c6e5dc15ca33,2022-04-30,0,47942.21,20.48,11612.58,10.563,36,1-3y,13.7,west,B
ln_345ccde39238,2022-05-31,0,60778.03,15.91,17092.83,10.221,36,5-10y,13.56,west,A
ln_bc254d538beb,2022-12-31,0,108025.26,1.52,7252.9,5.348,36,<1y,20.59,north,B
ln_39785193955b,2022-05-31,0,69383.82,21.46,16507.23,13.33,36,3-5y,7.96,north,A
ln_13d732b9493c,2022-10-31,0,77650.34,32.09,25062.65,17.718,60,1-3y,10.41,north,B
ln_78d8fde2f19d,2023-07-31,0,36631.16,22.92,10695.52,13.761,60,1-3y,13.87,south,A
ln_178e318dcc01,2023-01-31,0,72229.99,29.39,28586.5,18.469,60,1-3y,12.96,north,A
ln_8e70a86a1eda,2022-10-31,0,46877.07,21.99,11831.71,11.001,36,1-3y,12.65,west,A
ln_a7e37999807e,2023-12-31,0,37309.51,19.34,12781.82,11.16,36,3-5y,15.92,east,A
ln_efe1ca426b1e,2022-03-31,0,104207.41,29.99,5998.24,16.591,36,10y+,19.15,east,A
ln_8c0c7873cbaf,2023-06-30,0,81125.17,12.73,14482.32,9.281,36,1-3y,9.07,east,A
ln_6d0a10bae150,2022-08-31,0,103114.22,25.22,6112.56,12.514,36,3-5y,8.75,south,B
ln_35a67c2bf932,2023-11-30,0,69589.84,18.65,3489.5,11.28,36,10y+,12.8,south,A
ln_18738937a04d,2023-12-31,0,72373.32,8.55,5921.47,10.819,60,<1y,16.63,south,A
ln_717fa94e745e,2023-06-30,1,55567.11,19.38,67874.65,14.275,36,3-5y,10.0,north,A
ln_1207067cedb5,2023-04-30,0,77626.62,20.14,32304.34,12.127,36,10y+,13.32,north,B
ln_d9137c0a7e5b,2022-04-30,0,36578.84,23.16,5863.78,14.652,36,10y+,14.57,east,B
ln_e5e0f8f9bc07,2022-04-30,0,47769.31,15.95,6352.07,10.638,36,5-10y,11.16,south,A
ln_90fb912e08f3,2022-11-30,0,92189.64,19.68,8599.8,13.106,36,1-3y,11.41,south,B
ln_063cf1d5a279,2023-05-31,0,26994.38,16.59,15655.3,12.889,36,1-3y,15.84,south,A
ln_ea2d85bbab95,2022-09-30,0,77781.72,12.35,16521.94,9.092,36,5-10y,11.39,east,A
ln_7c38616ad9a2,2022-07-31,0,56543.1,13.24,5484.79,13.335,60,3-5y,8.96,south,A
ln_8725e24a17ed,2023-09-30,0,52761.58,19.29,19111.05,9.241,36,1-3y,12.45,north,B
ln_4336d8a00452,2022-03-31,0,89254.84,34.97,28753.03,16.408,36,1-3y,7.97,south,A
ln_78bcfa5dbd96,2022-03-31,0,70696.08,13.61,8695.28,9.947,60,1-3y,21.37,west,B
ln_179e63eefdde,2023-11-30,0,113431.42,14.18,10343.2,11.442,36,<1y,14.25,east,B
ln_9617aa451f1d,2022-02-28,0,67614.54,30.01,20180.49,14.814,60,3-5y,5.51,west,A
ln_f54c3e82743c,2023-12-31,0,96046.33,8.27,44284.94,9.987,36,10y+,14.77,south,B
ln_e374d524c1d8,2022-03-31,0,56087.14,27.95,22800.07,15.155,36,5-10y,8.51,west,A
ln_f3654b93a771,2022-12-31,0,100280.7,32.53,9550.84,18.038,60,3-5y,16.32,east,B
ln_f0caeb1dd219,2023-06-30,0,43087.63,16.99,6187.45,10.131,36,1-3y,9.08,south,A
ln_adcbaf1f59ab,2022-07-31,0,188398.4,29.56,13848.79,13.937,60,10y+,22.01,north,B
ln_456c0e95a1af,2023-04-30,0,71515.27,10.54,8373.57,7.579,36,10y+,21.88,east,B
ln_40607267cc15,2022-03-31,0,51967.65,19.96,11062.15,14.067,36,3-5y,18.15,south,A
ln_e8c6e50fb8f6,2022-01-31,0,46276.53,31.56,6495.27,12.027,60,1-3y,15.39,south,B
ln_f983260037d1,2023-11-30,0,21234.76,36.1,8890.17,21.188,36,1-3y,8.25,east,A
ln_c7dd15d0f193,2022-02-28,1,67480.49,25.89,1571.13,14.027,36,<1y,5.36,east,A
ln_e69bf4246c86,2022-07-31,0,32706.63,22.23,7535.37,10.441,36,1-3y,9.29,north,A
ln_e03f39952251,2023-03-31,0,103640.96,0.5,6860.71,5.431,36,1-3y,15.13,south,B
ln_b6bb8449ef3f,2022-11-30,0,65767.62,35.08,22668.26,15.172,60,5-10y,10.68,east,A
ln_9f48513d4f25,2022-05-31,0,130335.99,24.03,7014.06,11.469,36,<1y,10.15,west,B
ln_1240eda1c02b,2023-03-31,0,50672.15,6.76,14873.51,8.319,36,5-10y,15.17,south,A
ln_6cbb09b64096,2023-02-28,0,67965.57,17.37,11920.17,11.494,36,<1y,13.66,east,A
ln_fba47b69e9c2,2023-06-30,0,82371.08,8.04,14609.27,10.761,60,1-3y,8.96,west,A
ln_3aa38c2c1687,2023-10-31,0,63164.94,19.59,8607.38,7.527,36,1-3y,14.32,east,A
ln_cf7908494116,2023-12-31,0,70036.56,22.02,7255.24,10.57,36,1-3y,14.32,north,A
ln_5ff23008e11c,2023-05-31,0,97998.37,16.87,37126.67,8.689,36,10y+,21.39,west,A
ln_8f3fdb6dacd6,2022-04-30,0,107657.61,30.58,22271.11,12.971,36,1-3y,9.28,west,B
ln_9aafad312554,2022-11-30,0,95050.22,25.36,17214.49,10.963,60,10y+,16.14,west,A
ln_235a69beb0c1,2022-12-31,0,64634.22,11.95,16701.32,9.515,36,<1y,11.35,south,A
ln_9005d98247a9,2023-01-31,0,82589.21,6.98,20339.21,7.423,36,10y+,9.03,west,A
ln_47a54d3a0a04,2022-06-30,0,69869.96,6.53,13087.96,10.355,60,1-3y,4.86,north,A
ln_20ffd38cbbc9,2023-09-30,0,55505.08,12.0,48557.61,11.178,60,1-3y,8.2,west,A
ln_b3ba99a7d3c3,2022-06-30,0,47259.82,15.19,7531.42,9.438,36,1-3y,13.2,south,A
ln_2c761f62ff6c,2022-08-31,0,93839.95,19.61,12713.88,9.486,36,3-5y,10.09,north,A
ln_6e2dd2974255,2022-12-31,1,177890.85,32.1,7010.83,14.831,60,3-5y,10.26,east,B
ln_7287ed39c03f,2022-02-28,0,28299.07,18.12,8068.21,12.928,36,<1y,10.67,south,A
ln_2f3fb53baeda,2022-02-28,0,76389.37,25.81,16066.55,14.596,60,1-3y,13.58,west,B
ln_6410accadb46,2023-04-30,1,51700.83,37.54,24094.93,21.581,60,3-5y,15.07,west,B
ln_da9ae0307fb3,2023-09-30,0,41626.5,12.88,24616.25,6.532,36,5-10y,21.09,north,A
ln_3350a07a2e1f,2023-05-31,0,41904.94,25.73,10393.52,11.342,36,5-10y,14.34,east,A
ln_cbd72d1f1dc6,2023-10-31,0,38933.56,15.38,3656.2,11.181,36,3-5y,11.13,south,A
ln_184771fd9158,2022-12-31,0,93031.72,23.5,2462.01,9.751,36,5-10y,17.55,east,A
ln_b60277da5d27,2023-04-30,0,36686.56,27.36,14081.49,11.294,36,3-5y,14.68,north,A
ln_e34c8131a371,2023-03-31,0,202112.14,17.29,13349.07,12.111,60,5-10y,14.16,north,B
ln_c6f21d208805,2023-07-31,0,70815.69,19.04,29124.24,12.633,60,5-10y,15.98,east,A
ln_0513bd70f818,2023-01-31,0,140388.34,22.95,28440.89,12.461,36,5-10y,12.37,north,A
ln_9aa90f112cdb,2023-05-31,0,69051.8,36.52,16794.23,17.224,60,<1y,14.92,east,A
ln_02ecd0a7e08b,2023-12-31,0,94711.76,23.01,29565.21,10.716,36,1-3y,13.2,north,B
ln_690d7ea79903,2022-09-30,0,94260.96,3.17,10041.4,8.5,36,3-5y,10.88,west,A
ln_dfbd3e977f35,2022-08-31,0,68935.72,15.54,11177.68,14.173,36,3-5y,17.2,north,A
ln_1287e3a3aa3c,2022-09-30,0,38223.14,13.39,30269.28,10.718,60,10y+,22.74,east,A
ln_5c6b9ce11bce,2022-06-30,1,68540.81,21.91,24510.54,11.906,60,3-5y,17.72,south,B
ln_f16fd137bae4,2023-03-31,0,83943.32,25.01,18231.46,13.091,36,10y+,12.15,south,A
ln_784e7e2f6bfe,2023-07-31,0,32658.6,21.65,6838.91,15.055,60,10y+,18.21,north,A
ln_6bad7b07fbc5,2022-08-31,0,122488.14,20.75,60828.74,15.35,60,5-10y,7.69,south,B
ln_c6fac6859a8e,2022-11-30,0,26473.14,41.01,13509.28,16.255,36,3-5y,6.83,south,A
ln_95854006f2b4,2023-06-30,0,72121.88,26.95,21864.19,17.206,36,3-5y,7.86,north,B
ln_6e89866a3ebc,2022-04-30,0,77161.4,23.58,10928.94,12.206,36,5-10y,12.77,south,A
ln_8f8c3f44d944,2022-07-31,0,47135.27,24.26,7961.25,14.043,60,10y+,16.39,west,B
ln_f25930759754,2023-04-30,0,45900.01,25.63,29809.14,13.183,60,3-5y,14.01,north,A
ln_0a3f0e1f376a,2022-10-31,0,54123.13,25.26,19458.46,12.479,60,10y+,19.21,east,A
ln_5e99a9f6435f,2023-01-31,0,69703.5,19.09,16130.7,8.792,36,3-5y,24.46,east,A
ln_61698a6497f8,2023-12-31,0,41906.84,11.62,11969.78,7.901,60,3-5y,18.38,west,A
ln_e9f8069a6b6a,2022-12-31,0,41518.39,13.01,11321.15,10.629,36,<1y,12.88,west,A
ln_b2342988d1a6,2023-08-31,0,47916.39,24.77,24863.49,17.058,36,5-10y,9.41,south,A
ln_9a17f46c4efe,2022-07-31,0,50806.53,17.87,44194.59,11.611,60,3-5y,11.0,south,B
ln_644dad0d1244,2022-07-31,0,99474.7,11.2,26145.23,10.137,36,3-5y,7.31,north,A
ln_910ed27157a7,2023-07-31,0,22837.92,16.59,31965.71,8.236,36,5-10y,22.04,south,B
ln_2498fb1774f6,2023-09-30,0,95769.9,9.95,4375.7,8.679,60,5-10y,17.88,west,A
ln_c87249eb1ca8,2022-12-31,0,28174.56,18.17,43729.94,10.166,36,10y+,18.24,east,B
ln_3bf4bc413264,2022-11-30,0,67383.24,28.53,36334.18,12.537,36,3-5y,10.98,south,B
ln_b754695006e0,2023-04-30,0,138042.04,16.02,19609.28,12.089,36,1-3y,7.68,north,A
ln_890158a17ac5,2023-06-30,0,30487.3,32.12,17060.33,15.391,36,5-10y,8.13,east,A
ln_b510095ffd1d,2023-11-30,0,48823.05,28.63,4343.28,14.647,36,3-5y,17.94,south,A
ln_028ff4b89321,2023-10-31,1,44157.27,28.1,11368.43,13.0,60,1-3y,5.93,north,A
ln_02c9ebc83e8d,2023-06-30,0,88804.53,31.75,10930.18,13.723,36,<1y,8.33,north,B
ln_2dc45eb83a90,2023-02-28,0,52145.6,25.72,19751.61,13.03,60,1-3y,9.29,south,B
ln_45bb9f369730,2023-08-31,0,63448.07,13.15,25858.9,6.472,36,1-3y,19.99,west,A
ln_ab6a006e47da,2023-12-31,0,102746.78,20.73,25203.09,13.287,36,5-10y,21.55,west,B
ln_713699ab513d,2023-10-31,0,73152.53,28.91,14627.97,15.152,36,5-10y,10.09,south,A
ln_8b4f8f91c0cc,2022-11-30,0,73509.05,19.69,25814.5,13.684,36,<1y,5.19,south,A
ln_f0d65ac3268d,2023-11-30,1,33373.1,40.26,7835.22,14.148,36,5-10y,19.51,north,B
ln_cd780230455d,2022-02-28,0,69998.5,18.44,16492.87,10.875,36,5-10y,6.11,east,B
ln_647ff17d8489,2022-12-31,0,101966.31,13.36,14199.93,8.543,36,3-5y,22.47,south,A
ln_8bdcdaaafb4a,2022-10-31,0,74075.12,16.76,11842.51,10.325,36,1-3y,10.62,north,A
ln_e27cb4e99362,2022-08-31,0,139298.22,11.27,28973.64,9.26,36,1-3y,4.28,north,B
ln_08a2ff1f812d,2023-12-31,0,69364.54,18.75,37549.55,12.629,36,<1y,17.38,north,A
ln_cd1b6a9f9004,2022-11-30,0,70888.72,22.48,9861.32,9.834,60,1-3y,12.27,west,B
ln_f720706dc604,2023-07-31,1,68182.32,31.18,47718.93,17.409,60,3-5y,13.25,east,B
ln_2ccf9ed0088e,2023-07-31,0,112869.86,14.76,12835.57,11.353,60,3-5y,28.91,north,B
ln_e8a812ed772e,2023-04-30,0,75905.37,33.52,15246.14,13.994,36,3-5y,15.97,south,B
ln_6b7246189545,2022-06-30,1,42390.27,35.31,12666.36,17.514,36,3-5y,20.46,north,B
ln_55f4dc06a1c6,2022-03-31,0,78635.01,11.9,29543.39,8.009,60,10y+,15.89,south,A
ln_1ad1044503e7,2023-09-30,0,27228.51,21.95,11443.01,9.555,36,<1y,15.09,north,A
ln_6685b8f3dc28,2023-11-30,0,88340.93,20.62,18207.56,11.916,60,5-10y,13.43,north,B
ln_59c53ec4dce8,2023-12-31,0,71844.48,11.5,9142.89,11.631,36,1-3y,8.71,north,B
ln_c15b3781a086,2023-08-31,0,70180.89,5.12,13740.42,5.513,36,<1y,8.65,south,A
ln_e5394a3c6efa,2023-01-31,0,58725.34,11.26,10201.47,9.622,36,<1y,5.05,north,A
ln_2134084508eb,2022-12-31,1,36747.49,31.4,15378.13,13.078,60,3-5y,17.95,north,B
ln_39ea7d937509,2022-09-30,0,44772.92,22.07,15916.56,12.594,60,<1y,14.01,east,B
ln_f7bab37b8556,2023-09-30,0,78726.46,26.91,10024.49,16.778,60,3-5y,10.6,east,B
ln_19c6dee37c73,2023-03-31,1,47728.21,23.6,11666.22,17.095,60,1-3y,8.31,north,A
ln_6750240adc36,2022-11-30,0,79593.07,31.68,25872.92,14.044,60,1-3y,14.1,south,A
ln_8d8f583a1028,2022-01-31,0,41452.75,19.85,14851.17,11.317,60,1-3y,12.63,west,B
ln_9ef1d2683834,2022-10-31,0,42088.34,26.83,9043.8,10.142,60,3-5y,17.52,west,A
ln_9998ba2c0857,2023-10-31,0,70721.76,20.93,23819.23,16.48,60,10y+,10.79,west,A
ln_c1964f7da398,2023-05-31,0,81102.87,9.12,12356.48,8.585,60,10y+,27.8,south,B
ln_3b557b12a3b9,2022-06-30,1,43365.14,13.74,11592.76,9.437,36,<1y,5.44,east,B
ln_636403df1102,2023-09-30,0,69761.68,24.14,12217.06,10.982,36,5-10y,19.13,west,A
ln_9c9c6761bc56,2022-02-28,0,77265.29,9.78,17569.87,6.046,60,5-10y,12.59,north,A
ln_380ee7b9562b,2023-10-31,0,107810.48,24.29,26147.13,9.458,36,10y+,19.16,east,A
ln_719e8da1c6b1,2023-07-31,0,73566.65,23.84,5890.76,14.066,36,3-5y,14.49,west,B
ln_3500c3a7e2fe,2023-04-30,0,152492.92,19.79,10994.18,8.762,36,3-5y,12.64,east,A
ln_702fa8d40f88,2022-06-30,0,35700.94,18.95,7356.64,9.226,36,1-3y,10.94,east,A
ln_39f91972bfe6,2023-04-30,0,46687.75,16.96,8391.28,11.498,36,<1y,10.17,south,A
ln_ccdb4bd9bd09,2022-02-28,0,26666.15,27.5,15078.08,15.911,36,5-10y,11.52,south,A
ln_1ba1ce0e587f,2023-09-30,1,58116.9,21.49,14148.75,9.907,36,3-5y,16.01,west,A
ln_13847f0061d6,2023-02-28,0,89113.58,15.01,36737.45,13.109,60,1-3y,5.92,west,A
ln_5fa4c26744bf,2022-03-31,0,53665.2,15.51,43978.79,11.641,36,5-10y,15.51,south,A
ln_ab799de3eebf,2023-08-31,0,22300.01,27.98,7965.77,17.207,36,5-10y,11.76,west,B
ln_64bc458032eb,2023-01-31,0,43667.01,21.75,18526.91,8.118,36,10y+,17.55,east,B
ln_0da1d4ebc89f,2023-07-31,0,92154.44,24.87,9135.17,10.903,36,1-3y,15.67,east,B
ln_e27b4cb7b0ba,2023-10-31,0,81812.79,26.76,27603.35,13.259,36,3-5y,13.47,west,B
ln_f8eeae78814f,2022-09-30,0,60007.88,19.79,6564.81,7.113,36,5-10y,20.31,south,A
ln_a109aa9134d1,2023-01-31,0,46532.41,13.01,42635.55,8.339,60,5-10y,9.28,north,B
ln_ae0110f37d93,2022-04-30,0,39003.52,20.42,19866.58,9.926,36,<1y,9.41,north,A
ln_c42c98a5493d,2023-12-31,0,35695.37,21.09,8823.15,9.225,36,5-10y,12.05,east,A
ln_9769e86d2deb,2023-02-28,0,82858.08,22.43,17800.37,20.24,36,3-5y,11.59,west,A
ln_40ae16552072,2022-07-31,0,64187.95,14.89,15261.49,12.682,60,1-3y,14.04,north,A
ln_ccdcad788fac,2023-02-28,0,27055.89,25.51,4714.02,11.516,60,5-10y,13.13,north,A
ln_14e62d78fbe1,2022-02-28,1,94699.81,26.29,34282.74,17.629,36,<1y,6.65,north,B
ln_16aac976d8c5,2023-05-31,0,43634.57,7.49,5886.47,10.364,60,<1y,4.52,west,B
ln_9186ffa1333a,2023-12-31,0,95276.79,19.04,16380.55,8.124,36,3-5y,9.6,south,A
ln_68c1a34c72cf,2023-09-30,0,52774.22,27.94,12252.47,15.95,60,5-10y,13.24,north,B
ln_d0f6a35c0545,2022-06-30,0,81754.66,19.32,29305.2,10.789,60,1-3y,18.31,north,A
ln_291be4b964b8,2022-04-30,0,45659.88,12.17,25719.51,5.481,36,10y+,16.14,south,A
ln_577376c5e01e,2022-10-31,0,65316.11,24.49,17410.04,12.661,36,10y+,15.89,north,B
ln_dec60b27badf,2023-01-31,0,52491.32,26.07,2486.34,13.619,36,3-5y,12.04,east,B
ln_35d0c6591faa,2023-04-30,0,79719.4,21.28,10699.2,15.976,36,<1y,8.29,west,A
ln_5b2d99629472,2023-08-31,0,83925.16,13.05,6172.12,8.674,36,10y+,13.97,north,A
ln_460c0dd46241,2023-06-30,0,89230.71,7.03,22991.9,4.429,36,3-5y,13.74,north,A
ln_b9ac0e4b0168,2023-12-31,0,60276.49,23.45,6099.47,10.396,36,<1y,29.31,east,A
ln_b5470f2008c4,2023-11-30,0,70694.36,31.91,11399.57,13.623,60,5-10y,11.74,south,B
ln_a640d38a2052,2023-08-31,0,157711.79,29.58,13014.35,14.181,36,<1y,15.85,west,B
ln_5b4e2369040b,2022-09-30,0,128339.2,4.41,9162.08,5.247,36,1-3y,15.47,north,A
ln_008a5f3bfc4a,2022-10-31,0,145905.05,24.54,19600.54,12.49,36,10y+,16.5,north,A
ln_4a36661b8fa2,2022-06-30,0,46131.09,15.8,17110.9,11.158,60,3-5y,10.67,north,A
ln_cf4f250293d6,2023-06-30,0,78876.82,27.75,11526.83,16.289,36,10y+,15.78,east,B
ln_c53511d19e74,2022-11-30,0,37834.17,22.21,6464.87,11.224,60,1-3y,5.95,north,B
ln_c78b10f9db78,2022-06-30,0,77842.81,22.92,16940.67,10.897,60,1-3y,7.75,north,A
ln_693bd7a80edf,2022-02-28,0,39157.64,19.93,9096.38,12.176,36,10y+,13.23,south,A
ln_00d9500b3ba0,2022-09-30,0,62332.38,18.33,26541.3,8.803,60,5-10y,21.21,north,A
ln_3883e6fb778e,2022-08-31,0,67637.24,25.79,22413.35,14.975,36,3-5y,13.92,west,B
ln_a9e4e20ba76d,2022-12-31,0,74717.11,21.02,28535.73,13.495,60,<1y,14.94,north,A
ln_7a3a4164b60a,2023-08-31,0,43518.39,20.1,23237.3,13.939,36,5-10y,8.83,east,A
ln_b3a0fb1f6f8f,2022-02-28,0,48031.32,26.07,43217.29,13.687,36,1-3y,10.95,east,B
ln_dcfeaa37c871,2023-07-31,0,70484.64,14.52,15430.81,9.888,36,<1y,10.41,west,B
ln_483248b86e6b,2023-08-31,0,68546.89,24.03,9446.58,9.423,36,5-10y,9.62,north,A
ln_9fc72cb3544b,2023-12-31,0,60106.13,20.2,22092.51,9.912,36,5-10y,20.48,east,A
ln_c5397d484e8a,2022-12-31,0,56532.69,21.27,14600.74,7.901,36,10y+,10.38,north,A
ln_7c92416259a7,2023-01-31,1,73452.8,27.63,35603.45,12.503,36,3-5y,16.76,east,B
ln_e629144005e1,2022-04-30,0,39544.81,24.74,8245.03,13.809,36,1-3y,10.36,east,B
ln_f02ffe5ebe24,2022-02-28,0,188096.63,20.85,4285.24,9.595,36,10y+,13.05,south,A
ln_828072030084,2022-04-30,0,81177.25,9.22,15832.05,7.89,36,3-5y,20.07,west,B
ln_0bbed58b3523,2023-09-30,1,46576.54,17.97,57502.31,10.67,36,3-5y,14.83,north,B
ln_7c9c1d81705b,2023-11-30,0,40670.35,7.96,27756.7,5.99,36,5-10y,16.85,west,A
ln_0c956d162016,2022-02-28,0,33252.92,12.69,6896.46,8.038,36,10y+,20.01,north,B
ln_7ac45dd89ea9,2023-08-31,1,35661.75,22.89,14428.68,13.771,60,5-10y,12.62,west,B
ln_b597bf4032a3,2023-12-31,0,130372.02,29.53,19021.19,14.18,36,1-3y,27.71,north,A
ln_f5c505a6600b,2022-05-31,0,119851.02,18.79,8006.28,12.802,60,5-10y,13.77,west,A
ln_cfed73826b26,2023-08-31,1,72641.2,18.8,36503.9,10.323,36,<1y,5.19,south,B
ln_b86724e42529,2023-05-31,0,30413.55,19.99,23295.62,13.269,36,<1y,13.45,west,A
ln_a1713bdbffcf,2022-01-31,0,32211.32,16.53,15916.43,11.729,36,10y+,8.34,south,B
ln_18bc58ab22e9,2023-10-31,0,32492.31,23.23,23160.93,11.306,60,3-5y,9.72,east,A
ln_97cb4dc45632,2023-07-31,0,103546.22,12.71,3846.21,11.316,60,<1y,10.77,east,B
ln_a946e57e3cb8,2023-03-31,0,40230.3,18.18,27379.04,12.661,36,5-10y,14.83,north,A
ln_7b2100064eb1,2022-03-31,0,148198.04,13.82,2891.47,9.75,36,3-5y,8.06,north,B
ln_310bd3361954,2022-04-30,0,42385.15,27.36,9778.64,13.107,60,1-3y,17.36,south,B
ln_b35ad6ee4977,2023-11-30,0,50421.21,2.09,7705.04,6.422,60,10y+,17.92,west,A
ln_551398586fa7,2023-06-30,0,68788.38,25.12,18834.78,10.04,36,5-10y,21.37,south,A
ln_c958a9b0819a,2022-08-31,0,89728.85,22.85,43817.6,11.654,36,10y+,15.28,north,B
ln_4627b96dde13,2022-05-31,0,41689.55,26.5,12622.74,13.616,36,1-3y,5.3,north,A
ln_db6a2bf251d7,2022-02-28,0,39696.08,33.43,9010.67,17.552,36,3-5y,8.81,east,A
ln_aecaf11b7cee,2023-10-31,0,95837.23,34.94,33241.45,17.538,60,5-10y,8.57,west,B
ln_92dae9188b27,2022-02-28,0,49531.82,13.41,16041.48,7.241,36,5-10y,16.24,north,B
ln_d30d79d72f96,2022-05-31,0,55989.1,18.61,18882.55,11.482,36,3-5y,15.14,west,B
ln_70d74812f74c,2023-11-30,1,39164.27,12.48,10646.56,5.5,36,5-10y,22.86,north,A
ln_3e41220330a9,2023-07-31,0,52005.16,20.97,17761.2,16.609,36,<1y,10.16,north,A
ln_8aea29d49562,2023-12-31,0,66708.22,18.69,16367.45,11.553,36,1-3y,8.7,south,A
ln_e374128eaf89,2022-02-28,0,75913.87,24.9,7917.66,14.438,36,5-10y,12.4,west,A
ln_22ddd2d6b9b4,2023-09-30,0,48678.77,17.35,21646.3,12.037,60,1-3y,9.67,north,A
ln_857a1880614b,2023-05-31,0,47399.45,24.61,7835.24,13.034,36,<1y,7.43,north,A
ln_c78e614ced68,2022-10-31,0,117725.86,27.55,10061.17,16.212,60,10y+,9.84,west,B
ln_65af1b92c3ce,2022-04-30,0,70519.94,25.45,36595.54,12.335,60,1-3y,23.17,east,A
ln_95c139b47236,2023-07-31,0,40323.03,17.26,25325.62,10.22,36,10y+,13.56,south,A
ln_199c25b0a8aa,2022-03-31,0,73400.71,22.52,16483.62,11.876,36,10y+,15.84,south,B
ln_649c9a972fd8,2023-04-30,1,86790.83,14.93,7041.59,10.111,36,5-10y,19.62,north,B
ln_39b4e6495063,2022-10-31,0,73148.79,9.25,38515.93,5.848,36,3-5y,15.23,south,B
ln_dcdbd5ed6b91,2023-01-31,0,41730.14,22.01,11243.23,10.862,36,3-5y,9.38,west,A
ln_b72147c540b7,2022-04-30,0,43195.34,13.7,7470.22,11.547,60,10y+,16.44,east,B
ln_88c54e2e4ca1,2022-02-28,0,33704.46,36.34,26562.4,14.849,36,5-10y,15.95,south,B
ln_60754c12309b,2023-09-30,0,50682.04,16.74,42858.87,9.221,60,5-10y,11.59,south,B
ln_3b79cf77f9e2,2022-10-31,0,61212.46,34.76,15109.59,15.551,36,1-3y,14.84,west,A
ln_777d3ecb1154,2023-06-30,0,24025.94,19.75,7388.01,9.283,36,1-3y,10.75,west,B
ln_21d52763eb54,2022-01-31,0,26793.07,19.45,32822.22,13.803,36,1-3y,6.18,north,A
ln_72e05473aa96,2022-06-30,0,67429.45,18.85,13920.14,8.817,36,10y+,22.46,west,A
ln_b8ec744408b5,2022-02-28,0,44977.66,33.42,11300.68,14.064,60,3-5y,9.88,south,A
ln_33cce46493f7,2023-12-31,0,55124.14,30.27,18569.55,14.836,36,3-5y,15.02,west,A
ln_b2f1c553f47c,2023-03-31,0,84820.39,22.16,10868.8,10.163,36,1-3y,9.18,north,A
ln_f0c2afafdeaf,2022-03-31,0,58654.04,16.61,30846.74,13.743,60,3-5y,7.49,west,B
ln_fb415fa44ac9,2022-11-30,0,38595.21,15.15,13138.87,11.043,36,3-5y,12.38,south,B
ln_7a4346a74a7d,2023-02-28,0,97413.19,12.13,30652.41,7.734,36,<1y,10.19,south,A
ln_0edfbe60c95a,2023-03-31,1,109509.06,27.84,13153.23,19.571,60,3-5y,9.2,west,B
ln_eb3ebdcf723d,2022-12-31,1,71832.43,14.15,8651.21,10.855,36,5-10y,12.49,north,B
ln_13a2bf9bce15,2022-11-30,0,54420.75,34.17,13996.0,17.265,36,3-5y,11.09,south,B
ln_c6f110f35ad6,2023-03-31,0,58424.75,11.06,11818.43,9.796,36,5-10y,15.48,south,A
ln_ec82e61f186e,2023-12-31,0,26524.91,34.09,5987.91,15.676,36,1-3y,8.79,south,B
ln_9962e789545b,2023-03-31,0,112602.35,2.19,21455.1,8.414,36,3-5y,7.73,east,A
ln_f5d373f385dd,2022-11-30,0,51231.95,19.38,18728.82,14.135,60,1-3y,8.89,south,A
ln_22978127c9a9,2022-02-28,0,82947.28,26.91,21319.6,13.517,36,3-5y,7.63,west,A
ln_15f00485c444,2022-06-30,0,88292.27,26.4,3281.92,11.066,36,<1y,9.1,south,B
ln_c053c5fada81,2022-05-31,0,64906.06,29.61,12889.3,12.314,36,<1y,12.24,south,A
ln_01e916b4580d,2023-06-30,0,90401.65,16.05,13471.05,11.809,60,5-10y,8.55,south,B
ln_ae71dd3324d4,2022-07-31,0,32960.89,6.99,9013.79,5.294,36,1-3y,9.79,west,B
ln_3ff7e9474e6c,2022-06-30,1,72014.37,22.89,8654.3,13.933,60,10y+,12.24,east,A
ln_430c3820eb04,2022-02-28,0,55809.9,21.59,13558.91,7.799,36,5-10y,18.96,north,A
ln_ec4de72500de,2022-02-28,0,33795.39,23.92,15846.06,11.063,36,<1y,8.24,south,A
ln_50186448e084,2023-01-31,1,69076.75,31.07,19871.04,14.34,36,<1y,7.0,east,A
ln_38cf44adb9e3,2023-11-30,0,40759.82,13.98,14053.45,9.932,36,1-3y,7.26,north,A
ln_25e2bff371c6,2023-02-28,0,53676.39,29.46,12690.05,13.197,36,3-5y,12.68,north,A
ln_b7a0d06bbe7c,2023-10-31,0,66505.48,28.06,14892.83,17.301,36,3-5y,16.79,west,B
ln_d7e4ed2d9580,2023-11-30,0,78688.65,20.48,20523.13,15.733,60,1-3y,10.69,east,B
ln_02c482991299,2023-08-31,0,210344.69,21.35,11367.31,11.962,36,5-10y,15.6,east,B
ln_a21b3216fe1b,2023-11-30,0,31602.29,10.16,9561.85,9.035,36,1-3y,14.04,south,A
ln_3636568e7064,2023-11-30,0,87109.21,13.14,12227.19,7.595,36,1-3y,5.46,south,A
ln_3dbe2e6e2cfa,2022-03-31,0,64695.63,30.25,12513.55,15.465,36,1-3y,20.83,north,A
ln_bb8d1bf3865f,2022-11-30,0,54556.73,25.94,10662.87,15.104,60,1-3y,11.23,south,A
ln_56a63f4d8b48,2022-06-30,0,81285.18,8.41,25938.93,12.256,60,1-3y,6.38,south,A
ln_a2473a68412e,2022-03-31,0,51565.33,27.69,26231.81,10.485,60,10y+,14.91,east,A
ln_de8cfb0ff755,2023-04-30,0,95072.85,26.68,10438.46,15.903,60,5-10y,15.83,east,A
ln_445f6c0897f3,2023-10-31,0,91728.92,16.63,15199.89,7.31,36,5-10y,8.34,south,B
ln_0bd9bc965c34,2022-09-30,0,75498.53,13.88,5038.6,8.86,36,10y+,18.45,north,B
ln_72e5789c55c4,2023-05-31,0,40550.1,11.91,15062.97,9.437,36,3-5y,10.37,south,A
ln_03328da37f17,2023-01-31,0,37351.74,8.6,11110.59,8.651,36,3-5y,10.47,south,B
ln_61dd0d61b90e,2022-06-30,0,84059.05,17.19,22001.44,9.245,36,5-10y,9.72,north,A
ln_5a9e1a856396,2023-10-31,0,59673.53,17.63,21214.58,12.326,60,5-10y,11.57,north,A
ln_d4c4fca24890,2023-10-31,0,123288.29,28.01,48043.68,13.856,36,1-3y,8.37,north,B
ln_7116b08aa26d,2023-02-28,0,61005.17,31.97,7442.58,14.801,36,1-3y,16.35,north,B
ln_11ef5502949e,2022-03-31,0,108766.5,28.52,12981.22,16.495,60,1-3y,5.35,west,A
ln_b20c74cc76a4,2022-10-31,0,92672.83,11.11,46505.2,9.937,60,1-3y,7.42,east,A
ln_8a179ac32b8b,2023-12-31,0,45639.41,16.79,14234.98,7.945,36,1-3y,14.24,west,A
ln_d8b85d4095cd,2023-11-30,0,29861.41,29.54,15191.91,14.353,36,10y+,17.19,east,B
ln_3db1039db47d,2022-12-31,0,49527.74,6.05,36231.6,7.372,36,10y+,10.17,east,B
ln_48e8c1d1eec2,2023-04-30,0,25510.78,29.91,12881.2,12.993,36,1-3y,11.97,east,B
ln_3fe44c909f07,2023-02-28,1,84907.86,34.46,23274.78,12.741,36,1-3y,8.61,north,B
ln_02b7f20bffc6,2022-09-30,0,49810.64,30.82,10445.56,17.351,36,10y+,20.32,east,B
ln_a5a446386ae4,2022-02-28,0,63857.29,29.89,6310.05,13.173,60,<1y,6.55,north,A
ln_0092fdcf0203,2023-09-30,0,58292.0,5.15,10333.8,7.996,60,1-3y,19.38,north,A
ln_d45c5063d0b2,2023-01-31,0,88468.68,14.51,7464.8,8.19,36,<1y,11.15,south,A
ln_2bbd82106cdd,2022-06-30,0,46415.98,27.8,3770.66,15.026,36,3-5y,12.25,south,A
ln_31c49d8c4d06,2023-08-31,0,88133.56,19.86,67801.08,14.012,36,1-3y,13.8,south,A
ln_9fa2d91e9f13,2022-06-30,0,37418.42,14.4,20827.46,8.137,36,10y+,11.8,north,A
ln_de016612b9a6,2023-12-31,0,75454.96,11.16,13065.64,12.435,36,5-10y,10.1,south,A
ln_ae0fd6be6aeb,2022-09-30,0,96121.09,25.21,26645.06,11.282,36,10y+,10.54,south,B
ln_954deaf88780,2023-03-31,0,55701.78,12.52,7024.28,6.656,36,10y+,34.35,east,B
ln_5be7c9997273,2022-10-31,1,102437.34,27.07,21177.47,17.412,60,5-10y,8.98,south,A
ln_4f31c4c33250,2022-04-30,0,54667.37,22.32,17106.09,12.932,36,1-3y,9.18,north,B
ln_f4188bb3d635,2022-07-31,0,59850.38,28.2,29006.52,14.34,60,<1y,5.33,east,B
ln_ba7299d1a948,2023-01-31,0,95807.45,15.3,14106.49,8.685,36,10y+,19.37,west,A
ln_ee926988509b,2022-10-31,0,96371.11,19.95,8521.9,9.854,36,1-3y,9.52,north,B
ln_63e9206a50b4,2022-05-31,0,55177.3,5.77,13624.67,11.547,60,1-3y,7.64,east,A
ln_5e3bc4a79327,2022-04-30,0,24037.21,21.82,10547.97,10.079,60,3-5y,8.41,east,A
ln_50af18420913,2022-07-31,0,108045.43,17.06,15211.11,12.036,60,5-10y,10.96,north,A
ln_a0ddbf0cbc2f,2023-08-31,0,84926.53,33.25,10876.15,13.728,36,5-10y,13.0,west,B
ln_27f8824e74bc,2023-04-30,0,27471.0,10.43,7336.58,7.943,36,3-5y,22.46,south,A
ln_71195b124129,2022-05-31,0,79295.57,9.1,14628.06,10.911,60,10y+,16.96,north,B
ln_dc46a786c3d0,2023-07-31,0,60853.36,14.42,11488.34,9.318,36,<1y,20.5,north,B
ln_266851409554,2023-09-30,0,53002.06,11.1,4713.49,3.5,36,1-3y,14.55,north,B
ln_052c84c871ea,2022-02-28,0,70254.3,20.64,11230.69,10.695,36,10y+,13.65,east,A
ln_4ff03ef880f1,2023-09-30,0,97061.98,20.94,6103.32,9.86,36,10y+,12.49,west,A
ln_5a600a680b7e,2023-11-30,1,29842.89,10.87,14453.01,9.988,36,<1y,2.8,west,A
ln_bad56c45f2aa,2023-05-31,0,113012.67,29.26,22477.18,13.716,36,1-3y,7.73,south,A
ln_08479571b30f,2022-08-31,0,84803.03,20.34,11830.97,13.264,36,3-5y,6.78,south,B
ln_b2f4876f70ab,2023-04-30,0,67359.34,12.94,29783.59,11.332,36,<1y,6.55,west,A
ln_b558c9c6c783,2023-06-30,0,71047.28,33.28,33226.73,17.612,36,5-10y,10.02,north,B
ln_cbeefeb4f595,2022-07-31,0,57485.48,8.5,8166.1,6.119,36,1-3y,11.28,north,A
ln_54d654af1135,2023-11-30,0,87739.07,32.8,23856.79,15.454,60,1-3y,13.53,north,A
ln_09d50ebed0a9,2022-12-31,0,55638.36,31.6,9860.66,16.667,60,5-10y,13.22,south,A
ln_862fd1995de8,2022-05-31,0,53339.63,13.13,12332.79,6.946,36,3-5y,21.2,north,A
ln_ccc364ba5f39,2023-07-31,1,76422.33,38.22,19997.11,18.892,36,3-5y,12.18,south,B
ln_4d03544be1b3,2023-07-31,0,52896.43,22.09,71467.61,12.248,36,1-3y,20.69,west,A
ln_9591b380e08c,2023-03-31,0,54029.75,18.97,16830.85,11.999,60,5-10y,12.45,north,A
ln_a101d692c49a,2023-01-31,0,141940.67,16.31,15261.99,12.473,36,<1y,9.46,east,A
ln_a2e3bb47bf88,2023-10-31,0,45830.37,7.88,7612.36,8.423,36,10y+,13.8,south,B
ln_a565c24cb9d3,2022-05-31,0,73476.47,17.54,4579.9,8.437,36,10y+,16.54,north,A
ln_59727c66c821,2022-02-28,0,36637.16,11.19,26126.92,11.482,36,3-5y,8.69,east,A
ln_b54f7054d341,2022-08-31,0,94546.14,17.84,12249.27,11.952,36,1-3y,21.26,south,B
ln_341b8bbc0e61,2022-03-31,0,85236.93,18.57,32963.72,11.06,36,1-3y,12.53,east,A
ln_2133e71e326a,2022-06-30,0,54757.38,23.2,6906.12,15.254,36,10y+,16.34,north,A
ln_825c9ebefddd,2023-11-30,0,196557.43,24.73,13397.97,10.399,36,3-5y,11.97,south,B
ln_a62228aa6cd2,2023-05-31,0,89128.87,12.57,16774.34,8.955,36,1-3y,10.45,north,B
ln_c733394a2ef4,2022-07-31,0,101767.4,0.5,9864.9,5.869,60,3-5y,7.41,south,A
ln_50d29269b652,2023-01-31,0,67376.8,8.41,21081.12,9.719,60,5-10y,22.75,north,B
ln_60c97e1082cf,2022-09-30,0,96206.02,16.86,17017.55,10.521,36,1-3y,5.4,north,A
ln_79ee62603047,2022-09-30,0,75460.06,22.03,45051.37,10.947,60,1-3y,12.74,north,A
ln_05de1f398de2,2022-03-31,0,70647.05,19.22,10861.9,13.164,60,5-10y,13.18,east,B
ln_48564d6f7baf,2023-05-31,0,30912.38,21.9,40391.93,15.221,36,<1y,9.93,south,B
ln_1409e0e5d381,2023-05-31,0,72482.78,14.56,19566.68,9.182,60,3-5y,14.03,east,A
ln_190f855cac0c,2023-01-31,0,42889.82,28.69,10520.69,15.416,36,1-3y,11.69,east,A
ln_1cf03b32398a,2023-01-31,0,83839.77,12.81,9349.45,5.667,60,<1y,14.12,north,A
ln_01cba7dffe61,2023-05-31,0,80553.92,19.75,23068.17,12.166,36,3-5y,14.09,south,A
ln_4865e381b6a4,2023-09-30,0,62775.54,27.9,50465.7,13.082,36,10y+,26.47,south,B
ln_09ab53730cad,2022-12-31,0,82615.16,11.61,9312.46,10.602,36,5-10y,6.99,south,A
ln_7ea2411c3376,2023-04-30,0,52960.51,12.68,20978.91,7.968,60,10y+,17.27,east,A
ln_4a1eb83a6e2e,2022-02-28,0,101453.54,15.24,25768.8,11.745,60,<1y,6.48,east,B
ln_2425642aeb82,2022-08-31,0,95824.43,20.5,8954.95,10.061,36,1-3y,15.91,north,B
ln_f6207b34a6bf,2022-02-28,0,144095.54,22.57,30208.06,11.349,36,<1y,9.61,west,A
ln_5d0876311d73,2023-03-31,0,48825.75,23.85,15132.11,14.305,36,10y+,15.61,west,A
ln_e3eb710e56f5,2023-01-31,0,54284.25,24.76,17466.64,13.345,36,3-5y,13.4,north,A
ln_8096fe4321ea,2022-04-30,0,46630.73,22.68,25599.11,16.154,60,1-3y,15.29,west,A
ln_f93601f44983,2022-04-30,0,67359.73,9.77,9022.81,9.037,60,1-3y,14.25,east,B
ln_70a2f8da73a0,2022-09-30,0,44513.14,8.61,8117.0,6.265,60,3-5y,25.41,east,A
ln_b7253ac0976b,2023-11-30,0,125413.37,20.79,25293.54,15.593,60,5-10y,16.22,north,B
ln_22f8e80d508c,2023-12-31,0,21795.47,17.11,11189.17,10.259,36,3-5y,6.54,east,B
ln_d90140957e0f,2023-01-31,0,86485.76,19.38,10184.09,13.494,36,3-5y,7.68,west,A
ln_034866d5c3b6,2022-07-31,0,87440.98,17.41,27023.7,10.312,36,5-10y,9.49,north,A
ln_982ae3bb07d9,2023-12-31,0,50379.35,21.92,31690.11,10.893,60,3-5y,29.79,west,A
ln_848bdbe119fe,2023-04-30,0,55093.96,12.08,15725.74,9.639,60,1-3y,6.32,west,A
ln_02dcc49284fb,2022-06-30,0,86263.86,23.81,21744.48,13.417,36,5-10y,21.28,north,A
ln_b4f1bf9b5fbf,2022-07-31,1,55760.83,19.35,10526.76,13.868,36,5-10y,10.85,west,B
ln_4a3d7a35fd80,2022-11-30,0,79559.91,20.25,69740.86,13.101,36,1-3y,6.29,north,B
ln_abf90574692f,2022-05-31,0,36359.48,16.04,13317.2,10.2,36,<1y,9.57,north,B
ln_bedb6ac5ac2b,2023-01-31,0,113694.46,14.48,12987.82,10.285,36,5-10y,13.44,east,B
ln_cc22f4f2625d,2023-01-31,0,71402.72,17.15,12596.06,14.197,60,<1y,10.63,south,A
ln_b6209611d2fb,2023-06-30,0,94208.33,19.39,14190.39,12.247,36,10y+,16.18,west,A
ln_a464a96cce75,2022-01-31,0,39771.84,0.5,16192.49,7.42,60,3-5y,17.3,south,A
ln_442da620d833,2023-12-31,0,18539.76,14.7,10656.97,11.228,36,<1y,12.92,north,B
ln_7ed7117aa7ac,2023-04-30,0,86748.34,30.0,26953.27,12.816,36,<1y,12.79,west,B
ln_5b2f082ec8de,2022-09-30,1,83799.65,26.61,15417.8,13.951,60,1-3y,18.87,south,B
ln_c2c7355ffe81,2022-02-28,0,51200.88,25.14,8184.31,11.097,60,1-3y,11.19,west,A
ln_1e683e1fdc06,2023-07-31,1,106844.92,23.24,13082.76,13.841,60,3-5y,14.87,north,B
ln_e89471ab5711,2022-08-31,0,147121.07,23.22,5911.44,17.613,60,3-5y,15.43,south,A
ln_0f63366c5c31,2022-03-31,0,90395.45,17.3,41811.49,10.38,36,3-5y,11.85,west,A
ln_8c46a3c4d7c8,2022-03-31,0,38605.61,26.63,7689.3,15.043,60,1-3y,9.15,east,A
ln_f2fe46b47cbe,2022-12-31,0,65338.33,14.9,9919.71,10.228,36,10y+,12.64,west,B
ln_13f32b01d0df,2023-07-31,0,27442.37,2.13,20619.55,5.888,36,1-3y,23.8,north,A
ln_9e83dbf0816a,2022-11-30,0,55009.06,21.36,9566.37,14.31,60,<1y,7.55,north,A
ln_a5161069dd11,2022-11-30,0,36241.38,16.95,6463.75,12.624,36,5-10y,8.93,west,A
ln_09d3256cd43d,2022-03-31,1,129415.97,28.87,17990.22,12.372,36,1-3y,12.81,south,A
ln_f2da0e1d2488,2023-07-31,0,69273.68,21.2,3041.45,13.964,60,<1y,5.44,south,B
ln_2088c1c39e8f,2023-05-31,0,29677.43,13.39,22813.86,10.725,36,10y+,15.62,west,B
ln_5ff9397c4ab1,2022-11-30,0,49818.03,23.0,15376.6,11.978,60,3-5y,21.99,south,A
ln_bfb1dd17ea82,2023-03-31,0,75990.19,24.34,12421.55,7.992,36,1-3y,11.98,west,B
ln_bb756630fc86,2022-11-30,0,27657.93,15.94,6951.28,12.365,36,1-3y,16.06,south,B
ln_33c6474d339d,2023-11-30,0,61807.19,24.68,12697.77,13.389,60,1-3y,26.6,west,A
ln_e49e97a21540,2022-02-28,0,54099.34,16.94,12201.24,8.193,36,3-5y,15.19,south,B
ln_993aaa7ed7f8,2023-02-28,0,23806.45,13.71,18266.41,13.527,60,10y+,11.25,north,A
ln_7697c4f5e72b,2022-11-30,0,81648.64,20.79,6371.87,9.832,36,5-10y,7.72,west,A
ln_2d01bb06f0d4,2022-07-31,1,68305.87,30.14,19563.98,17.455,36,1-3y,10.51,north,B
ln_287a23152740,2023-11-30,1,34265.6,32.22,25586.23,16.498,36,1-3y,9.59,west,B
ln_22b9d7633b49,2022-04-30,0,52345.64,17.08,14606.3,10.507,36,1-3y,6.02,south,B
ln_d3d53b83eadc,2023-06-30,0,35791.26,28.45,15498.87,14.906,36,1-3y,22.1,west,B
ln_7c5f1b7f5d2b,2023-10-31,0,59562.18,29.14,9939.5,13.039,60,5-10y,19.65,east,A
ln_9c96fdbed643,2022-03-31,1,56551.18,13.76,14178.81,9.403,36,5-10y,9.44,east,A
ln_5056f7299050,2023-05-31,0,60753.08,32.89,17580.2,18.015,60,1-3y,6.01,east,A
ln_5d52c59d658e,2022-12-31,0,125836.99,18.84,11162.09,9.611,36,<1y,11.58,east,A
ln_551ea21d9eb5,2023-08-31,0,74866.15,18.44,26633.34,9.786,36,1-3y,19.55,north,A
ln_f7d5a6fb181c,2022-01-31,0,75935.98,8.28,6652.8,5.822,36,1-3y,6.63,west,A
ln_39bbd3baa6a5,2023-08-31,0,76374.4,17.64,13760.59,12.652,60,<1y,20.38,south,B
ln_5ff53f498419,2022-09-30,0,50350.82,13.32,20183.91,7.338,36,<1y,9.08,west,B
ln_e208347d701e,2022-07-31,0,105700.59,16.8,13354.57,11.151,36,3-5y,12.35,east,B
ln_562361a100a8,2023-07-31,1,61604.84,26.17,15793.4,12.337,60,<1y,12.77,west,B
ln_85fbfe52268c,2023-09-30,0,65410.16,26.85,18362.12,10.56,60,1-3y,13.7,west,A
ln_aa7d82816d7e,2022-03-31,1,75047.47,26.9,12465.32,12.725,36,5-10y,12.11,south,A
ln_22b9afe6bea4,2022-04-30,0,62991.91,14.6,3048.5,10.662,36,3-5y,8.49,north,A
ln_ccfa2e1bd94f,2023-07-31,0,69844.74,15.46,16445.44,9.366,36,5-10y,11.62,west,B
ln_e8f6fb614169,2022-10-31,0,51892.3,20.24,30811.77,15.087,36,<1y,7.14,east,A
ln_0f6e143c0a7f,2022-02-28,1,57939.47,28.28,37703.4,14.203,36,3-5y,13.08,north,A
ln_b4f6a1d69d82,2023-02-28,0,28967.32,19.02,7200.26,8.526,60,1-3y,9.94,west,B
ln_d759debdf0e2,2023-03-31,0,56417.52,24.27,25028.76,13.426,36,5-10y,8.91,south,A
ln_0ce12b9feb31,2022-03-31,0,125703.73,34.61,12605.11,17.521,36,5-10y,11.69,east,A
ln_0e5c1a29183e,2023-07-31,0,78365.37,20.59,11651.24,8.289,36,3-5y,14.07,west,A
ln_2573b08a8f67,2022-01-31,0,74423.21,27.74,14966.01,14.889,60,10y+,15.01,east,A
ln_cf4ecce3fcc4,2022-04-30,0,94776.09,16.47,18839.98,7.956,36,3-5y,15.57,north,B
ln_58b3ef00f80c,2022-05-31,0,176676.56,14.9,11199.21,11.471,60,10y+,13.35,west,A
ln_f1db422bdc6c,2022-02-28,0,56954.92,19.49,8464.97,10.409,36,5-10y,13.12,west,A
ln_1b84bc834510,2022-03-31,0,43544.12,14.36,10735.59,10.515,36,1-3y,18.4,north,A
ln_e423f36d4f9b,2023-01-31,0,152159.66,21.15,13682.45,10.549,36,3-5y,20.97,south,A
ln_5c18f6aa41fd,2023-06-30,0,51417.36,15.25,17514.33,15.393,60,<1y,10.32,south,A
ln_edad6ad84a38,2023-08-31,0,71820.07,23.61,11720.36,11.128,36,10y+,10.28,south,B
ln_3740a5f85e9f,2022-11-30,0,58545.65,28.59,5838.19,14.489,36,<1y,5.16,east,A
ln_7285c62a097d,2023-07-31,0,45635.33,17.21,34486.57,9.229,60,5-10y,10.97,south,B
ln_7c365f192361,2022-04-30,0,76771.47,24.07,7448.37,12.775,36,5-10y,11.41,north,B
ln_5d284510a68e,2023-08-31,0,72048.0,20.18,25786.52,11.966,36,5-10y,20.72,east,B
ln_0cf94a847bc8,2023-07-31,0,44813.72,11.15,8411.69,5.214,36,1-3y,9.82,north,A
ln_3a057c18c65e,2023-05-31,0,113450.74,22.67,5064.81,11.707,60,1-3y,8.36,east,A
ln_fbab010f0428,2022-03-31,1,54990.58,20.74,11538.43,11.36,60,5-10y,15.38,east,B
ln_f511fab16841,2023-12-31,0,110700.69,17.77,9807.96,8.75,60,3-5y,19.75,east,A
ln_5ba213a61308,2023-08-31,0,86347.04,31.82,22400.83,15.835,36,5-10y,16.61,north,B
ln_731f73386012,2023-06-30,0,64422.06,11.06,11588.5,9.234,36,1-3y,9.73,west,A
ln_60eb06d5a5a0,2023-05-31,0,38117.79,23.3,11237.17,10.066,60,5-10y,15.26,north,A
ln_32084c0d88ef,2022-05-31,0,59482.91,15.25,7587.84,11.576,36,1-3y,13.29,west,B
ln_b714e59c5d43,2023-03-31,0,44548.06,23.86,15788.12,13.745,60,3-5y,13.81,west,B
ln_6355b9261f87,2022-01-31,1,52966.63,26.89,37360.53,15.894,36,1-3y,17.44,east,B
ln_50e9b01fadfc,2022-10-31,0,51772.21,17.17,8813.21,10.178,36,5-10y,8.86,south,A
ln_2040f7a768fa,2023-09-30,0,107222.11,19.25,6256.44,8.893,36,5-10y,18.55,north,A
ln_8d1096a26d5d,2022-01-31,0,98901.69,11.26,18601.84,10.742,60,10y+,11.95,north,A
ln_caa804f44f7b,2022-08-31,1,76261.94,34.24,19756.33,16.777,36,1-3y,7.61,north,A
ln_a1d89869f45b,2023-01-31,0,80256.65,4.39,11218.54,4.717,36,5-10y,29.9,south,A
ln_979b3e9b233c,2023-05-31,0,81261.08,28.67,3082.04,13.708,36,3-5y,14.58,north,A
ln_f3a8cde5c197,2023-01-31,0,25990.53,15.9,19244.73,7.365,36,3-5y,19.04,south,B
ln_ba593ced661f,2023-10-31,0,89214.09,16.8,12312.23,14.189,36,10y+,10.59,south,B
ln_2db854a216ad,2022-04-30,0,41574.17,23.52,34967.55,12.15,36,10y+,12.46,south,A
ln_0c73f51f9ade,2022-06-30,0,40547.33,27.84,28837.01,11.179,60,5-10y,8.22,east,A
ln_fdf6f3ea57e0,2023-11-30,0,95483.79,31.44,14047.61,12.154,36,5-10y,10.13,south,A
ln_9fb5688b20b8,2023-05-31,0,34168.36,15.3,11959.12,9.103,36,3-5y,13.93,north,A
ln_f72c9cd84c24,2023-02-28,0,111363.81,16.4,28658.51,7.365,36,10y+,11.4,north,B
ln_1d9e5b03888a,2023-01-31,0,98541.6,25.66,8631.47,12.038,36,3-5y,23.0,west,A
ln_6fe80f3876cd,2023-12-31,0,37254.06,19.66,6128.92,12.774,36,5-10y,16.68,west,A
ln_d0989a53bf74,2023-02-28,0,78062.17,20.89,13369.62,14.394,60,5-10y,22.01,south,B
ln_f4d1fc370143,2022-09-30,0,57997.3,19.7,8252.05,13.964,60,3-5y,9.1,east,B
ln_273dcd0bab7e,2023-08-31,0,40636.17,26.08,4699.39,16.212,36,1-3y,6.12,north,A
ln_af697f95a859,2022-11-30,0,52868.9,28.83,6823.33,13.616,60,5-10y,17.53,south,B
ln_766f41a05a43,2023-03-31,0,54914.79,13.41,34383.81,15.284,60,<1y,17.43,south,A
ln_2e71deb65b10,2022-05-31,0,24748.73,30.6,15762.58,15.594,36,10y+,8.42,south,B
ln_412a2a2b83ff,2022-08-31,0,46955.12,21.48,20601.97,10.108,36,1-3y,17.16,north,A
ln_c6c98f32a08a,2022-02-28,0,171321.3,26.26,6306.94,16.12,36,1-3y,14.99,east,B
ln_06a454c58dbd,2022-06-30,1,50364.65,19.23,7691.16,8.263,36,<1y,10.23,east,A
ln_c8b54add064b,2023-08-31,0,34177.99,22.62,33121.03,10.095,36,10y+,13.58,east,B
ln_87644b58ef55,2023-11-30,1,100026.58,16.3,8480.23,7.24,36,1-3y,14.56,north,A
ln_9ce31d3797ad,2022-10-31,0,47919.49,41.77,26913.36,19.636,60,10y+,14.14,east,B
ln_9b0f5ab75a57,2023-06-30,0,82332.25,30.14,14965.24,12.543,36,1-3y,15.7,south,B
ln_7fa2436b8d1e,2022-02-28,0,41243.5,19.35,14615.04,9.276,36,<1y,9.76,north,A
ln_9e28c3876d3a,2023-07-31,0,84949.41,34.9,21037.36,14.95,36,1-3y,23.34,west,A
ln_e6a94d7d56d9,2023-09-30,0,80723.65,22.83,7570.64,8.351,36,5-10y,11.39,west,B
ln_76c7ca40c508,2022-02-28,0,77879.42,16.76,40438.64,9.57,36,1-3y,12.64,north,B
ln_2838906c2ce6,2023-11-30,0,106684.23,24.26,31037.28,10.249,36,5-10y,13.59,south,B
ln_330837d7ded7,2023-07-31,0,66888.33,9.5,14199.44,9.454,36,1-3y,8.87,south,A
ln_9280df082f21,2022-12-31,0,57858.53,8.73,8904.34,10.04,60,1-3y,13.39,north,B
ln_afdf00c07656,2023-06-30,0,21561.19,19.05,5542.14,11.531,36,<1y,8.49,west,A
ln_f6fc623b7d15,2022-06-30,0,21953.31,27.68,10397.26,11.791,36,3-5y,15.89,west,A
ln_e7c69745256f,2022-12-31,1,46059.93,28.65,27200.27,13.499,36,<1y,9.66,west,A
ln_1d486de559bb,2023-07-31,0,73134.97,11.29,36892.94,5.66,36,5-10y,22.55,west,B
ln_7440a9ac039a,2023-09-30,0,48732.65,20.56,10517.54,10.545,60,<1y,16.64,north,B
ln_d7c24ac56946,2022-09-30,0,76739.07,34.1,12371.98,14.23,36,10y+,17.78,south,A
ln_a1396829a2fb,2022-07-31,0,78677.9,10.18,6074.54,6.869,60,5-10y,17.0,south,A
ln_a29a60f6ef30,2022-06-30,0,91060.22,14.02,40098.75,10.162,36,3-5y,14.64,south,B
ln_79b161d4ac76,2022-03-31,0,50435.36,25.32,20944.22,16.247,60,<1y,5.53,north,A
ln_7fbadab44955,2022-12-31,1,61492.45,47.09,9269.28,17.116,36,3-5y,12.08,east,B
ln_1685fddf96f7,2022-02-28,0,49654.67,14.03,8832.6,10.677,60,1-3y,7.59,south,A
ln_4ec4c94aacf7,2023-06-30,0,59666.26,20.36,6188.71,13.879,36,3-5y,12.45,north,B
ln_5c4f8d3842db,2023-04-30,0,193266.42,20.15,17235.28,10.391,36,1-3y,8.68,north,B
ln_59836b5e5e17,2023-12-31,0,115843.79,18.21,12668.63,11.869,36,1-3y,10.64,east,A
ln_dc53d398ae4a,2023-05-31,0,38438.37,30.86,9403.25,15.767,36,1-3y,15.97,south,A
ln_7fdb530985fd,2023-06-30,0,69117.7,27.61,5356.38,13.215,36,1-3y,14.42,south,A
ln_d8ef94c9f923,2023-03-31,0,34014.59,23.56,17972.08,15.688,36,<1y,4.62,north,B
ln_cdde41af7a9c,2022-02-28,0,58795.84,30.03,15609.66,13.476,60,1-3y,14.05,south,B
ln_356066e7cd85,2023-03-31,0,75473.18,12.92,13491.72,8.53,36,5-10y,16.63,west,A
ln_14310689043a,2022-11-30,0,78661.56,13.62,16062.85,11.555,36,5-10y,16.83,north,B
ln_f2eefcab9717,2023-10-31,0,63489.53,24.65,14109.8,11.431,36,5-10y,18.11,west,A
ln_3b9f91e26f96,2023-10-31,0,76387.87,7.91,10621.27,6.053,60,1-3y,10.94,east,A
ln_46947c5c3a21,2023-04-30,0,73711.34,11.72,16204.73,12.179,36,3-5y,11.77,west,A
ln_ff83f4448c4a,2022-02-28,0,250654.17,1.76,32428.82,5.649,60,10y+,16.84,west,B
ln_ed08fa529575,2023-04-30,0,41172.1,0.5,18882.34,6.104,36,10y+,16.75,west,A
ln_5472dc71bfd3,2022-05-31,0,197688.94,14.56,20463.91,10.542,36,5-10y,21.44,south,A
ln_ff2e87d94b4a,2023-01-31,0,29557.53,14.22,9441.33,8.524,36,1-3y,12.3,west,B
ln_f997829e0cb5,2023-11-30,0,63368.69,6.07,23137.24,11.603,60,5-10y,17.68,south,A
ln_dc62c71095f8,2023-03-31,0,42947.89,10.08,10520.1,10.938,60,5-10y,15.76,west,A
ln_119d2a02f1cd,2022-03-31,0,111500.6,25.71,7322.76,13.677,36,3-5y,13.49,west,B
ln_9682352d36ae,2023-04-30,0,119767.82,19.55,9611.76,8.584,36,3-5y,20.32,west,B
ln_5a1089d37545,2023-10-31,0,48000.78,9.35,59746.33,8.131,60,5-10y,17.36,north,A
ln_4480cfd364d9,2023-10-31,0,121748.39,22.48,20002.04,15.098,60,3-5y,14.62,east,B
ln_d05cda679944,2023-09-30,0,77535.39,27.01,4059.6,12.034,60,10y+,16.62,north,A
ln_714fa7113aa9,2022-09-30,0,53010.72,18.53,14930.92,12.154,36,3-5y,8.56,north,B
ln_acf51e2e5d1d,2022-02-28,0,63647.52,18.04,8377.09,11.7,36,1-3y,5.72,east,B
ln_42696a79f8e3,2023-03-31,0,40499.8,23.79,30588.08,9.045,36,3-5y,17.68,west,B
ln_b63d3b1ef86e,2022-12-31,0,27280.15,18.67,15101.29,9.131,60,5-10y,13.84,east,A
ln_6cdfb8dda00b,2022-01-31,0,33690.2,5.53,6274.59,3.5,36,10y+,9.52,north,A
ln_234eeb4f8966,2023-05-31,0,48196.67,32.81,10603.45,18.257,60,<1y,9.07,south,B
ln_e1ffd9443180,2022-07-31,0,101659.25,17.89,13596.68,12.707,60,1-3y,11.23,west,A
ln_4a7dc5c3cbbb,2022-01-31,0,119648.31,17.86,6052.19,11.178,60,10y+,18.65,east,B
ln_9286a67d40ef,2023-01-31,0,147776.1,26.68,15649.91,12.73,36,5-10y,14.23,north,B
ln_c0de387669d3,2022-01-31,0,48061.63,23.8,17673.63,12.504,60,5-10y,18.23,east,A
ln_cf51281aa7a9,2022-08-31,0,161791.65,22.83,9396.94,12.905,60,1-3y,14.6,west,B
ln_b0815ad7f8e9,2023-02-28,0,48853.75,20.64,11852.68,10.815,36,1-3y,11.01,west,A
ln_fae329ffe4da,2022-05-31,0,144631.76,7.1,7455.6,12.681,60,10y+,10.52,south,B
ln_c4bc521c29f9,2022-07-31,0,54996.28,21.95,17016.0,11.573,60,5-10y,20.36,east,A
ln_4a33a899c8ea,2023-03-31,0,44386.26,19.66,14488.8,8.541,60,5-10y,11.91,south,B
ln_78ed375965e1,2023-10-31,0,73251.35,19.55,28711.44,11.974,36,<1y,5.41,south,A
ln_6e0f1467ddaa,2022-06-30,1,68920.97,18.14,8030.84,10.876,36,5-10y,10.88,north,A
ln_ceb5a60c0a24,2022-05-31,0,35262.78,23.47,11800.69,13.679,36,<1y,14.49,north,A
ln_cbf27e97662d,2022-04-30,0,115011.08,27.09,27791.57,14.642,36,10y+,15.86,north,B
ln_1b8beba54429,2022-03-31,1,69242.46,48.05,14258.12,19.088,60,<1y,12.96,south,A
ln_33fc6977d585,2022-07-31,0,66191.31,18.4,11770.31,9.364,36,1-3y,15.37,east,A
ln_5391cd70befd,2022-11-30,0,57092.61,27.18,12690.45,13.342,60,3-5y,9.34,west,A
ln_fde06c398a93,2022-02-28,0,68745.66,22.19,29771.32,8.373,36,1-3y,32.92,east,A
ln_2338cd14e42e,2023-05-31,0,71639.51,25.7,23600.05,9.491,36,1-3y,22.49,east,B
ln_0e485bff2e0e,2023-04-30,0,292878.83,12.58,6130.39,10.751,36,1-3y,7.16,east,A
ln_097116e82a05,2022-09-30,0,78319.08,18.51,12255.44,11.806,36,1-3y,12.87,north,A
ln_9426c8749533,2022-12-31,0,20498.06,40.26,25650.52,15.955,36,1-3y,12.53,south,B
ln_c92100296c82,2022-06-30,0,87421.99,23.23,14722.32,12.929,36,5-10y,11.71,east,A
ln_bd4dbf1ed246,2022-11-30,0,26855.55,21.0,14538.36,14.391,36,3-5y,7.71,north,B
ln_e3a9cd380af0,2022-08-31,0,87486.42,28.86,15806.85,13.379,60,5-10y,11.56,south,B
ln_c1d23968f5ec,2022-09-30,0,45097.34,15.32,9967.69,11.737,36,1-3y,11.72,north,B
ln_b52a4cb015d6,2023-04-30,0,119257.17,18.21,22709.36,11.398,36,3-5y,5.97,south,A
ln_79d0bb4c4b65,2022-03-31,0,67345.81,17.1,5207.81,12.107,36,1-3y,6.04,south,A
ln_d1341fd4d656,2023-07-31,1,48895.39,27.6,21143.61,16.477,36,<1y,14.29,south,B
ln_67234a74212a,2023-01-31,0,65434.22,7.4,6672.35,8.879,36,1-3y,18.21,east,B
ln_cca58125191d,2022-07-31,0,64830.73,15.91,23686.5,7.366,36,<1y,14.42,east,B
ln_7df7f5158592,2022-12-31,0,32858.65,26.24,5225.2,14.478,36,3-5y,15.4,east,B
ln_4de1b9f3cb87,2023-11-30,0,45088.86,25.73,5210.97,14.758,36,3-5y,11.43,north,A
ln_792556f57cf7,2022-03-31,0,61065.84,12.02,5043.39,10.658,60,5-10y,17.25,east,B
ln_9b7c8da3e9b9,2023-06-30,0,123272.02,12.46,23647.09,7.969,36,3-5y,10.6,east,B
ln_5fb620f0e209,2022-11-30,0,52122.19,14.15,18614.5,7.257,36,<1y,9.85,north,B
ln_f6419ad4f0c2,2023-04-30,1,55785.38,41.71,21832.45,19.061,36,3-5y,16.42,west,B
ln_bb2dd0c50aa1,2023-03-31,0,54020.1,7.98,6530.62,11.135,60,<1y,14.2,north,A
ln_e857124c24cf,2023-07-31,0,104351.52,8.85,17516.33,8.735,36,<1y,7.11,south,A
ln_70554d414348,2022-05-31,0,47688.73,22.63,15644.66,13.423,60,1-3y,13.87,south,A
ln_697813d019ef,2022-04-30,1,44936.32,35.26,34278.68,15.838,36,5-10y,11.44,south,A
ln_d613000d80b7,2022-02-28,0,87472.4,39.23,15411.92,17.105,36,3-5y,14.59,west,A
ln_d6713a96b300,2022-01-31,0,105405.05,27.23,31829.98,12.673,36,10y+,13.43,south,B
ln_5a929edb12b2,2023-06-30,0,40487.73,21.47,5018.32,13.95,36,1-3y,9.1,east,B
ln_a8a676a6deea,2023-05-31,0,113004.84,8.98,8666.59,11.458,36,10y+,12.5,west,B
ln_356d89554234,2023-04-30,0,28197.53,25.01,6176.32,12.692,36,<1y,13.9,west,A
ln_97442cb040a8,2022-08-31,0,67815.78,25.61,10012.99,11.109,36,3-5y,9.76,north,B
ln_97a18da7752b,2022-11-30,0,93630.4,22.67,54590.71,14.048,36,10y+,8.98,east,A
ln_df342d4bb52d,2022-06-30,1,59667.82,31.43,11505.03,13.59,36,3-5y,10.47,west,A
ln_efde77900f30,2023-07-31,0,113581.9,14.75,20782.27,7.705,36,1-3y,9.41,east,A
ln_e98bd3434878,2023-12-31,0,36741.72,25.58,12728.93,13.491,60,10y+,14.33,north,A
ln_2ed55a97af82,2023-10-31,0,45947.34,20.95,5721.7,12.892,60,1-3y,6.96,west,A
ln_c116480a22f4,2022-11-30,0,57826.89,14.08,25390.28,10.773,60,5-10y,11.84,west,A
ln_7a735b415ab2,2023-01-31,0,123630.02,14.13,20742.19,8.48,36,1-3y,9.75,south,A
ln_6d5f44851fed,2023-08-31,0,61062.97,19.37,15805.78,12.644,36,1-3y,11.51,south,A
ln_e4c0fda87fd3,2023-01-31,0,43658.75,6.33,23272.89,7.826,36,<1y,13.78,east,A
ln_8757a1cef56b,2022-08-31,0,126848.22,34.09,21704.18,15.422,36,1-3y,9.98,north,B
ln_8622cee04fc6,2022-11-30,0,83699.9,10.9,3063.07,6.72,36,3-5y,11.49,south,B
ln_b838bb0f9b12,2022-08-31,0,27164.53,26.96,22229.42,14.172,36,10y+,13.81,west,A
ln_6f2d1fddd734,2023-09-30,0,46323.49,28.38,22476.2,16.806,36,1-3y,12.07,west,B
ln_513ce57aa301,2023-04-30,0,68819.14,16.54,17595.16,9.483,36,1-3y,6.75,east,B
ln_c2d3e61f7331,2022-04-30,0,47212.14,17.54,22104.0,8.709,36,1-3y,17.24,west,A
ln_3780317769f9,2023-08-31,1,30993.36,23.37,31034.12,13.024,36,1-3y,11.46,west,A
ln_0b37e6c2659f,2022-10-31,0,124796.59,24.18,15360.7,13.636,36,5-10y,16.59,west,B
ln_7261e1f57c23,2022-04-30,0,70220.71,31.84,21597.8,13.452,36,1-3y,8.02,north,A
ln_d0accd488055,2023-08-31,0,100097.05,12.7,21646.56,9.106,36,1-3y,9.01,east,A
ln_943c36bb24b7,2023-09-30,1,61896.62,37.78,22262.01,14.386,36,3-5y,21.0,north,B
ln_1b3d75617f1f,2022-12-31,0,147453.51,18.65,21598.02,4.499,36,10y+,11.0,west,B
ln_7ff754d3cba6,2022-04-30,0,40175.91,0.5,17178.34,4.953,60,1-3y,27.92,north,A
ln_0d3f0a70d49f,2023-09-30,0,34660.08,15.82,37838.22,14.047,36,5-10y,10.72,east,A
ln_41e33e6e3ab8,2022-03-31,0,91526.29,7.85,8524.17,8.202,36,3-5y,7.95,north,B
ln_52e443c19c73,2022-08-31,0,169460.16,24.21,25210.77,13.773,36,1-3y,7.97,south,A
ln_b9ec0a4f6511,2022-11-30,0,73064.87,35.11,26629.88,16.088,36,1-3y,10.04,south,A
ln_891a5b3db404,2022-09-30,0,46398.23,31.57,15172.36,14.041,36,10y+,11.79,east,A
ln_d07d01f53120,2023-02-28,0,56010.56,17.24,6517.0,10.267,60,5-10y,11.6,south,A
ln_21f7c5bf0251,2022-03-31,1,75357.2,26.89,13161.27,14.329,36,<1y,7.36,west,A
ln_ae017e98abc3,2022-03-31,0,34237.27,31.71,5380.71,17.559,36,5-10y,15.67,north,B
ln_5fd1a48b3182,2022-10-31,0,67270.68,10.81,75308.06,8.941,60,1-3y,18.64,west,B
ln_208a0f5fa7fa,2023-11-30,0,56307.01,36.36,18760.89,16.89,36,5-10y,16.59,south,A
ln_093f5cbcbdd7,2022-06-30,1,40773.16,24.96,17115.1,14.887,36,1-3y,20.79,south,B
ln_e85aaf4a0698,2023-07-31,0,58197.36,20.79,7178.25,14.648,60,10y+,13.79,west,A
ln_808dc0737708,2022-10-31,0,39068.8,15.25,25960.03,11.583,36,1-3y,10.47,east,A
ln_998faafcc5ca,2022-02-28,0,122788.02,38.08,15369.55,17.045,36,3-5y,21.3,north,A
ln_ea34b827599d,2022-05-31,0,58708.57,28.84,26049.52,14.291,60,3-5y,16.0,north,B
ln_028dc6c09e40,2022-12-31,0,74446.97,37.04,8375.26,17.38,60,10y+,14.67,west,B
ln_d217376d393b,2023-08-31,0,136805.86,16.97,16506.24,12.383,60,1-3y,11.55,north,A
ln_1097296b5b08,2023-05-31,0,57544.36,22.37,7264.6,13.232,36,5-10y,22.12,north,A
ln_2a9cb6ae4aa7,2022-08-31,0,81406.92,27.1,14605.81,9.229,36,1-3y,18.5,east,B
ln_7e028021d14b,2023-02-28,0,77635.97,23.11,17646.7,12.956,36,1-3y,9.25,south,B
ln_10668be5fd9b,2022-05-31,1,72701.46,33.16,9805.8,12.852,36,5-10y,13.58,west,B
ln_90ef8766723e,2023-09-30,0,61660.62,9.67,20812.43,8.384,60,10y+,16.09,north,A
ln_5c95d3e36416,2022-10-31,0,92422.44,9.68,4385.51,7.978,60,3-5y,14.48,west,A
ln_1a02c16966e6,2022-06-30,0,61117.75,21.32,17132.71,12.797,36,3-5y,16.91,south,A
ln_e43da2ab79b1,2022-05-31,0,39358.12,10.65,18969.69,8.227,36,10y+,13.51,west,A
ln_699866f41d34,2022-09-30,1,64692.19,19.15,11071.0,11.269,60,3-5y,14.52,south,B
ln_c9dbd51a95cc,2022-01-31,0,44238.53,22.96,10371.17,12.154,36,3-5y,13.86,east,A
ln_ad773c56005f,2023-03-31,0,39028.95,25.15,5974.97,11.849,36,3-5y,7.91,south,A
ln_be363a53da8e,2022-01-31,0,70192.92,27.46,15368.21,13.976,60,3-5y,18.45,east,A
ln_c30e46e2f1ef,2023-06-30,0,90450.22,16.61,14886.68,8.081,36,3-5y,15.86,east,B
ln_472b3ac15008,2022-05-31,0,81074.73,23.3,14814.61,12.725,36,5-10y,20.9,north,A
ln_3e7e2df6e84f,2023-01-31,0,44572.21,19.11,9862.65,13.198,36,3-5y,14.37,north,A
ln_9c687a6f8cb6,2023-11-30,0,68462.07,17.0,50638.76,9.374,60,3-5y,16.57,west,A
ln_fe001d0f475c,2022-06-30,0,41071.95,30.4,3047.15,15.345,60,1-3y,12.56,north,B
ln_292b7e66d360,2023-07-31,1,50727.61,18.36,7536.93,10.854,60,5-10y,12.62,west,A
ln_493db0473159,2023-11-30,0,38049.9,25.72,18040.44,13.655,36,5-10y,12.53,north,B
ln_20adc4e565ae,2022-02-28,0,46129.22,5.67,21913.95,7.015,60,10y+,11.22,east,B
ln_609822c35c62,2022-07-31,0,69024.12,20.86,14071.3,11.485,36,1-3y,5.17,south,B
ln_43193236ca4a,2023-04-30,0,78188.6,23.17,6840.75,12.22,60,10y+,14.79,south,A
ln_4fec883ffcd8,2022-02-28,1,55724.82,38.65,12299.52,17.395,36,5-10y,21.43,north,B
ln_9775c6d5458f,2023-02-28,0,116127.31,16.41,20193.25,8.717,60,5-10y,14.95,south,B
ln_39e53c17d689,2023-08-31,0,35643.41,25.22,12380.18,13.817,36,3-5y,19.48,south,B
ln_0f8c89a2dbde,2023-08-31,1,38599.03,26.55,23540.29,13.561,36,3-5y,10.08,north,B
ln_134c805c6792,2023-03-31,0,79550.75,27.72,9881.38,15.877,36,10y+,9.04,east,A
ln_ae054ee6e0eb,2022-05-31,0,103882.68,24.91,15427.95,9.783,36,1-3y,9.35,west,A
ln_4425c997989a,2022-02-28,1,52372.88,9.68,4405.97,10.044,36,3-5y,22.01,west,A
ln_5bf0d75cec32,2023-07-31,0,75808.13,15.89,8899.48,6.917,36,1-3y,19.78,north,B
ln_a7370a971a52,2023-04-30,0,97952.73,19.41,17351.5,9.96,36,1-3y,10.88,east,A
ln_2e51e66fac31,2022-07-31,0,36703.63,15.33,27652.16,9.81,36,3-5y,13.02,south,A
ln_34e2dc556229,2023-07-31,0,71661.05,24.31,16543.95,12.089,36,<1y,6.39,north,B
ln_47988903cbcc,2023-06-30,0,46227.98,8.9,23138.1,10.812,60,10y+,11.12,south,B
ln_4468c7e9f34c,2022-08-31,0,86762.9,12.86,28682.3,9.698,36,10y+,11.45,west,A
ln_079d199b938f,2023-12-31,0,46457.03,8.95,16448.75,7.206,36,3-5y,13.77,south,A
ln_feff2611e1a2,2022-08-31,1,41708.05,16.9,46748.13,11.487,60,5-10y,14.73,north,A
ln_3cf873edba57,2023-03-31,0,38179.18,12.47,15006.89,7.859,36,5-10y,14.06,south,B
ln_35116c191d0b,2023-07-31,1,32383.3,25.94,38441.74,15.226,60,1-3y,12.54,north,B
ln_9c0d2cbafa21,2023-12-31,0,69459.74,6.84,18769.64,9.243,36,<1y,6.91,north,B
ln_4fa099069ec9,2023-09-30,0,139498.38,19.85,22545.15,8.989,36,5-10y,13.08,north,A
ln_25865362cbd0,2023-07-31,0,52228.28,17.17,11568.43,8.932,36,3-5y,12.9,west,B
ln_4fc739b00364,2022-07-31,0,23112.15,11.0,23612.92,9.941,36,5-10y,12.02,south,A
ln_4603e5013434,2023-02-28,0,33968.5,6.94,13449.93,7.433,36,1-3y,7.78,north,A
ln_bff6755ede8a,2023-01-31,0,28321.68,45.78,6278.14,16.633,36,1-3y,21.65,east,B
ln_8a07944b63d8,2023-12-31,1,74518.34,32.16,11841.85,18.642,36,1-3y,12.23,west,A
ln_9dfc81da730a,2023-01-31,0,33470.46,9.46,15625.56,6.989,36,1-3y,13.58,south,B
ln_68cfb5431118,2022-06-30,0,55093.75,26.45,6851.5,14.581,36,5-10y,15.48,west,B
ln_b673f9206d7b,2022-07-31,0,72856.27,22.47,3178.39,11.649,36,10y+,11.31,north,A
ln_87a34afcf5ad,2022-03-31,0,36549.11,21.24,15325.16,12.582,36,5-10y,17.4,east,A
ln_681b5a740a23,2023-01-31,0,57552.68,12.25,22253.34,8.174,36,10y+,9.48,south,A
ln_a65315eb39b8,2022-12-31,1,51479.29,28.29,20833.53,11.944,36,10y+,8.27,west,A
ln_cb7aed54b246,2023-12-31,0,73291.11,19.63,9781.91,10.178,36,1-3y,9.5,east,B
ln_9bacd6ac9902,2022-08-31,0,87952.2,30.88,15373.04,18.124,36,1-3y,21.18,north,A
ln_a2eb17f47f08,2022-08-31,0,115512.29,26.3,41432.03,11.259,36,5-10y,20.28,west,B
ln_6438bd66e31f,2022-08-31,0,56435.21,18.29,7030.74,8.0,36,10y+,13.18,east,A
ln_f49c3b38eea8,2022-02-28,0,76788.16,21.56,86246.38,13.167,60,1-3y,21.46,north,B
ln_466356d8f1c1,2023-03-31,0,76645.08,27.39,38073.69,13.061,36,5-10y,18.15,north,B
ln_00f67cd1fd31,2022-07-31,0,42735.09,18.64,4984.73,11.815,60,3-5y,9.69,north,A
ln_107dbedfa6e8,2023-10-31,0,61815.11,4.95,3936.04,8.593,60,10y+,23.2,north,A
ln_68b8b8a47a33,2022-06-30,0,39256.39,14.02,17223.73,9.511,36,3-5y,16.24,north,A
ln_b5f0e3f6820f,2023-09-30,0,18126.12,11.34,10648.67,11.289,60,<1y,19.84,west,A
ln_79db41835045,2022-12-31,0,49574.34,6.84,8808.58,8.114,36,1-3y,8.41,west,B
ln_ac7a828709eb,2023-11-30,0,35942.86,25.62,7199.19,12.18,36,5-10y,18.56,east,A
ln_983f9c50b0b4,2022-06-30,0,131794.66,17.84,28834.27,12.51,36,5-10y,18.06,north,A
ln_d52d73e1cc90,2023-08-31,0,48905.96,14.33,9175.57,10.704,36,5-10y,10.28,north,B
ln_38bc570644c0,2022-10-31,0,64444.61,15.07,8596.87,9.2,36,5-10y,8.1,north,A
ln_10b34f2204aa,2022-01-31,0,73885.04,22.04,13294.28,13.104,36,1-3y,7.88,north,B
ln_419fd48eabf2,2023-09-30,0,67746.6,19.6,10652.36,15.975,36,1-3y,5.38,south,B
ln_9bbe04c543f0,2022-06-30,0,105154.18,14.39,22426.17,8.343,36,3-5y,22.04,east,A
ln_cb13d5add7d5,2023-07-31,0,54811.06,22.9,12966.83,10.391,36,5-10y,20.82,west,B
ln_9886202f3959,2022-01-31,0,61897.26,20.89,7198.21,12.747,60,3-5y,11.87,west,B
ln_68d30fdeccba,2023-01-31,0,41037.77,34.72,14581.41,12.813,36,10y+,16.8,north,A
ln_971f0d756aa9,2022-01-31,0,113572.75,19.63,7734.73,12.146,36,1-3y,10.55,east,A
ln_43dc49a4c334,2022-03-31,0,52310.58,31.99,23484.55,14.873,36,<1y,8.88,west,A
ln_bc637f143133,2023-01-31,0,81732.09,12.84,40399.57,9.418,36,1-3y,9.74,west,A
ln_0241574beaf5,2022-02-28,0,84677.58,10.61,9637.22,10.323,36,10y+,19.53,south,A
ln_41c1fe82a5ee,2023-06-30,0,85056.15,26.87,3653.04,14.217,36,3-5y,16.75,east,A
ln_663a7f900650,2023-01-31,0,72087.78,18.44,43853.1,14.834,36,5-10y,9.2,south,B
ln_e49e5474b367,2022-06-30,0,55672.65,10.94,10507.56,7.379,60,10y+,15.15,west,A
ln_0090a4551962,2022-09-30,1,74672.27,17.32,19271.53,13.263,60,10y+,10.73,south,A
ln_13f0066bcfc3,2022-10-31,0,68397.17,30.5,14422.46,15.808,36,1-3y,8.57,south,B
ln_806dfc50935e,2023-10-31,0,49547.15,31.05,4029.49,17.719,60,1-3y,10.63,north,A
ln_b80bdd7fd1c8,2022-01-31,0,85545.82,11.67,4194.55,5.659,36,3-5y,11.15,east,A
ln_040509d9d68b,2023-12-31,0,119567.57,28.03,9715.98,14.393,36,10y+,13.06,south,A
ln_b887ec4b2631,2022-06-30,0,65180.17,24.68,14201.91,9.301,36,3-5y,18.09,east,A
ln_b400351dac4f,2022-01-31,1,65186.41,37.02,12576.92,18.377,36,1-3y,11.16,east,A
ln_04baae39a290,2022-09-30,0,45769.99,37.52,9890.64,13.712,36,3-5y,10.06,north,A
ln_887ce247d54a,2023-06-30,0,62401.52,18.73,13478.69,14.515,36,<1y,5.75,north,B
ln_e95cd78eba4b,2022-10-31,1,140251.88,26.66,26363.3,18.169,60,1-3y,12.14,west,B
ln_5a1b6a1fc267,2023-04-30,1,49816.54,21.4,8661.81,11.73,36,1-3y,11.06,east,B
ln_21baede75c45,2023-09-30,0,99995.48,33.56,8300.45,14.488,36,3-5y,20.23,west,A
ln_e09e43c18dbf,2023-07-31,1,104719.6,37.22,8002.37,14.762,36,3-5y,12.28,west,A
ln_c89ff38ca3b2,2022-12-31,0,36994.66,17.07,30005.39,10.498,36,5-10y,13.79,east,B
ln_97b7ca905dc3,2022-04-30,0,136780.98,27.55,11950.86,17.492,60,1-3y,12.19,east,A
ln_ecbab39a4379,2023-04-30,0,90955.97,21.52,4877.05,14.08,60,1-3y,17.18,south,A
ln_5817e14871f4,2022-12-31,0,63588.04,16.53,4990.29,8.679,36,10y+,20.63,east,B
ln_ab56cdcbd3cf,2022-01-31,0,65299.95,18.55,4766.13,7.586,36,5-10y,24.14,west,B
ln_1bc7b21f5780,2023-04-30,0,93476.38,3.16,6606.51,6.14,60,5-10y,22.54,south,B
ln_6eddef6b2ae6,2023-08-31,0,63651.41,23.97,20422.78,14.753,36,3-5y,9.48,east,B
ln_90c438cf8f10,2022-06-30,0,46706.85,30.17,32709.1,15.065,60,5-10y,17.49,south,B
ln_594b7e26b177,2022-07-31,1,50072.22,31.57,6444.28,13.558,36,<1y,10.31,north,B
ln_aedf4f7026a3,2022-11-30,0,34297.86,18.25,12896.07,10.319,36,1-3y,19.31,east,A
ln_4e5ccd7f25a7,2023-07-31,0,46041.6,23.97,20341.19,14.832,36,3-5y,8.35,west,B
ln_2ca2848f745f,2023-07-31,0,63754.45,19.19,11369.27,11.809,36,<1y,7.27,north,B
ln_475579d4d732,2023-12-31,0,38202.15,5.66,10709.05,8.251,60,5-10y,16.03,west,A
ln_3667fecd7885,2022-10-31,0,39098.67,23.66,25231.37,14.171,36,10y+,12.95,north,B
ln_6a9d36a8d577,2022-12-31,0,103836.5,30.99,9744.01,15.595,36,1-3y,12.26,west,A
ln_baceb87d3f95,2023-07-31,0,107640.32,19.78,20216.31,7.828,36,3-5y,15.05,west,A
ln_e90ede37076a,2022-06-30,0,52442.12,17.41,17617.51,8.242,36,10y+,14.57,west,B
ln_9a247ee42b4b,2022-09-30,0,58284.52,26.84,17446.74,12.634,36,1-3y,8.28,west,B
ln_201a36b5de62,2022-07-31,0,95839.4,4.98,5516.75,7.372,60,1-3y,6.51,south,A
ln_ac0053d5d8b7,2022-11-30,0,76927.12,10.46,39899.03,8.734,36,5-10y,19.44,north,A
ln_6f951ca1be75,2023-09-30,0,81428.49,22.94,19839.3,12.819,60,3-5y,6.63,south,A
ln_35fd0099227d,2022-05-31,0,37231.88,24.43,15759.23,14.315,36,3-5y,10.48,south,B
ln_ae4de8036004,2023-04-30,0,44500.53,26.62,32305.09,13.883,60,10y+,16.86,east,B
ln_f6aae4c8a947,2023-11-30,0,77699.15,30.9,8033.54,15.542,36,10y+,17.42,south,B
ln_2a273dd6abcb,2022-04-30,0,63616.2,41.98,9428.12,21.669,60,<1y,18.72,north,B
ln_4721bc655c04,2022-05-31,0,22596.34,22.22,15786.4,9.501,60,5-10y,21.38,north,A
ln_e0fa185548db,2023-11-30,0,24218.17,26.78,31164.39,12.676,36,1-3y,9.97,east,A
ln_e67ad6768007,2023-03-31,0,63975.5,24.22,18226.31,14.222,36,10y+,15.55,west,A
ln_f9c39a7a0278,2023-07-31,0,81167.4,17.58,5637.17,11.648,36,1-3y,9.67,north,B
ln_fbd189c81a0b,2023-09-30,0,31486.26,31.64,62702.78,13.143,60,1-3y,18.96,north,A
ln_5904aa0f500f,2022-05-31,0,72359.04,10.67,18604.18,8.229,36,10y+,8.94,south,B
ln_64c35702bbf1,2022-08-31,0,21425.23,30.46,13492.84,12.17,36,1-3y,6.58,west,A
ln_c6e600201f8c,2023-10-31,0,48847.58,9.56,7078.12,7.901,36,1-3y,10.64,east,A
ln_68572e8458ba,2022-07-31,0,44782.08,22.37,11726.68,13.66,60,5-10y,9.96,north,B
ln_1ab72d107d7c,2022-06-30,0,58758.34,14.85,14201.55,12.043,36,5-10y,9.88,north,B
ln_99c189cc5e2e,2023-11-30,0,77818.57,2.59,10005.0,6.218,36,10y+,16.77,west,A
ln_daa5331c13a6,2023-03-31,0,42762.23,25.27,16393.04,9.877,36,3-5y,13.61,south,A
ln_dac9ce35901b,2022-10-31,0,37200.86,30.66,14410.79,11.172,36,5-10y,23.34,east,A
ln_8613e48ca444,2022-01-31,0,30905.36,14.52,17209.86,11.265,36,1-3y,8.12,south,B
ln_ea44750e8f6c,2023-06-30,0,59703.8,11.48,6649.14,8.948,60,3-5y,15.89,south,A
ln_40e246aaaadb,2023-08-31,0,95847.48,23.26,48953.69,11.65,36,5-10y,21.17,east,A
ln_29929f23b23e,2022-07-31,0,66920.23,20.92,23432.79,12.096,36,3-5y,7.24,south,A
ln_e21df9da3e53,2022-05-31,0,67175.46,21.53,8585.77,12.825,36,10y+,12.9,east,A
ln_c584af6fdd8d,2023-05-31,0,53623.58,25.2,10688.49,13.519,36,10y+,10.24,west,B
ln_b22fe1730a19,2023-08-31,0,98803.94,33.93,71830.84,17.124,60,3-5y,18.97,north,B
ln_5fc5dafffc18,2023-11-30,0,60519.43,23.51,41352.58,13.127,36,3-5y,7.28,west,A
ln_a679151f565a,2023-10-31,0,51399.61,22.09,35649.12,12.35,60,1-3y,15.33,east,A
ln_c9ba625cb476,2022-08-31,0,90446.74,16.25,11520.95,8.975,60,3-5y,10.57,west,A
ln_4269d49ec246,2023-04-30,0,100076.13,28.16,13762.48,16.553,36,5-10y,11.56,north,A
ln_8663282e42b4,2022-10-31,0,84647.12,18.82,27945.54,14.065,60,10y+,14.1,west,A
ln_e84783e3795f,2022-03-31,0,57257.32,19.18,14464.64,12.403,36,1-3y,7.7,south,A
ln_0a9885c43aeb,2023-04-30,0,63396.33,22.28,9732.09,14.447,36,3-5y,10.32,west,A
ln_e70fa9f67de2,2023-02-28,1,24633.59,26.04,14646.97,15.589,60,1-3y,15.37,north,A
ln_a0216e4222d8,2022-02-28,0,69372.94,29.74,27267.56,13.554,36,10y+,15.37,north,A
ln_5557862ddc5c,2023-07-31,0,48505.21,43.03,26755.07,19.58,60,<1y,17.07,north,A
ln_656504ba1eff,2023-10-31,0,62388.6,19.71,27286.68,11.34,36,1-3y,15.05,north,A
ln_550138a55b55,2022-06-30,0,56199.99,22.25,17250.04,10.47,36,5-10y,23.45,west,B
ln_df08ed1682fc,2023-02-28,1,67877.08,28.56,24217.01,12.176,36,3-5y,16.4,north,B
ln_6e83d70f2ca3,2023-11-30,0,27277.67,13.33,27721.32,10.302,60,5-10y,14.03,south,A
ln_81187b612405,2022-04-30,0,106398.78,0.74,9244.34,3.5,36,5-10y,19.78,west,B
ln_f37e5b6196ba,2023-03-31,0,68998.79,24.6,8133.63,11.128,36,1-3y,17.71,south,A
ln_314f67ffb432,2022-06-30,0,55265.03,14.34,13241.47,14.414,36,<1y,4.78,north,A
ln_e8c57886744f,2023-11-30,0,56065.4,3.87,12521.11,7.144,36,3-5y,14.12,north,A
ln_1afe43b51325,2022-03-31,0,117767.36,22.44,4713.48,12.427,36,5-10y,16.21,east,A
ln_d4723ab19eca,2023-03-31,0,61685.01,30.19,6111.01,14.966,36,5-10y,15.16,east,A
ln_ad483b83768c,2023-12-31,0,39527.66,30.59,24504.14,15.621,60,10y+,13.27,east,B
ln_6f06027cf22d,2023-09-30,0,48826.99,9.79,18745.61,6.686,36,5-10y,13.16,east,B
ln_909e3315bb70,2023-01-31,0,75749.57,23.32,26514.75,10.955,36,5-10y,17.57,west,B
ln_4cf6c49c4035,2023-02-28,0,50111.63,21.56,13431.05,9.749,36,1-3y,18.84,north,B
ln_dc08e29e2fe3,2022-07-31,0,112841.57,20.24,8833.01,10.997,36,5-10y,7.67,south,B
ln_43d00b231721,2023-03-31,0,118340.01,16.57,29202.26,12.718,36,5-10y,7.56,east,A
ln_a22438c9c655,2022-11-30,0,68602.51,18.38,34162.61,8.665,36,1-3y,9.51,east,A
ln_5596dbd74576,2022-12-31,0,29543.15,23.64,43327.81,14.432,36,5-10y,10.32,south,B
ln_8ac911d36848,2023-05-31,0,101658.2,15.81,12192.96,12.312,60,10y+,16.92,north,B
ln_c45281dbddb9,2022-05-31,0,19356.75,0.63,26225.01,5.25,36,3-5y,8.82,north,A
ln_171b012bb2a0,2023-11-30,0,42712.8,13.71,5727.47,10.293,36,1-3y,7.37,east,B
ln_5213b08249dc,2022-12-31,1,95491.9,11.78,24000.0,7.742,36,1-3y,10.93,west,B
ln_9b05003cf507,2023-12-31,0,43902.41,28.23,5540.24,10.987,36,3-5y,24.7,east,A
ln_c861278ea467,2022-05-31,0,33875.13,21.15,6898.18,8.691,60,10y+,32.36,south,B
ln_0c84052da18c,2023-06-30,0,90418.87,28.31,7045.22,17.614,36,3-5y,7.32,south,A
ln_439a689f6978,2022-09-30,0,67374.94,10.27,14789.06,9.239,36,10y+,26.27,north,B
ln_f4dce3481c46,2023-10-31,0,66167.58,31.67,40671.09,11.818,36,10y+,18.96,west,B
ln_f68e1f79939b,2022-05-31,0,58751.8,14.04,23274.3,12.407,60,1-3y,17.71,west,A
ln_012b094a3dac,2023-08-31,0,34955.93,13.52,45122.48,10.234,60,10y+,16.76,east,A
ln_c15a16fdf20b,2023-12-31,0,62651.58,22.17,10404.66,10.457,36,1-3y,10.76,north,B
ln_82ebb9f34194,2023-11-30,0,102683.3,27.04,8520.53,13.778,36,10y+,17.64,south,B
ln_80bd7bc70472,2023-10-31,0,48202.89,21.23,4006.8,11.267,36,3-5y,11.36,south,A
ln_a2bcceae925e,2022-11-30,0,34810.38,16.89,7058.96,10.878,36,1-3y,13.21,south,B
ln_baf47503bacf,2022-10-31,0,44102.64,25.67,3473.67,10.853,36,10y+,12.3,south,A
ln_e345d371547f,2023-10-31,0,87058.67,13.91,13162.66,9.071,36,5-10y,13.61,west,B
ln_6b638d4cb9b4,2023-10-31,0,49833.62,16.17,7042.58,10.143,36,1-3y,12.64,south,A
ln_41f0df0007fb,2022-06-30,0,63801.7,10.0,29004.05,6.731,36,10y+,16.42,south,B
ln_a67ed43d6d17,2022-11-30,0,80806.09,25.31,8747.19,14.358,36,10y+,16.3,west,A
ln_a8ef677bdbbe,2023-10-31,0,53125.68,19.39,16697.89,11.915,36,10y+,15.57,north,A
ln_23cae1df5e44,2022-02-28,0,28374.91,9.32,65013.52,7.153,36,5-10y,18.44,north,B
ln_c7210e69d4f6,2022-06-30,0,94950.43,4.51,10230.8,7.167,36,3-5y,12.98,west,B
ln_3af8ad2d9284,2023-05-31,0,81259.82,22.57,12403.14,10.608,36,10y+,13.1,south,A
ln_4282d2a3d11d,2022-04-30,0,93709.14,22.08,53019.72,18.544,36,5-10y,8.68,east,A
ln_dc7e6ad4fe89,2023-06-30,0,81843.56,11.44,12106.87,6.544,36,<1y,16.52,north,A
ln_356d2857920c,2023-03-31,0,70778.11,9.43,15981.06,14.562,36,5-10y,10.25,west,A
ln_7264d70cb108,2022-06-30,0,40372.65,9.15,9941.37,10.049,36,3-5y,13.54,east,B
ln_fc11050f3ce8,2022-07-31,0,68544.94,21.95,7817.07,14.671,60,10y+,29.34,south,B
ln_61e1448dca31,2022-12-31,0,124151.68,16.24,11806.57,13.022,60,1-3y,8.42,north,B
ln_54cdfd4a8160,2023-04-30,0,46227.16,18.23,18416.22,13.349,36,5-10y,8.3,west,A
ln_a2cfa8a0b777,2023-05-31,0,72493.3,10.18,15170.44,9.548,60,1-3y,13.25,south,A
ln_db0db6c92ee9,2023-12-31,0,22492.0,36.53,21982.73,14.896,36,10y+,15.12,south,B
ln_1349c3a71ae4,2022-10-31,0,81125.9,32.52,5977.5,12.481,36,1-3y,7.89,south,B
ln_ee4b63ecfc5d,2022-07-31,0,33173.38,7.2,19366.99,9.454,36,1-3y,11.7,south,B
ln_f6692d62d21a,2023-07-31,0,65264.69,16.87,16238.08,10.019,36,1-3y,11.34,south,A
ln_d15aa4bedc90,2023-11-30,1,69930.05,36.82,8342.25,18.856,36,1-3y,18.22,east,B
ln_9952a568e65d,2023-08-31,0,44657.18,18.1,25002.24,15.182,60,<1y,8.56,north,A
ln_102b295e5a88,2023-07-31,0,69457.09,22.95,8262.92,12.064,36,<1y,13.62,west,B
ln_01fbb22e6964,2022-01-31,0,78395.99,31.19,8654.81,13.503,36,3-5y,6.14,east,B
ln_fe81ec220e00,2022-12-31,1,68665.22,15.59,33767.24,10.809,60,5-10y,12.67,west,A
ln_e68d10673b26,2023-12-31,0,65090.12,26.93,8861.16,15.531,60,1-3y,11.26,south,A
ln_d2b2af03ffa0,2023-11-30,0,47713.59,14.99,9009.99,10.047,36,10y+,15.0,north,A
ln_49a6afaecfc5,2023-02-28,0,58202.89,4.18,14190.33,5.938,36,3-5y,7.24,north,B
ln_2d15d4a807ec,2023-08-31,0,28975.61,17.19,22658.24,9.943,36,1-3y,15.79,east,A
ln_3578ffa37929,2023-11-30,0,67050.77,12.87,13966.99,9.727,36,10y+,12.06,west,A
ln_dba104a68fcb,2023-03-31,0,58314.95,15.09,12131.75,12.419,36,1-3y,15.1,west,A
ln_54e206131fa9,2023-07-31,1,66046.28,13.12,23984.92,8.931,36,3-5y,13.55,south,A
ln_e64188b7d251,2023-06-30,0,108280.76,30.92,9525.38,19.59,36,1-3y,10.93,east,A
ln_b50c689c7290,2022-04-30,0,53990.21,23.82,16723.5,9.395,36,5-10y,22.99,west,B
ln_ea421acd2e73,2022-08-31,0,74086.98,29.17,16291.16,13.358,60,3-5y,16.16,east,B
ln_ae88ab14ed4b,2023-07-31,0,69074.36,17.84,4768.85,12.417,36,5-10y,10.36,east,B
ln_84869383d1b2,2022-01-31,0,141332.8,0.6,3981.03,5.963,36,<1y,17.23,north,A
ln_4a37e59bfd21,2023-07-31,0,52882.8,25.21,12030.34,15.016,60,1-3y,8.6,east,B
ln_462e5036ae20,2022-08-31,0,170420.16,31.63,13467.8,15.52,36,1-3y,6.57,west,A
ln_db9afc99f37e,2023-12-31,0,57920.07,26.79,8933.69,13.427,36,10y+,19.02,south,B
ln_b13f304857d8,2022-09-30,0,92461.28,26.28,13175.43,13.323,36,1-3y,14.52,north,A
ln_0881e7ab2da8,2023-01-31,0,84085.49,16.9,18945.18,11.159,36,1-3y,13.24,north,A
ln_a5b3ba1512cc,2022-02-28,0,28939.88,23.66,5747.23,11.377,36,<1y,9.05,north,A
ln_642a5d9a7e1a,2022-01-31,0,88464.83,17.29,10978.25,8.232,36,<1y,8.79,south,A
ln_b29ef4870e5e,2022-05-31,0,68978.53,11.05,17333.7,9.297,36,1-3y,8.76,south,B
ln_f3e13b209094,2023-09-30,0,99129.11,15.62,20157.08,11.557,60,1-3y,8.44,east,A
ln_b863f191f56d,2022-11-30,0,48289.65,33.02,20874.3,15.904,36,1-3y,9.28,west,B
ln_3d1f760b8c3e,2023-02-28,0,59384.01,17.19,11516.39,8.833,60,3-5y,10.93,north,A
ln_648a53c7f802,2022-05-31,0,113300.87,16.92,4351.4,12.264,36,10y+,14.42,north,B
ln_5d41c3063cab,2022-01-31,0,64816.96,17.21,8093.44,13.778,60,1-3y,10.72,west,A
ln_0406ea845dbc,2023-03-31,1,41916.36,32.36,16355.44,12.464,60,3-5y,14.57,west,A
ln_70d4a3fea422,2023-01-31,0,67546.94,22.47,34524.08,16.883,36,5-10y,10.14,west,B
ln_088d9c0fec3b,2023-12-31,0,104849.21,10.64,4021.18,9.671,60,5-10y,15.1,east,B
ln_6e868a26b0a2,2023-12-31,0,37192.08,10.08,11667.04,6.683,36,10y+,14.98,south,A
ln_17fd0dc922af,2022-04-30,0,38966.73,23.51,11349.56,7.713,60,1-3y,11.74,east,A
ln_682aea067182,2022-02-28,0,60791.04,28.65,18509.11,13.815,36,<1y,11.36,south,A
ln_fd81ca119c87,2023-05-31,0,67939.56,12.98,12063.09,15.843,60,10y+,9.68,west,B
ln_bc92c17177d3,2023-10-31,0,76838.96,29.02,28151.66,12.87,60,<1y,5.76,north,A
ln_2ae95d317082,2023-12-31,1,74777.07,31.71,32279.07,15.088,60,10y+,19.54,south,A
ln_b688b212d627,2023-11-30,0,48164.85,14.56,14164.45,6.705,36,5-10y,15.17,south,A
ln_096db50b2a39,2022-02-28,0,105953.67,9.85,5580.99,6.801,60,5-10y,20.13,south,B
ln_f7c4c81174cc,2023-01-31,0,60183.42,10.0,24715.17,11.687,60,1-3y,10.96,south,A
ln_4d1766335898,2023-04-30,0,67180.21,33.19,8911.2,12.083,36,<1y,9.94,north,B
ln_6efa4a95553e,2023-11-30,0,37857.7,18.99,17626.57,9.99,36,<1y,7.05,south,A
ln_c6a1e4a0febf,2023-04-30,0,43901.07,12.54,30578.14,10.007,36,10y+,13.39,west,B
ln_8b8bfa4c2096,2023-12-31,0,111772.78,23.36,14687.89,10.976,36,10y+,27.29,west,A
ln_b90d76dfdda8,2023-08-31,0,58794.36,15.16,10980.83,9.709,36,1-3y,6.54,east,A
ln_c8dddf8517dc,2022-04-30,0,107617.45,24.52,24538.01,11.325,36,5-10y,19.37,north,B
ln_dbe000f3a738,2022-10-31,0,62850.52,27.61,23181.2,15.174,60,1-3y,11.47,south,A
ln_ec198d9beaf3,2022-01-31,1,62126.79,29.93,6871.37,13.367,36,<1y,14.22,east,A
ln_6f95728688d1,2022-09-30,0,66088.56,31.27,18190.78,16.83,60,5-10y,13.68,east,A
ln_fd6a3f94469d,2023-11-30,0,110006.32,22.32,17088.2,10.286,60,1-3y,20.17,north,A
ln_06bb02bda4ac,2023-07-31,0,68484.79,20.48,23142.01,11.035,36,5-10y,9.83,south,B
ln_9a57c7084ef2,2022-03-31,0,111724.26,12.31,20624.58,7.902,36,10y+,14.08,east,A
ln_f8b4d937e8be,2022-12-31,0,66075.53,19.47,7024.32,12.535,36,<1y,10.21,north,A
ln_fabac7603e1e,2022-07-31,0,101720.15,7.5,18307.61,6.222,36,10y+,16.12,north,B
ln_433b7b226ed5,2022-10-31,0,71831.72,25.51,7257.43,14.89,36,3-5y,12.57,south,A
ln_892554654f7c,2022-02-28,0,32946.44,21.99,9570.84,14.211,36,<1y,10.58,east,A
ln_6a889bb45762,2023-02-28,0,34585.29,25.34,8154.57,9.925,36,3-5y,22.66,east,A
ln_bcc597ca3792,2022-07-31,0,43243.58,18.43,14949.45,11.02,60,10y+,21.09,north,A
ln_ffbb692b4fa6,2022-12-31,0,42446.34,37.33,17065.52,16.691,36,1-3y,16.79,east,A
ln_37fb50ceec36,2022-07-31,0,68365.27,5.01,9160.23,5.53,36,1-3y,13.82,north,A
ln_9d2344970f44,2023-02-28,1,71099.43,26.48,37836.27,12.796,60,<1y,10.71,west,A
ln_04a86ba9e1ed,2023-06-30,1,49287.68,28.39,17979.39,13.142,36,5-10y,8.19,north,B
ln_a171921dc279,2022-02-28,0,66618.96,19.17,19523.65,11.679,36,5-10y,10.66,south,A
ln_6d089c5acdfa,2023-04-30,0,56663.01,11.07,3515.53,8.927,36,3-5y,7.69,south,A
ln_06580e39c734,2022-01-31,0,60576.64,32.33,9097.62,18.34,36,3-5y,9.97,north,B
ln_40dd81bcc726,2023-10-31,1,47316.78,10.43,8449.85,9.057,36,1-3y,9.46,north,A
ln_a059858661b7,2022-04-30,0,21269.71,18.16,5730.46,12.588,36,10y+,10.74,south,B
ln_66cada137ea4,2022-05-31,0,72049.14,42.56,18159.28,16.457,36,1-3y,5.9,south,A
ln_2185d6854b95,2023-07-31,0,37705.73,22.5,22184.91,11.633,36,3-5y,12.5,west,A
ln_d35039398fec,2022-03-31,0,77566.84,23.94,3682.34,10.792,36,3-5y,9.31,west,A
ln_0b71bbcfc004,2023-12-31,0,114643.83,16.25,52222.37,12.995,36,3-5y,9.61,east,A
ln_0b47a56d0973,2022-06-30,1,62697.25,20.14,10457.88,12.845,36,<1y,10.78,east,A
ln_2c6146c72c9f,2022-03-31,0,54784.93,0.5,9110.73,3.692,60,10y+,12.8,east,B
ln_07045c041216,2022-05-31,0,56306.44,18.1,8388.07,11.269,60,5-10y,17.26,east,A
ln_707b4a1721e2,2023-08-31,0,45512.06,9.67,6761.41,9.048,60,1-3y,13.59,west,A
ln_43b5153231f6,2023-09-30,1,86009.46,29.64,12209.61,15.313,60,5-10y,12.19,south,A
ln_bc9e8c9c8df9,2023-10-31,0,66853.56,21.31,17110.46,9.779,36,5-10y,8.74,north,B
ln_7dbdec0ea983,2022-01-31,0,32821.72,36.5,4446.85,17.532,60,5-10y,14.94,east,B
ln_c94a42137590,2023-10-31,1,86650.96,40.52,26472.86,19.25,36,1-3y,13.8,north,B
ln_85a2503b286c,2022-04-30,0,115236.69,14.25,16246.88,12.204,36,1-3y,12.97,north,B
ln_a7c4d6fe9dd8,2022-09-30,0,165348.97,20.5,28641.19,12.473,36,1-3y,19.1,south,A
ln_539806fe3812,2022-04-30,0,28203.66,14.93,10973.11,13.971,36,<1y,7.9,south,B
ln_8678bc4aa530,2023-06-30,0,51346.91,24.42,26604.85,14.434,36,5-10y,23.45,south,A
ln_79f3ddaa5e82,2022-07-31,0,29907.64,15.87,13999.39,9.918,36,<1y,10.89,east,A
ln_09022ba8f347,2022-01-31,0,121869.18,16.25,9988.7,9.38,60,10y+,14.29,west,B
ln_45ceecf393a7,2022-11-30,0,100906.98,20.17,16105.0,12.441,36,1-3y,13.16,west,B
ln_6faa303055e5,2022-01-31,0,38559.17,25.61,6299.27,11.944,60,10y+,15.33,east,A
ln_020863b6d5b7,2022-06-30,1,73333.88,38.48,39292.61,14.324,36,3-5y,12.04,east,B
ln_f5e83908e679,2023-08-31,0,110675.95,27.39,11113.0,18.02,60,5-10y,13.65,west,A
ln_e58c405e0998,2023-08-31,0,68952.48,22.66,12737.9,10.97,36,5-10y,17.03,west,A
ln_1e699df9a294,2022-11-30,0,82416.74,21.11,24579.63,9.665,36,1-3y,8.7,west,A
ln_5194f8c0241b,2022-05-31,0,86281.99,24.25,6424.18,17.616,36,3-5y,9.19,south,A
ln_3f32734ba059,2023-01-31,0,180703.88,1.95,14518.79,7.363,60,1-3y,9.22,east,A
ln_f842ea738d1b,2023-09-30,0,48222.71,21.88,19925.41,12.551,36,5-10y,11.65,south,B
ln_6cab6727b760,2023-08-31,0,91116.98,25.22,45487.61,12.641,36,10y+,17.35,west,B
ln_cbe7c00d1784,2022-12-31,0,44601.2,9.27,6933.09,8.662,36,3-5y,15.99,west,A
ln_303b2375b0ea,2023-03-31,0,59420.55,23.25,43737.16,14.378,36,<1y,9.72,north,B
ln_ca46acfe7850,2023-12-31,0,59242.2,17.97,4688.5,10.453,36,1-3y,12.67,east,B
ln_234b90fbcbe5,2022-09-30,0,38195.26,22.06,11408.22,11.418,36,3-5y,13.53,north,A
ln_288cd0c16dda,2023-05-31,1,70001.6,31.04,22450.52,10.334,36,10y+,17.0,west,A
ln_3f8ef18cf31a,2023-04-30,0,85195.74,8.43,10249.39,4.369,36,10y+,20.3,east,A
ln_b3d1a3f502b6,2023-10-31,0,82941.71,19.59,11379.23,10.546,36,1-3y,14.12,east,A
ln_a9c134cd526f,2023-08-31,0,63308.8,9.12,8947.32,9.487,36,<1y,7.37,west,B
ln_886bf3a8de13,2022-12-31,0,128834.69,14.97,10099.28,8.019,36,10y+,19.12,west,B
ln_bddab53fb2ce,2022-11-30,0,34070.74,22.79,4746.33,13.448,36,1-3y,7.31,south,B
ln_632523892e7b,2023-04-30,0,61302.79,24.2,25016.35,16.699,60,3-5y,15.67,south,B
ln_268b1bb6f88f,2022-01-31,0,104942.14,21.29,15406.17,12.657,36,5-10y,18.88,south,B
ln_8f0033ff08d1,2023-05-31,0,60020.29,15.08,9372.75,7.674,60,<1y,13.05,north,B
ln_22c4f7328957,2022-07-31,0,49709.51,8.67,9750.65,7.54,36,<1y,11.61,east,B
ln_7054303afac2,2023-01-31,0,33476.14,15.59,18960.97,9.66,36,1-3y,14.01,east,A
ln_d62e5b228c6c,2023-02-28,1,86049.53,26.61,19596.21,13.253,36,1-3y,17.57,north,B
ln_c6ade5b354b9,2023-04-30,0,43116.41,30.24,26215.99,18.105,36,<1y,8.88,east,A
ln_26ccb13c2983,2022-10-31,0,60504.35,17.5,14448.42,10.341,36,1-3y,11.42,north,A
ln_e1afe25dec3a,2023-01-31,0,78024.67,36.32,28739.29,14.554,36,<1y,8.57,east,A
ln_361564e8a16c,2022-08-31,0,76345.42,32.07,6553.01,16.339,60,10y+,14.76,north,A
ln_8aca7d7aaf95,2023-11-30,0,62720.83,14.95,15092.29,8.91,36,5-10y,17.4,west,B
ln_3b3cf88720bd,2023-11-30,0,95497.44,17.18,34885.94,10.287,36,1-3y,13.23,west,B
ln_fe87ebc04f2d,2022-07-31,0,120132.54,32.9,48822.89,17.972,36,1-3y,8.69,west,A
ln_6c05d9fd6615,2023-06-30,0,157002.74,22.54,10497.9,16.167,36,3-5y,13.64,west,B
ln_fa94cb944775,2022-07-31,0,29440.31,27.21,32644.56,15.947,36,10y+,14.98,west,B
ln_aae1072d1385,2023-12-31,0,46660.42,23.73,48382.26,14.037,36,10y+,11.45,east,A
ln_a8dcd237a1da,2023-05-31,0,47604.99,18.89,18497.69,11.08,36,5-10y,15.08,east,B
ln_794d7487e62f,2023-11-30,1,86054.4,17.96,20166.73,10.162,36,<1y,7.16,north,B
ln_d59566697acd,2023-12-31,0,90766.0,18.08,11530.97,12.442,60,1-3y,13.02,east,A
ln_c5e2753166e6,2022-04-30,0,59127.92,26.9,5222.48,13.03,36,3-5y,15.13,east,A
ln_dd086170514a,2023-06-30,0,86211.06,13.24,22035.89,11.301,36,<1y,9.94,west,A
ln_a1a5069a58f9,2023-06-30,0,32830.12,20.38,15121.32,10.658,36,5-10y,8.25,south,A
ln_2ca0035152b6,2022-02-28,0,62322.17,26.98,10294.72,11.499,36,10y+,13.43,north,A
ln_ff4ddb1da91d,2023-03-31,0,86462.07,13.44,14570.1,7.19,36,3-5y,14.82,south,A
ln_01f7f7321f2f,2022-01-31,0,59588.37,26.89,14808.8,15.038,60,10y+,16.18,south,B
ln_84c08d225e9d,2022-06-30,0,95360.49,18.65,12932.34,10.222,36,5-10y,10.87,south,A
ln_4f01226c7382,2023-01-31,0,137033.26,13.56,19316.15,6.857,36,1-3y,11.92,north,A
ln_46ef50c1b10f,2022-10-31,0,23673.01,4.81,11900.25,7.288,60,1-3y,8.21,east,A
ln_d301f9668d4d,2023-01-31,0,66918.67,33.75,40296.15,13.838,36,10y+,14.14,west,B
ln_1f607baf6928,2023-11-30,1,54210.88,29.7,16442.83,14.06,36,<1y,10.9,west,B
ln_6937536cbd11,2023-06-30,0,68289.54,30.49,9689.49,14.839,60,1-3y,15.52,north,B
ln_b4800709ed9c,2022-03-31,0,95124.28,14.54,16878.87,9.98,60,10y+,13.19,west,A
ln_d3b306b07ef6,2022-07-31,0,33710.81,21.03,26874.21,14.221,36,10y+,18.07,east,A
ln_75e5fce99f65,2023-01-31,0,69477.02,7.15,54942.96,9.023,60,1-3y,9.2,south,A
ln_b3cbf3779a23,2022-12-31,0,34947.07,16.61,16096.65,13.379,36,1-3y,10.54,south,B
ln_4f6e0005bae8,2023-04-30,0,62618.58,3.86,20073.78,4.72,36,3-5y,12.42,west,A
ln_dab3b9577cef,2023-02-28,0,61848.7,21.97,22416.49,15.334,36,3-5y,17.8,west,A
ln_6892cc5ba71c,2022-05-31,1,28706.29,26.23,7010.19,10.678,36,3-5y,16.63,east,B
ln_f59b5196d191,2022-12-31,0,34531.21,24.86,18053.56,13.729,36,3-5y,20.19,south,B
ln_c9c4a2f1fd65,2022-08-31,0,140311.15,17.43,10095.17,13.554,36,<1y,3.92,west,B
ln_9d30b4744e61,2022-12-31,0,69104.05,4.5,20067.21,6.801,60,5-10y,10.89,north,B
ln_2f7771baac4d,2023-07-31,1,53203.72,33.33,17724.04,16.865,36,<1y,11.22,east,B
ln_b6aaabd2bb79,2022-05-31,1,76944.42,10.98,48822.24,10.34,36,5-10y,23.74,east,B
ln_5b25db160e43,2022-09-30,0,51541.89,28.29,12893.54,15.034,36,5-10y,17.4,east,A
ln_d4987107cdea,2022-02-28,0,81636.98,20.34,10702.14,10.297,36,5-10y,15.81,north,A
ln_857ee2fb4bca,2023-05-31,0,134267.84,18.39,5730.07,9.588,36,<1y,12.17,west,B
ln_da5568094ea9,2022-09-30,0,26173.17,26.07,24738.03,14.837,60,1-3y,7.64,west,A
ln_c8501c711da1,2022-03-31,0,97646.45,17.39,13020.83,12.573,36,3-5y,9.04,west,B
ln_00c80b531696,2022-12-31,0,49365.86,14.18,31831.41,7.137,36,10y+,16.29,south,B
ln_9dab4ad0fe9f,2023-09-30,0,78568.93,11.03,9791.68,10.919,36,1-3y,7.87,north,A
ln_cb1b6c963d6b,2023-09-30,0,79035.31,45.98,14419.49,19.671,36,1-3y,10.05,north,A
ln_5751c69f8b36,2023-04-30,0,65323.55,30.38,7778.24,18.997,60,3-5y,8.31,east,A
ln_6d15add13a7b,2022-08-31,0,76029.1,28.85,8057.72,16.666,60,<1y,1.9,east,B
ln_10307e7fddad,2023-02-28,0,87678.38,21.22,13108.91,13.317,36,3-5y,9.99,south,B
ln_c0d4f9567c58,2023-03-31,0,153953.54,16.78,24243.07,9.468,60,1-3y,15.16,east,B
ln_be308fb2acef,2022-03-31,0,44998.96,26.11,14754.1,7.8,60,10y+,19.55,south,A
ln_090f0de8ee3c,2022-03-31,0,149329.12,23.72,3323.76,9.623,36,5-10y,7.27,north,B
ln_ef4c7bbc2b93,2023-06-30,0,140313.7,6.7,10930.92,6.824,36,5-10y,7.54,west,A
ln_aaf24bab4a05,2022-01-31,0,33898.64,13.5,12133.86,11.253,36,10y+,8.35,west,B
ln_f6e85361a656,2023-03-31,0,46506.44,22.72,31111.46,10.071,60,<1y,22.39,east,B
ln_a3d676b3c804,2023-06-30,0,85611.04,26.27,13870.57,15.876,36,10y+,10.8,west,A
ln_2c4d07e397e8,2022-04-30,0,67118.27,12.85,8543.38,9.914,60,3-5y,15.53,south,B
ln_16565d36c24a,2023-09-30,0,167494.52,14.32,7409.97,8.283,36,1-3y,7.68,east,A
ln_12792abcd450,2022-06-30,0,39074.27,24.29,54720.13,14.684,60,5-10y,10.43,south,A
ln_d50d52524f48,2023-05-31,0,67425.12,8.46,9832.9,9.528,36,3-5y,13.72,north,B
ln_2a6a5c7a1f6f,2023-09-30,0,100797.58,17.88,32634.32,8.091,36,1-3y,8.46,west,A
ln_b7cf6e823578,2022-10-31,1,95747.14,29.05,25038.56,18.231,60,1-3y,12.13,west,A
ln_e9d886e74ec4,2022-03-31,0,40630.61,17.3,12343.35,9.368,36,1-3y,6.59,south,A
ln_a13834addb95,2022-02-28,0,103377.54,20.51,14850.44,10.336,36,1-3y,12.87,east,B
ln_c725e6ea30d5,2023-02-28,1,66147.95,15.88,26732.71,12.631,36,<1y,11.48,west,A
ln_ef2e2ab7be14,2022-04-30,0,24537.22,31.92,20938.99,16.585,36,1-3y,18.17,west,A
ln_b7801d0bc1f5,2023-12-31,0,88984.81,5.77,15295.33,7.844,36,<1y,11.58,south,A
ln_e776c091e098,2022-02-28,0,66134.92,16.45,28397.25,10.947,36,5-10y,9.78,north,A
ln_bc603d9fc2d8,2023-12-31,0,76518.98,21.67,30353.93,10.845,36,5-10y,12.91,south,B
ln_0d2e8308b650,2023-12-31,0,116111.91,10.31,30950.12,10.477,60,10y+,20.64,west,B
ln_6bedd187bcd8,2023-11-30,0,58565.61,16.53,12125.97,9.293,36,1-3y,8.7,east,A
ln_85c847c56135,2023-12-31,0,76624.27,21.34,8751.86,7.569,36,1-3y,12.49,east,B
ln_89ea9f97a6dd,2022-09-30,0,75075.26,24.45,16210.31,12.02,60,3-5y,17.98,east,B
ln_739d2099eb2a,2023-10-31,0,43159.48,11.97,5763.87,10.263,36,1-3y,12.1,west,A
ln_5254c662745a,2022-10-31,0,79249.11,17.11,20021.05,7.888,36,10y+,7.93,north,A
ln_00cf0806bbb8,2022-08-31,0,50335.63,20.62,23594.33,8.54,36,3-5y,13.31,west,B
ln_a8cca2258a72,2022-03-31,0,58913.57,19.47,12900.28,8.748,36,3-5y,7.94,north,A
ln_128fb4ae71ba,2022-05-31,0,65341.28,34.34,18011.99,15.888,36,<1y,11.34,east,B
ln_dcd02d4b7dca,2022-06-30,0,55450.51,8.03,10213.46,8.106,36,3-5y,9.18,west,A
ln_83cd5404fd5e,2023-12-31,0,63253.0,29.81,26943.27,14.389,36,10y+,17.72,east,A
ln_ce6123aa61ca,2023-06-30,1,39678.97,34.3,25688.45,17.105,36,1-3y,14.01,north,B
ln_d9a5c84ff592,2022-06-30,0,64203.4,37.11,15387.38,17.639,36,3-5y,11.87,south,A
ln_a282713c23f4,2022-06-30,0,67219.69,11.82,20581.08,9.557,36,5-10y,11.12,east,B
ln_81d6db60b06f,2022-05-31,0,144939.9,26.8,21786.05,15.786,36,10y+,15.79,north,B
ln_c2a3d30c7316,2023-09-30,1,45595.94,29.82,37705.39,15.128,60,3-5y,15.61,south,A
ln_9c65fffe0272,2023-09-30,0,76308.83,30.9,15673.3,12.892,36,5-10y,13.62,south,B
ln_6f752db7dca2,2022-06-30,0,42084.52,24.66,13839.35,10.005,36,5-10y,27.32,west,B
ln_4adc58275510,2023-02-28,0,54329.27,17.97,7623.55,10.997,36,1-3y,5.44,east,A
ln_5669cb98577d,2023-12-31,0,24234.69,24.94,16537.8,10.056,36,10y+,22.13,east,B
ln_4bc446f9b436,2023-02-28,0,72377.31,5.47,20800.02,10.564,36,1-3y,15.28,south,B
ln_16efbea9b9f6,2023-08-31,0,64641.06,12.74,11109.8,10.625,36,5-10y,12.28,west,B
ln_2aa65dfb7ae5,2022-06-30,0,91760.89,26.02,7064.55,11.192,60,1-3y,23.11,south,B
ln_8883c35f746b,2023-10-31,0,38473.93,14.58,31831.73,10.64,36,5-10y,9.96,south,B
ln_acf800421a79,2023-06-30,0,42278.05,26.4,9960.66,12.15,36,1-3y,12.1,south,B
ln_cf4278105abc,2023-03-31,0,64682.13,33.33,8829.72,17.134,60,3-5y,10.85,south,B
ln_27d8cc06ac0c,2023-08-31,0,70718.92,34.77,13014.88,19.984,60,3-5y,7.06,east,A
ln_dce0b59af61c,2023-07-31,0,69908.08,7.73,11465.55,6.843,36,5-10y,11.94,south,B
ln_0031e38b4be4,2022-12-31,0,30408.38,11.03,12701.69,12.344,60,5-10y,10.55,south,A
ln_4d6c346388eb,2023-08-31,0,65412.13,19.95,10854.77,10.178,60,1-3y,9.88,east,A
ln_9aa990137362,2022-03-31,0,60062.41,28.64,29635.13,16.488,36,<1y,10.14,north,A
ln_33808813e7a1,2022-03-31,0,37526.95,15.79,11533.97,7.182,36,10y+,12.41,north,B
ln_98a8eba3b407,2022-04-30,1,112302.18,33.01,20964.09,16.582,36,10y+,23.64,east,B
ln_270ed0576321,2023-11-30,0,60654.36,15.24,12700.79,10.218,36,5-10y,11.07,east,B
ln_cee6f1f816e0,2023-10-31,0,29035.79,30.55,29221.89,17.264,60,3-5y,14.01,west,B
ln_10581da01a57,2022-05-31,0,74537.63,20.84,14934.34,12.119,36,5-10y,13.41,south,A
ln_6a151e3cfe90,2022-06-30,0,90494.78,19.7,16126.79,13.547,36,1-3y,14.11,north,A
ln_74030ae2316e,2023-05-31,0,23259.17,26.13,4045.22,13.56,36,10y+,20.32,north,B
ln_ad0a556156c6,2022-01-31,0,83168.14,14.52,21262.38,10.009,36,5-10y,10.12,north,B
ln_a607bbe8700f,2022-09-30,0,45703.58,8.4,26057.65,5.165,36,1-3y,7.93,south,B
ln_445c63edf72a,2023-11-30,0,42958.49,22.57,15436.99,13.402,36,1-3y,5.77,east,B
ln_e75bfeda7450,2022-05-31,1,102774.51,28.52,37018.41,9.215,36,1-3y,21.57,north,B
ln_5b53c8c8184e,2022-11-30,1,67643.8,24.39,4930.99,16.107,36,1-3y,6.02,east,A
ln_e20c8187d81c,2022-07-31,0,103884.36,30.4,15609.22,14.211,36,1-3y,6.36,north,A
ln_07c5bc1c3002,2022-12-31,0,84681.43,26.15,14576.01,16.505,36,5-10y,10.84,east,B
ln_55a6608a5ad7,2023-07-31,1,69536.15,23.59,8542.8,12.191,60,1-3y,12.74,west,B
ln_b8fda372f68b,2023-09-30,0,83662.81,15.73,6558.81,7.755,36,10y+,13.84,west,B
ln_11bcdd3f718c,2023-04-30,0,69274.36,12.11,26094.46,7.505,36,<1y,7.2,east,B
ln_5b00b410f1d1,2022-12-31,1,59578.3,36.89,14473.65,17.166,36,1-3y,15.14,west,A
ln_93ad752fcd79,2022-08-31,0,38658.82,25.95,31808.35,9.65,36,10y+,20.75,west,B
ln_5ad1628d54bb,2023-08-31,0,49162.65,15.99,16760.79,11.468,36,5-10y,18.64,north,B
ln_7cd36b648901,2023-10-31,0,46866.32,3.51,13357.08,9.541,36,1-3y,6.22,south,A
ln_49aa13617607,2022-07-31,0,51600.62,18.59,14249.18,10.136,36,3-5y,11.11,north,A
ln_8b6d855a1e4b,2023-09-30,0,100013.0,0.77,16244.34,4.806,60,<1y,14.43,north,A
ln_984555d19b7d,2022-07-31,0,43361.6,34.4,15374.78,16.76,60,1-3y,15.93,south,A
ln_9244a163674d,2023-04-30,0,73838.41,18.27,22046.0,10.686,60,10y+,12.51,south,B
ln_6cde051db09f,2023-10-31,0,51569.42,18.61,12794.29,12.42,36,10y+,16.13,east,A
ln_189be0b10bd9,2023-03-31,0,68570.8,24.7,21519.14,10.66,36,5-10y,12.38,east,A
ln_6691f005e063,2022-04-30,0,20368.24,29.76,8682.43,13.662,60,5-10y,25.16,north,B
ln_afa36cfe9c6a,2023-10-31,0,52427.07,34.81,9781.53,16.932,36,<1y,7.98,west,A
ln_c95a3a28ecdb,2022-11-30,0,30260.79,24.99,14279.46,18.316,60,3-5y,6.18,north,A
ln_1f9b0dae0387,2022-05-31,0,52072.18,8.52,23355.79,12.583,36,1-3y,13.56,east,A
ln_3c5d9e672c07,2023-06-30,1,78943.82,29.99,15073.44,15.989,60,1-3y,16.24,east,A
ln_b4a49b2558cd,2023-02-28,0,115496.95,20.34,3611.69,8.91,36,3-5y,13.57,north,B
ln_2f45c80ba6ba,2023-01-31,0,61312.76,16.37,35485.78,10.145,60,1-3y,13.5,east,A
ln_36244514e8f9,2022-12-31,0,43998.09,18.99,10767.34,13.995,60,1-3y,10.92,west,B
ln_f12149656b89,2022-05-31,0,42560.96,27.55,7690.41,13.32,36,<1y,14.81,east,A
ln_9d178d5ea031,2022-07-31,0,53307.88,25.05,12164.26,13.874,36,1-3y,18.18,south,B
ln_50c74e969bfc,2022-05-31,0,112303.84,21.86,9875.72,10.624,36,1-3y,22.56,east,A
ln_dee098a81832,2023-04-30,0,81479.86,21.07,19046.46,10.112,36,<1y,13.45,east,A
ln_8adcda54d75a,2023-10-31,0,77588.71,14.39,20060.26,9.239,36,3-5y,18.95,north,A
ln_0831e5ad4cea,2023-04-30,0,40367.63,16.81,10770.96,8.82,36,1-3y,8.57,south,A
ln_54fc470ac721,2023-03-31,0,43893.85,28.49,21839.81,12.406,60,3-5y,15.32,south,A
ln_a8ae6c61919d,2023-10-31,0,31280.01,12.25,39225.58,9.779,36,<1y,14.86,west,B
ln_a8e6df24583a,2023-02-28,0,91745.29,18.8,20619.34,9.782,36,3-5y,12.08,west,B
ln_a5ea29a3dab3,2023-11-30,1,32335.72,23.54,14020.21,15.41,36,5-10y,16.51,east,A
ln_bfcf39ed8f8f,2023-11-30,0,100423.54,19.09,6391.35,9.955,36,<1y,14.86,west,A
ln_b634c57e5dc1,2022-04-30,0,76165.31,27.49,25463.37,14.798,36,1-3y,10.49,east,A
ln_4e43ae042436,2023-06-30,0,59370.36,18.19,39197.1,10.004,36,5-10y,12.65,west,A
ln_d7b94fda9ba1,2023-05-31,1,33532.56,21.9,19259.0,12.49,36,10y+,18.47,south,B
ln_40544f36edd1,2023-10-31,0,21929.91,17.4,10435.08,11.33,60,10y+,23.26,west,A
ln_d38be72b99fe,2023-12-31,1,65657.64,37.24,22319.77,18.624,36,1-3y,7.69,north,A
ln_5e03e44214db,2023-12-31,0,70894.34,28.41,5174.48,15.881,60,1-3y,15.0,west,B
ln_78bcf1ac0084,2023-02-28,0,189764.0,6.61,6135.33,8.532,36,1-3y,7.77,north,A
ln_485bb7f6b282,2023-04-30,0,58560.0,14.28,13156.81,10.06,60,3-5y,12.08,east,A
ln_0f3649657551,2022-01-31,0,114726.47,12.89,11275.44,9.821,36,3-5y,19.22,west,B
ln_f648a04ac1a7,2022-02-28,0,40005.26,10.2,7423.47,6.083,36,3-5y,32.28,north,A
ln_5e4f71222f85,2022-05-31,0,70223.5,10.4,47663.41,11.342,36,1-3y,7.58,north,A
ln_7a35996fe98e,2022-11-30,0,35498.41,19.82,13706.99,10.313,60,5-10y,21.07,east,B
ln_30b4039cd784,2022-11-30,0,61718.95,8.53,12820.38,10.737,60,3-5y,9.17,east,B
ln_af9839eb436f,2023-12-31,0,32321.75,17.81,16851.74,10.36,60,5-10y,14.58,west,B
ln_95c99f669e64,2023-10-31,0,50088.52,19.55,4704.33,11.18,36,<1y,16.84,south,A
ln_30e16269156c,2022-07-31,0,36658.46,31.29,25518.36,14.695,36,5-10y,13.38,north,A
ln_e07dc06b6bc1,2023-05-31,1,79273.92,12.1,7410.31,9.46,36,10y+,16.69,east,B
ln_b9696d1cf1a0,2023-10-31,0,56918.91,15.15,4499.91,10.167,60,5-10y,17.44,west,B
ln_f582baa4e59b,2022-08-31,0,49618.12,22.11,18612.73,8.948,36,5-10y,12.63,east,B
ln_ddcfcfedfd03,2022-02-28,0,76243.15,31.54,23447.92,17.041,60,10y+,27.32,east,B
ln_c61ecc7c700e,2023-12-31,0,50769.57,15.28,27539.22,9.485,60,<1y,12.45,south,B
ln_c2237eb169b6,2023-11-30,0,55309.07,33.57,11049.83,17.415,36,5-10y,10.41,west,A
ln_feb0988c846e,2023-03-31,0,58829.5,14.64,17085.08,6.09,36,3-5y,6.58,west,A
ln_f4fdd7b70d03,2022-11-30,0,41764.79,0.5,18113.6,5.085,60,3-5y,7.29,north,A
ln_c094e6ffdf6f,2022-10-31,1,38393.12,12.96,12493.72,10.939,60,1-3y,20.15,west,A
ln_e56d1f31e716,2022-09-30,0,80063.1,19.61,17653.86,9.503,60,5-10y,14.59,west,A
ln_90d31c17d3ca,2022-10-31,0,98593.59,15.19,20068.2,12.306,36,10y+,9.97,west,A
ln_a194347a6c2c,2023-07-31,0,50667.91,23.8,15244.35,11.128,60,5-10y,24.66,east,B
ln_8b0ab11f0340,2022-03-31,0,86770.34,17.56,6404.36,10.014,36,<1y,11.76,north,B
ln_69caff2d2782,2023-04-30,0,130248.06,21.67,22206.91,9.737,36,1-3y,15.92,west,A
ln_3577adb17b17,2022-01-31,1,59280.6,20.54,16844.41,13.795,36,3-5y,7.82,west,B
ln_8b5bbae81f14,2023-08-31,1,66348.51,26.68,12142.17,14.103,60,1-3y,7.92,west,A
ln_41826c839ce4,2023-12-31,0,123770.07,27.91,24522.18,12.566,36,1-3y,11.74,east,B
ln_82421cdeff83,2023-06-30,1,160562.01,37.63,7935.65,16.738,60,<1y,7.22,west,A
ln_86e1063ff62e,2022-01-31,0,55124.98,9.62,17152.63,11.21,36,1-3y,9.14,south,B
ln_acd439d1700f,2022-01-31,0,26297.14,28.05,11559.08,13.164,36,5-10y,13.64,west,A
ln_cc1b4f133e97,2023-10-31,0,98758.03,19.67,10572.33,13.298,60,10y+,13.52,south,A
ln_5faff5eba3c4,2023-04-30,0,40462.49,18.62,26338.78,12.549,36,5-10y,15.08,north,A
ln_70e1eddc7fc7,2022-10-31,0,103941.15,20.63,17923.23,13.382,36,1-3y,9.95,east,A
ln_48d41473ca9b,2022-09-30,0,37468.18,30.9,16937.34,14.336,36,3-5y,13.78,south,A
ln_fecd5bdf853c,2022-03-31,0,76545.09,22.76,12512.35,15.72,60,10y+,15.77,east,A
ln_9edcc5b586b0,2022-07-31,0,146282.57,16.05,2612.65,10.947,60,<1y,18.01,north,A
ln_bbdc38464c31,2022-07-31,0,104415.12,8.9,15091.61,11.303,60,3-5y,8.43,west,A
ln_ba6b3045a56a,2022-04-30,0,107648.39,21.33,7550.67,12.818,60,5-10y,20.0,east,B
ln_8a5fbb0ffeb3,2022-03-31,0,41374.16,32.58,10539.69,14.42,36,10y+,14.41,west,A
ln_f21f494e86d1,2023-08-31,0,43070.77,10.35,12079.71,12.859,36,1-3y,10.46,west,A
ln_36ab1ae4ec28,2023-07-31,0,51942.94,26.99,59839.47,16.729,36,1-3y,10.8,east,A
ln_98ae784de8e2,2022-03-31,0,70392.89,23.0,4191.8,14.899,36,<1y,6.37,north,A
ln_6a352be84af1,2023-11-30,0,93320.91,15.37,6087.55,10.348,36,5-10y,12.37,east,A
ln_12ce078486de,2022-10-31,0,186604.57,11.08,7115.85,8.714,36,<1y,9.76,east,B
ln_1f24e1dc1b7d,2022-01-31,0,49715.9,22.67,12017.66,16.196,36,1-3y,10.46,north,B
ln_7cd99f44d736,2023-11-30,0,66533.22,27.86,8198.33,13.095,60,5-10y,19.07,south,A
ln_d3c3fd68964a,2022-05-31,0,92750.96,14.9,8052.9,10.898,36,<1y,12.26,north,A
ln_bddf5ed72f2f,2023-03-31,0,49353.91,22.25,6453.8,12.01,36,3-5y,6.55,north,B
ln_51d67b615ed2,2023-07-31,0,89255.02,22.46,14970.05,14.312,36,3-5y,8.59,north,A
ln_8b591173fd3f,2022-11-30,0,59840.82,26.88,18282.43,14.711,60,10y+,23.84,south,A
ln_acf43a70910c,2023-11-30,0,94813.34,15.05,10806.48,8.419,36,3-5y,29.35,south,A
ln_483da7a60727,2023-04-30,0,34437.05,24.9,2529.86,14.318,36,3-5y,18.64,east,A
ln_db7c779e51ef,2023-08-31,1,43985.12,22.01,18506.91,14.057,36,3-5y,6.64,south,A
ln_ec329d39ce4d,2023-06-30,0,26309.06,31.44,7481.31,15.15,60,1-3y,17.48,south,A
ln_4da6af46f2c2,2022-10-31,0,52863.82,12.82,23133.98,8.206,36,10y+,11.93,east,B
ln_955b0709ee86,2023-02-28,0,64561.36,31.53,20890.24,14.918,60,5-10y,12.48,east,A
ln_b8e3f32c661c,2022-07-31,0,49846.48,31.07,24427.83,18.157,36,5-10y,15.73,east,B
ln_9d75ff125cb8,2022-07-31,0,40559.5,18.65,9622.35,13.774,60,10y+,9.05,west,A
ln_eb6059323e0c,2023-02-28,0,59589.95,19.16,9554.32,9.016,36,10y+,24.05,south,A
ln_c3ac83c60b01,2022-08-31,0,68696.77,22.01,9554.16,12.615,36,3-5y,12.11,west,B
ln_f7eeb789daf3,2023-07-31,0,39453.25,27.83,8428.63,12.027,36,1-3y,26.36,east,A
ln_a1532881b857,2022-11-30,1,53743.69,35.52,20544.93,19.99,60,1-3y,8.53,west,B
ln_46da751f7efa,2022-05-31,1,67950.15,34.1,14389.79,21.264,60,5-10y,11.08,north,A
ln_cfee1a850144,2022-10-31,0,116472.16,11.74,22181.37,9.961,60,1-3y,6.05,south,B
ln_a9399a3531f8,2022-12-31,0,37788.81,32.23,15758.3,16.368,36,3-5y,13.98,north,A
ln_7d4fcae796dd,2023-04-30,1,46830.49,23.96,102639.53,10.84,36,3-5y,13.23,south,B
ln_b327fa356e8c,2022-08-31,0,48046.11,19.29,13827.5,12.49,36,<1y,4.38,west,A
ln_024d70ad16ca,2023-08-31,0,52681.47,27.41,19000.33,12.241,36,1-3y,17.29,south,A
ln_b5ab38647812,2023-06-30,0,16145.71,17.46,19414.22,15.135,36,<1y,5.7,west,B
ln_4d384c4de39e,2023-05-31,0,67685.44,20.2,6058.65,11.238,36,1-3y,9.39,north,A
ln_6e477fc765cd,2023-11-30,0,81002.64,19.76,23346.21,8.325,36,5-10y,19.95,north,B
ln_653e3e044b7c,2022-09-30,0,96884.94,28.57,18835.01,14.576,36,3-5y,8.91,east,A
ln_9bccb52e13c4,2022-04-30,0,41461.3,14.32,20380.04,7.708,36,10y+,12.6,west,A
ln_b9357caef327,2023-04-30,0,28287.91,34.14,18969.92,19.763,60,3-5y,12.01,south,A
ln_acd369e54ce6,2022-03-31,0,19403.96,18.63,20923.7,8.983,36,1-3y,4.79,north,B
ln_5e98ed248321,2022-04-30,0,37033.32,22.51,7319.5,11.748,36,5-10y,20.03,west,A
ln_c3dfe6b555cc,2022-08-31,0,56206.28,23.76,7462.81,9.98,36,5-10y,13.88,south,A
ln_50e4f8f49f73,2023-04-30,0,93603.12,10.3,14170.03,8.036,36,1-3y,15.59,east,A
ln_f68bdf2c80ad,2022-09-30,0,28191.29,27.96,7757.41,11.992,36,3-5y,11.83,north,B
ln_f9a5a49ed6a7,2022-09-30,0,41714.98,23.6,13535.09,14.876,60,10y+,10.1,east,A
ln_d1949077b05f,2022-07-31,0,54359.8,0.73,14569.25,3.522,36,10y+,23.26,east,A
ln_75e037c042b6,2023-09-30,1,50258.27,33.35,12525.64,15.915,36,3-5y,16.26,north,A
ln_05c1d28871cf,2023-03-31,0,69672.11,25.69,24056.79,12.602,36,<1y,13.41,east,A
ln_1019d315a8e0,2023-10-31,0,150533.78,11.14,12118.51,8.504,60,10y+,24.57,east,A
ln_3f25f4588d49,2023-08-31,0,42173.73,13.17,17416.22,12.089,60,1-3y,5.17,north,A
ln_1bfb36aeffa3,2023-07-31,0,63404.27,13.7,13955.72,13.047,60,<1y,3.19,east,B
ln_8352d4c73a7e,2022-01-31,0,48163.09,0.5,10461.11,3.5,36,5-10y,16.86,east,B
ln_c2e6da3bd836,2022-04-30,0,55239.34,17.81,7823.28,8.333,36,1-3y,6.03,north,A
ln_19837e70e00c,2022-03-31,0,63556.43,17.05,12365.8,9.423,60,10y+,17.79,east,B
ln_3b2cf5b563d2,2022-01-31,0,67737.48,26.93,11806.23,13.491,36,<1y,15.88,east,B
ln_225ad6321a8a,2023-04-30,0,63897.96,8.01,4476.17,7.923,60,<1y,13.49,north,A
ln_db40f925419a,2023-03-31,0,44977.0,19.03,11168.02,12.55,36,1-3y,8.5,east,A
ln_cc5abb6ef880,2022-08-31,0,113627.18,25.05,4207.85,12.164,36,1-3y,15.61,south,B
ln_b2f80cd46eb9,2022-06-30,0,48123.3,45.04,19263.68,22.27,36,1-3y,9.82,north,A
ln_ffba153daa14,2022-01-31,0,107067.15,8.8,21041.24,8.13,36,5-10y,9.73,south,A
ln_1ea98ed2b726,2022-05-31,0,67267.51,3.33,15877.26,9.455,36,3-5y,9.3,west,A
ln_1e152e003f73,2022-01-31,0,67916.06,19.16,8313.25,9.508,36,3-5y,6.09,south,A
ln_4f0c52276872,2023-03-31,0,61864.77,21.53,16924.19,9.289,36,1-3y,4.89,north,A
ln_e5864137b7f1,2022-08-31,0,34090.93,23.06,29006.39,12.115,36,10y+,13.83,west,B
ln_9a561802c535,2023-03-31,0,29909.63,32.22,6515.24,13.186,36,<1y,7.7,north,B
ln_ab26647d2cb8,2023-11-30,0,61326.38,3.39,12249.83,3.5,36,10y+,25.78,south,A
ln_8308654b6605,2023-03-31,0,66658.47,17.76,20638.86,14.394,36,3-5y,11.66,north,B
ln_14fccc04158f,2022-06-30,0,54761.89,16.23,22822.66,12.794,36,1-3y,11.05,south,A
ln_be901dc91934,2022-04-30,0,58999.94,26.5,28812.97,14.775,36,1-3y,17.11,east,B
ln_737f7ea9cc5e,2022-09-30,0,146597.95,22.0,27776.35,14.034,36,<1y,6.99,south,A
ln_12bd370a24b5,2023-10-31,0,58034.98,21.02,9837.51,12.027,36,5-10y,14.04,west,B
ln_82eeb685ae28,2023-03-31,0,39797.71,27.54,27932.17,14.673,36,<1y,9.16,north,A
ln_967b569bb326,2022-06-30,0,59120.18,15.98,17363.95,8.52,36,1-3y,10.84,west,A
ln_418433f1dcb8,2022-03-31,0,55855.4,13.46,34529.77,10.773,60,<1y,5.08,north,B
ln_8a2dc32c1be3,2022-05-31,0,64965.83,13.63,8157.85,10.449,60,1-3y,9.01,east,A
ln_d27737d8bfff,2022-09-30,0,69304.82,14.6,9037.67,7.774,60,1-3y,18.98,north,B
ln_8f9ccf82a42e,2022-09-30,1,37744.44,27.98,5198.6,12.795,60,1-3y,11.93,east,B
ln_134e38942ee6,2022-08-31,0,68895.74,7.97,21506.47,6.098,36,10y+,13.1,south,B
ln_c3eac09ca0d3,2023-07-31,0,85016.05,13.83,6503.16,13.256,36,3-5y,12.94,west,B
ln_b41e057d09eb,2023-04-30,0,44536.13,19.95,13534.26,11.001,60,<1y,19.65,south,B
ln_bc8d94ef55c7,2023-01-31,0,94118.79,11.3,11754.35,9.742,36,3-5y,10.79,west,A
ln_6307b148a3c8,2023-08-31,0,47494.58,20.52,7008.82,11.113,36,10y+,14.23,north,B
ln_f75ee50099ef,2023-10-31,0,107029.43,38.45,11445.7,19.383,36,10y+,13.17,north,B
ln_317855040921,2022-04-30,0,86949.91,23.35,19682.53,12.259,36,<1y,14.62,south,B
ln_f931a005360a,2023-04-30,0,85186.38,34.69,11219.55,21.156,60,10y+,13.75,west,A
ln_105b9f2c75b6,2022-10-31,1,44555.45,25.43,14098.92,12.92,36,1-3y,7.26,east,B
ln_29fb0dbfb8de,2023-03-31,0,39990.9,34.73,12828.66,13.937,36,1-3y,16.83,west,A
ln_34d25f5f9668,2022-12-31,0,26446.71,26.15,17678.36,10.345,60,10y+,17.83,east,A
ln_1f29c149a2b0,2023-08-31,0,64602.43,14.74,47860.69,9.932,36,3-5y,9.5,south,A
ln_ebf18b9808b3,2022-03-31,0,80017.06,25.67,5523.03,10.426,60,5-10y,13.62,west,A
ln_fadc067cf7fa,2022-03-31,0,26938.1,32.57,19497.68,14.615,60,3-5y,12.97,west,A
ln_42e2576a97c3,2023-06-30,0,60733.1,17.93,22238.12,13.698,36,5-10y,14.08,south,A
ln_d1b21e7dc96e,2023-12-31,1,57485.11,26.52,4406.32,15.761,60,3-5y,7.39,south,A
ln_c0958bac3455,2022-09-30,0,60386.78,17.32,13807.81,8.497,36,1-3y,14.11,east,B
ln_6ec022c9a0f4,2022-12-31,0,51728.2,15.33,11938.38,8.398,36,1-3y,6.32,west,B
ln_e6d2ae82fc7c,2023-09-30,0,106128.16,15.25,34172.45,12.244,60,1-3y,11.85,south,A
ln_a23cb71537b2,2022-03-31,1,77692.77,35.26,17392.63,12.628,36,3-5y,15.68,west,B
ln_49b0aaa993ac,2022-01-31,0,72793.8,21.39,25886.34,12.639,60,3-5y,7.06,east,B
ln_336558470a1f,2022-10-31,0,44591.09,29.91,16175.58,9.941,36,5-10y,21.67,east,A
ln_c846abf320ba,2023-11-30,0,53250.85,13.33,7346.26,6.817,36,10y+,19.26,south,A
ln_e10919a4def0,2023-05-31,0,42287.23,18.28,11717.68,12.234,36,3-5y,7.29,west,A
ln_c83630bfcbb0,2023-11-30,0,41334.38,5.39,33565.14,10.113,36,1-3y,5.99,south,A
ln_46524b70103d,2022-03-31,0,57389.6,6.17,28806.68,10.177,36,5-10y,16.5,north,B
ln_f35bf00c59d9,2023-09-30,0,96788.98,18.73,5928.79,13.469,36,<1y,7.09,west,B
ln_1297dce31bf2,2023-04-30,0,33902.56,19.59,20507.08,10.024,36,<1y,15.63,north,B
ln_e19898bf3d17,2022-11-30,0,63266.42,22.03,17372.05,15.756,36,1-3y,6.94,west,B
ln_667224709f69,2022-03-31,0,47199.67,13.19,9340.25,8.756,36,1-3y,9.96,west,A
ln_274512fa5764,2023-10-31,0,101306.61,9.66,12495.54,6.624,36,3-5y,10.07,south,A
ln_46fb5957888d,2023-09-30,0,75902.11,6.65,18988.94,11.337,36,1-3y,8.98,west,A
ln_129175cfc6cc,2023-04-30,0,127710.6,14.25,23828.87,9.791,36,5-10y,15.82,south,A
ln_d8ac2ad6f42d,2023-11-30,0,72833.82,27.57,11570.93,14.768,60,1-3y,11.83,west,B
ln_2b2948c5463b,2022-06-30,0,61203.5,23.58,5379.73,11.009,60,1-3y,16.57,south,B
ln_2cd0751897a5,2022-06-30,0,87563.98,18.6,21433.48,10.281,36,1-3y,17.81,west,A
ln_12d9cebd4925,2023-12-31,0,67155.9,26.27,6745.94,8.714,36,5-10y,19.19,east,B
ln_be55b79980e4,2023-03-31,0,70281.43,22.28,22230.73,14.376,36,5-10y,12.58,east,A
ln_1ac4bb6577c6,2023-02-28,0,84587.07,27.34,8513.34,16.939,36,3-5y,9.92,west,A
ln_6f5f03de4c66,2022-12-31,1,44719.43,14.12,22036.07,12.671,60,5-10y,7.71,west,A
ln_41a7e172419b,2023-01-31,0,83654.79,14.33,7685.5,5.75,60,<1y,14.2,east,A
ln_8e35ead79696,2022-05-31,0,76617.19,16.53,14800.75,8.59,36,3-5y,14.61,north,A
ln_ea6e6dfee44a,2023-11-30,0,51213.89,25.57,6345.71,14.751,60,1-3y,16.26,north,A
ln_a507955874aa,2023-06-30,1,35055.38,19.6,14170.3,12.285,36,5-10y,17.12,east,A
ln_13bb0f68f30e,2023-06-30,0,82007.31,18.68,15201.81,13.313,60,3-5y,6.58,north,A
ln_4194974d0170,2022-06-30,1,43374.8,32.51,4813.44,15.679,36,10y+,22.1,west,B
ln_896c7a3ce8a8,2023-04-30,0,72991.69,17.09,6596.79,15.225,36,5-10y,12.56,north,B
ln_2571b82a7a72,2023-05-31,0,46858.88,19.0,9477.35,10.753,36,5-10y,11.7,east,B
ln_ec7660efb2c4,2023-12-31,0,38979.12,20.11,14800.62,11.013,36,<1y,8.56,north,B
ln_313a036e872b,2022-11-30,0,34875.62,29.46,5475.85,13.394,36,1-3y,15.12,east,B
ln_e7d70a9149c4,2022-05-31,1,59133.06,36.08,20800.93,18.825,60,1-3y,15.95,south,A
ln_0284ddd271df,2023-05-31,0,37278.25,12.2,18330.74,7.751,36,1-3y,17.72,north,A
ln_dba92958c930,2022-10-31,0,47729.66,20.5,15524.75,10.455,36,1-3y,11.48,north,A
ln_4cd4357c75ba,2022-05-31,0,47765.06,25.92,6735.32,12.34,36,1-3y,9.53,east,A
ln_63555ddcf927,2022-02-28,1,22324.85,20.21,17166.86,14.132,36,10y+,11.81,south,A
ln_fcbd0c9b714c,2023-08-31,0,28231.1,14.7,15688.05,6.855,36,5-10y,8.99,north,A
ln_1a1b555f3bbe,2023-06-30,0,36466.97,14.53,3761.76,8.815,36,<1y,8.94,east,A
ln_cacc587a925f,2022-02-28,0,79560.57,10.79,9648.9,13.573,60,5-10y,13.88,south,A
ln_ece977b00ab1,2023-07-31,0,92607.67,15.5,26758.02,12.349,36,5-10y,7.86,west,A
ln_9ace3c355c34,2022-10-31,1,54328.71,20.32,12434.62,8.146,36,1-3y,11.11,east,A
ln_7f6eb9a7769f,2023-01-31,0,32415.65,24.07,12295.77,11.531,36,10y+,22.15,south,A
ln_47f81854b975,2023-04-30,0,87868.63,22.29,3685.26,10.986,36,<1y,9.21,west,A
ln_3aed613a65af,2022-07-31,0,32063.26,16.85,16255.39,10.632,36,1-3y,5.16,south,B
ln_000a2999e6a9,2023-08-31,0,63492.67,26.89,13836.62,12.831,60,<1y,14.55,west,A
ln_bbe6c779d32d,2022-11-30,0,35126.97,22.17,11896.58,10.449,36,1-3y,11.3,east,B
ln_05648acccb0f,2022-08-31,0,132737.23,0.5,34328.26,7.246,60,3-5y,14.55,east,A
ln_6ca3123e4123,2022-06-30,0,66314.52,31.03,10777.57,13.575,36,5-10y,12.49,north,B
ln_a580665d50b9,2023-06-30,0,70974.63,14.41,15019.66,8.299,36,1-3y,15.54,west,A
ln_df22bed72fd6,2022-08-31,0,48886.35,22.03,16783.29,13.006,60,5-10y,15.34,north,A
ln_6d68cbba01ea,2022-05-31,0,70945.22,21.7,14948.09,13.207,36,10y+,15.41,east,A
ln_eb576de1c296,2023-06-30,0,36481.97,10.42,34830.77,13.321,36,1-3y,11.28,east,B
ln_e7be49516e31,2023-03-31,0,33290.19,14.2,11277.07,8.86,36,3-5y,13.93,east,B
ln_c23025d2f7ee,2022-02-28,0,42797.14,31.4,16956.13,17.95,60,<1y,10.44,south,B
ln_817d6288631a,2022-12-31,0,117709.28,13.72,24840.32,6.346,36,1-3y,10.65,east,B
ln_5acfe37271b5,2023-06-30,0,68418.49,10.19,37174.12,5.366,36,3-5y,21.99,east,A
ln_25fd9fe37dcd,2022-11-30,0,68168.63,22.29,5236.73,11.546,60,5-10y,16.98,south,B
ln_5afafa242250,2023-05-31,0,121221.17,23.2,5383.13,12.533,36,<1y,7.93,south,B
ln_887cff7740bc,2023-06-30,0,34394.83,24.58,8905.82,13.022,36,5-10y,12.02,south,B
ln_9cd5e01a4c22,2023-10-31,0,40095.18,22.51,10156.47,11.936,60,10y+,15.58,west,A
ln_c4513a7e437d,2023-05-31,0,179092.86,21.41,5696.36,14.369,36,3-5y,21.73,east,A
ln_db48b0609c83,2022-04-30,0,23575.44,26.09,23325.0,13.408,36,5-10y,14.51,west,A
ln_ca7215233518,2022-08-31,0,141366.06,25.82,13972.93,11.642,36,3-5y,9.24,east,A
ln_b760f014d64d,2023-06-30,0,123100.34,4.09,25514.04,3.865,36,10y+,12.54,south,A
ln_a22f9e328048,2022-08-31,1,36761.08,35.56,8230.84,15.914,36,1-3y,7.12,east,B
ln_44044b46a921,2022-02-28,0,66475.42,22.45,6923.49,15.559,36,<1y,10.02,north,B
ln_0f669ed18795,2023-03-31,0,76678.89,4.65,8344.09,11.865,60,3-5y,11.24,north,A
ln_aa62934c359d,2022-09-30,0,126583.57,22.96,19917.58,10.674,60,1-3y,11.87,north,A
ln_7e2f5da3b4dd,2023-05-31,0,52745.98,19.26,12931.44,14.638,60,1-3y,12.18,west,B
ln_7d482233f6f9,2022-07-31,1,68813.27,37.35,19584.77,17.073,36,10y+,20.71,north,A
ln_64f3a2449b28,2022-06-30,0,58907.46,16.51,14477.93,11.858,36,1-3y,9.1,east,A
ln_c04473184ffd,2023-01-31,0,36013.21,36.05,13004.39,16.864,60,3-5y,18.46,east,A
ln_f0a00d1b7ceb,2022-04-30,0,78020.37,27.43,17656.81,14.727,36,1-3y,13.11,west,A
ln_80834e75c640,2023-12-31,0,72410.97,17.06,26416.47,12.11,36,10y+,14.64,east,A
ln_ab2db44e3a17,2022-02-28,1,53118.53,24.34,12857.46,13.387,60,<1y,12.47,north,B
ln_783c5efabf47,2022-10-31,0,38473.92,23.57,3977.03,13.321,36,1-3y,18.88,east,B
ln_6a19d9aedf97,2023-08-31,0,66998.94,17.7,6615.23,12.819,36,3-5y,13.49,south,B
ln_bf081a20b469,2023-12-31,0,36601.22,4.27,26580.71,8.608,36,1-3y,16.77,east,B
ln_408bcb12e68c,2022-04-30,0,91842.45,14.72,15821.87,9.703,36,1-3y,7.61,north,A
ln_1668a9620645,2023-03-31,0,56949.86,21.97,8097.63,11.08,36,5-10y,9.38,west,B
ln_fabafe899fbf,2022-04-30,0,126135.6,15.04,24768.43,10.51,36,1-3y,9.16,north,B
ln_ed4a2f007698,2022-09-30,0,97610.04,23.12,18850.06,13.441,36,10y+,14.54,north,A
ln_0a1457da810e,2023-12-31,0,43786.04,13.89,5817.3,13.09,36,1-3y,10.07,south,A
ln_befa7022c44a,2023-03-31,0,104332.02,33.29,10545.01,16.182,36,3-5y,13.18,north,A
ln_08af9fece5c1,2023-03-31,0,39504.39,24.1,9218.59,11.326,36,3-5y,9.08,west,A
ln_3e09416ed5cc,2023-06-30,1,15560.89,19.36,18343.5,14.61,60,1-3y,8.35,north,B
ln_266f255c1a86,2022-11-30,0,86149.38,5.97,10665.37,11.015,60,<1y,6.47,east,A
ln_432fdd8ea60d,2022-01-31,0,39813.65,8.37,6853.85,3.856,36,5-10y,14.87,south,A
ln_ecfdce15bdb1,2022-12-31,0,94739.11,18.08,28820.78,11.553,60,1-3y,13.53,north,A
ln_df92a98f967a,2022-01-31,0,92575.44,6.14,10807.54,7.887,36,1-3y,13.83,west,A
ln_fdc2353ff01c,2022-03-31,0,73263.81,15.38,16552.18,8.697,36,10y+,9.94,south,B
ln_726cf5950b48,2022-07-31,0,47058.38,28.64,19070.74,13.741,36,1-3y,11.33,east,B
ln_1164438bde5d,2022-10-31,0,31961.19,16.06,19837.93,10.457,60,<1y,17.62,south,B
ln_1fe2ec69297f,2022-12-31,0,48299.81,20.12,4775.97,13.874,36,10y+,11.89,west,B
ln_7f643ddd1263,2023-04-30,1,57424.37,22.77,13527.45,11.128,60,10y+,15.1,south,A
ln_6f97fa7e37d1,2023-09-30,0,43809.88,25.65,7796.81,11.963,36,3-5y,10.66,west,A
ln_c7f7c1b1236f,2022-12-31,0,71777.16,11.34,16125.66,8.791,36,5-10y,8.88,south,A
ln_b28ed5a45d17,2023-08-31,0,53235.97,26.76,21779.96,15.239,60,1-3y,14.9,north,A
ln_2aae38e68a2f,2023-09-30,1,58882.25,33.56,29553.48,15.133,36,1-3y,10.85,south,B
ln_854e7582243d,2022-10-31,0,36759.05,15.35,7562.94,10.19,36,1-3y,10.19,north,A
ln_dde92edf1ffa,2022-05-31,0,79994.65,18.65,6158.06,10.067,36,1-3y,18.18,south,A
ln_e22a15a21bbf,2023-08-31,0,65813.62,13.53,6953.45,13.157,36,5-10y,15.06,north,A
ln_211643fd4af7,2023-04-30,0,78312.92,27.79,4942.03,9.525,36,3-5y,11.56,south,A
ln_4328075d23dc,2022-04-30,0,50820.79,8.42,14270.39,11.872,36,<1y,8.18,west,B
ln_a9e59aef0a24,2022-02-28,0,96547.13,15.44,14665.64,9.415,60,1-3y,10.62,east,A
ln_c76e5e53005b,2023-02-28,0,60252.53,32.86,22278.02,14.042,36,3-5y,10.24,south,A
ln_2b229f882430,2023-09-30,0,25963.47,27.6,8330.97,15.033,36,3-5y,10.85,north,A
ln_11bb7de83349,2023-02-28,0,103894.58,20.29,16329.98,10.886,36,3-5y,8.05,west,B
ln_6a2f6659a809,2022-07-31,1,92199.14,18.46,16874.59,8.988,36,5-10y,10.44,east,A
ln_642102306e8a,2023-05-31,0,55072.8,42.77,12109.8,17.44,60,5-10y,10.27,north,B
ln_3c626f628ba2,2023-06-30,0,47904.72,27.88,50207.49,11.254,36,3-5y,17.02,east,A
ln_9d9f48ad8ee5,2022-01-31,0,111767.18,11.7,20644.84,5.661,36,3-5y,24.64,north,B
ln_1743014fe142,2022-06-30,0,68502.69,8.72,7530.0,4.195,36,<1y,14.9,east,A
ln_c952ea744f60,2023-06-30,1,87119.48,34.06,11040.69,18.323,36,5-10y,10.08,north,B
ln_31846f875c90,2023-05-31,0,55263.64,16.8,24145.52,9.988,36,3-5y,7.44,south,A
ln_c85dfb20a908,2022-04-30,1,79014.3,28.9,7917.89,16.292,36,1-3y,15.16,north,B
ln_4204a8e9c81e,2022-04-30,0,36610.17,16.9,18701.97,11.889,36,3-5y,13.75,west,B
ln_114130b2e5a4,2023-09-30,0,86628.4,18.17,15463.39,12.39,60,5-10y,7.47,north,A
ln_a6977397cad6,2022-11-30,0,67605.73,27.34,9711.41,12.828,60,3-5y,8.07,north,B
ln_ae6378e2c66c,2022-04-30,0,54744.81,16.7,19089.42,9.703,36,5-10y,12.34,west,A
ln_c474ffc988e2,2022-11-30,1,64446.62,25.34,9679.17,17.658,60,5-10y,10.74,north,A
ln_dd3d2a80048a,2022-03-31,0,29627.37,25.9,12385.41,17.531,60,3-5y,10.6,east,B
ln_4e0175855b92,2023-01-31,1,56912.62,35.57,9804.2,19.612,36,5-10y,11.29,south,B
ln_96d2ac183bfc,2022-04-30,0,61508.61,21.58,7026.63,8.829,36,5-10y,23.4,west,A
ln_c2cdb953d1b9,2023-04-30,0,52793.99,14.89,37629.56,9.524,36,10y+,21.38,south,B
ln_5c63dbacd8ca,2023-12-31,1,46699.64,28.72,74633.54,13.497,36,5-10y,15.59,west,A
ln_064f9f2e885b,2022-01-31,0,59870.59,25.25,34976.8,16.046,60,10y+,14.89,west,A
ln_916db136a946,2023-11-30,0,36821.35,17.22,8771.56,9.459,36,5-10y,15.16,south,A
ln_85e9c00c8e85,2023-05-31,1,98786.62,7.34,10006.48,7.208,36,5-10y,15.93,south,B
ln_df062c5d230c,2022-12-31,1,101308.5,29.65,43216.99,15.22,36,10y+,11.62,west,B
ln_5dfe0dd3012c,2023-01-31,0,19122.22,15.14,12237.32,7.907,36,10y+,16.17,west,A
ln_fde1bb4f3c06,2022-03-31,0,79980.02,22.91,31441.44,13.565,36,3-5y,12.15,south,A
ln_a888c478e21f,2022-07-31,0,61443.26,19.38,18351.3,7.863,36,1-3y,14.31,east,B
ln_94e6f3477ae9,2022-01-31,0,90425.59,16.61,13355.47,6.71,36,10y+,21.0,south,A
ln_248444953832,2023-10-31,0,54814.83,21.18,6274.71,9.909,36,1-3y,16.67,east,A
ln_9f8510225bbf,2022-02-28,0,103098.66,27.59,8572.24,13.108,36,5-10y,11.97,west,B
ln_72d5392f6e6c,2023-01-31,0,11242.96,3.37,18003.44,8.107,36,1-3y,14.58,west,B
ln_fef81fad9160,2023-05-31,0,100982.66,17.99,7336.82,7.809,36,5-10y,13.69,west,A
ln_2514d33ce422,2022-02-28,0,38682.31,13.29,15476.55,8.369,36,5-10y,13.14,south,B
ln_a59afb5fbd1c,2022-06-30,0,29981.71,19.75,19612.56,10.625,36,<1y,10.4,west,A
ln_06b67280d18a,2023-11-30,0,65577.94,26.44,9717.98,14.669,36,10y+,13.55,west,A
ln_61c43557ac93,2023-09-30,0,45550.19,17.66,19917.4,9.191,36,3-5y,23.59,north,A
ln_ccd06f8688ee,2022-05-31,0,124753.72,23.86,33396.07,12.68,36,1-3y,20.4,north,A
ln_d45dc7efb5e4,2023-07-31,0,58142.9,28.74,17175.45,12.329,36,3-5y,11.29,east,A
ln_209c96f848d0,2023-01-31,0,84397.93,9.27,24963.84,8.845,60,3-5y,14.32,east,A
ln_41a95e14200f,2022-10-31,0,72199.14,23.51,56481.03,14.399,36,5-10y,12.77,west,A
ln_3e4206888e31,2023-03-31,0,47087.31,23.84,11900.32,14.919,60,5-10y,13.82,west,B
ln_d6052b7016d3,2023-02-28,0,60109.42,25.68,17805.5,14.023,36,5-10y,20.26,east,B
ln_91b96c8248a5,2022-08-31,0,55608.98,23.39,11973.79,12.685,36,5-10y,8.11,north,B
ln_757c605f78d8,2022-03-31,0,54971.91,8.88,19833.61,7.514,36,<1y,11.25,south,B
ln_8986dc6d2344,2022-01-31,0,70147.4,31.23,13693.61,15.181,36,<1y,10.01,north,B
ln_bc2de3163701,2023-07-31,0,34692.97,15.6,21023.11,9.813,36,1-3y,10.78,west,B
ln_c6e3f965dbf9,2023-03-31,0,44332.51,18.21,8378.69,17.37,36,10y+,16.37,west,A
ln_05e55c38852a,2023-05-31,1,36851.25,36.41,7304.66,15.252,36,1-3y,7.24,south,A
ln_ef1c69cd6239,2023-03-31,1,35059.67,18.84,13981.58,12.535,60,<1y,10.76,east,A
ln_35c02bc3e0d4,2023-09-30,0,87044.83,26.96,19730.44,13.557,36,5-10y,21.11,west,A
ln_0d687f3c616e,2022-07-31,0,81677.09,14.11,20894.24,7.5,36,<1y,11.44,south,B
ln_f3cd8b5f50ae,2023-01-31,0,49832.01,22.3,20352.66,12.571,36,<1y,12.22,south,A
ln_cb16f912a9e5,2022-06-30,1,47747.75,38.9,20954.73,16.272,36,1-3y,11.49,south,B
ln_317a2c54a459,2022-07-31,0,142190.81,30.8,28493.74,15.583,36,3-5y,9.35,east,B
ln_70c40525700d,2022-09-30,0,102198.53,12.75,17928.64,9.269,36,<1y,7.55,north,A
ln_e9e95d7441be,2023-07-31,0,57961.53,8.48,18777.52,10.123,36,1-3y,10.44,south,B
ln_ac32514549ab,2022-03-31,0,52310.62,15.47,16547.26,8.351,36,1-3y,12.09,south,A
ln_abdd76291a4c,2022-02-28,0,79003.36,9.69,10238.9,10.071,36,3-5y,20.28,north,A
ln_f7b13410e682,2022-04-30,0,90933.06,22.97,16826.97,9.645,36,1-3y,8.71,west,A
ln_c72c82202932,2023-06-30,0,125547.46,15.81,16808.23,14.794,36,3-5y,5.42,south,A
ln_6fab0efd791b,2023-01-31,0,116029.16,8.41,6649.96,8.575,36,10y+,16.49,west,A
ln_9048cf95c0b2,2022-02-28,0,32664.96,34.92,5915.64,16.298,36,10y+,10.94,north,B
ln_17831b1aa2f7,2023-07-31,0,68229.01,19.84,13096.42,13.447,36,1-3y,21.19,south,A
ln_e87cbf2c3b85,2023-06-30,0,102693.07,28.03,16956.87,16.086,36,5-10y,13.04,south,B
ln_29e687ea75b0,2023-01-31,0,60785.46,26.06,30361.73,18.116,60,5-10y,18.62,west,B
ln_a4d18d0a4fba,2023-02-28,0,109442.7,18.03,12698.91,11.052,60,3-5y,18.52,west,B
ln_18deefd51241,2023-05-31,0,86415.56,33.73,12604.2,14.535,36,10y+,16.02,west,A
ln_ba308762bf2b,2023-03-31,0,54418.33,22.41,10180.38,10.498,36,3-5y,10.02,east,A
ln_4ce8cacae727,2022-06-30,0,131926.03,19.75,8545.89,10.766,60,10y+,15.72,south,B
ln_2ff6aa326977,2023-04-30,0,64233.17,14.63,14236.94,11.2,36,1-3y,9.64,west,A
ln_b2147dbaec1e,2023-02-28,0,103167.91,22.36,17921.01,14.02,60,3-5y,14.33,west,B
ln_b9122cc1b8ce,2022-07-31,0,137808.65,34.6,6190.52,12.443,36,<1y,8.18,west,A
ln_5e22977df13b,2023-11-30,0,47461.8,0.5,5442.69,6.875,60,3-5y,9.77,east,A
ln_88d796ffba31,2022-03-31,0,75078.39,26.51,44417.4,16.538,60,5-10y,8.14,west,A
ln_18cefbbe5819,2022-01-31,0,67495.83,20.62,17145.72,10.427,60,10y+,25.74,west,B
ln_a2588d1bbb2c,2022-09-30,0,59469.4,26.9,13209.42,9.638,36,3-5y,20.55,west,B
ln_463f2d64ec4e,2022-01-31,0,36398.08,26.99,20256.69,16.106,36,<1y,18.21,west,B
ln_f707524831c3,2023-07-31,0,90321.49,22.88,26939.8,12.242,60,<1y,9.17,south,B
ln_a44cccfc8508,2022-11-30,0,63590.9,23.09,15895.36,11.653,60,1-3y,17.73,north,A
ln_fd7fe64c4546,2022-12-31,0,51882.83,36.48,10543.35,19.86,60,<1y,7.86,west,A
ln_612d092ef719,2023-02-28,0,76262.18,3.63,35265.14,7.682,60,1-3y,12.57,west,A
ln_adda467431f0,2023-11-30,0,64077.31,17.4,8987.41,11.549,36,3-5y,11.83,south,A
ln_aae22eeaf2a0,2023-11-30,0,75375.68,7.12,12927.65,10.977,36,3-5y,15.87,east,A
ln_1aac4539a65a,2023-02-28,0,44410.02,35.63,21420.16,17.727,36,5-10y,11.15,north,A
ln_9f1428ba7ee1,2022-02-28,0,70798.74,27.37,9916.32,15.856,36,1-3y,16.1,east,B
ln_f685ad3aac82,2022-01-31,0,69841.21,24.22,17112.66,16.01,60,1-3y,11.08,north,B
ln_3ccd39acfe58,2023-12-31,0,42339.68,26.67,16652.23,16.391,60,3-5y,9.83,east,A
ln_69c2517b15f0,2023-02-28,0,101427.16,22.0,27911.48,15.521,36,<1y,5.59,west,A
ln_2867abc825d9,2022-11-30,0,26735.02,22.7,32593.89,12.668,60,3-5y,9.87,north,A
ln_16566e61d5f6,2022-12-31,0,117322.77,0.5,5237.76,5.035,36,1-3y,10.57,south,A
ln_30eb77f3c417,2022-08-31,0,55038.97,2.09,4576.91,4.947,36,3-5y,7.06,west,A
ln_974a8fb77da5,2022-10-31,0,67398.96,29.63,12989.84,16.548,36,1-3y,24.2,east,A
ln_4334edbfd0e6,2023-08-31,0,28996.35,18.13,17028.89,8.355,60,10y+,12.86,north,A
ln_d65258524ca7,2022-11-30,0,52376.04,30.8,12727.24,14.946,36,1-3y,11.67,west,B
ln_69b0f64306ce,2022-07-31,0,75995.35,20.68,13895.62,14.367,60,1-3y,6.4,north,A
ln_43b170b02019,2023-01-31,0,37780.4,21.43,4207.53,12.19,60,1-3y,20.78,north,B
ln_2ce515633755,2023-07-31,0,60045.22,24.44,10411.9,14.303,36,<1y,22.92,west,B
ln_58ccd2c022ae,2022-09-30,0,84796.53,12.22,14540.53,8.464,36,5-10y,10.06,west,A
ln_c1afba2fdffa,2022-03-31,0,53497.13,10.09,18806.73,9.356,60,10y+,10.6,west,B
ln_0ddbb536da2a,2023-12-31,0,35561.22,26.81,17855.63,15.039,36,10y+,14.27,east,A
ln_634b991e998b,2023-06-30,0,61932.9,19.74,11210.48,13.472,36,<1y,8.79,east,B
ln_744646fd1c95,2023-12-31,0,58699.86,31.58,6468.85,13.119,60,5-10y,8.73,north,B
ln_dee1bcc35aa2,2022-05-31,0,68204.87,4.14,15879.2,9.317,36,3-5y,16.86,north,A
ln_b0e3e1233ff0,2022-09-30,0,49099.04,24.03,44742.54,13.408,36,10y+,10.27,south,A
ln_37737f83e27a,2023-04-30,1,38705.65,15.12,5358.74,8.934,36,5-10y,13.45,east,A
ln_b9d83e73de37,2022-12-31,0,240845.36,27.16,8602.21,12.135,36,10y+,10.89,south,A
ln_18261e3a3cbb,2023-10-31,0,55200.8,16.14,11861.61,11.288,60,<1y,10.68,south,A
ln_d03c7ab3f177,2022-02-28,0,49171.43,19.8,16546.88,9.224,36,10y+,20.82,east,A
ln_74976ca14022,2022-01-31,0,66925.34,28.94,22804.96,17.131,60,3-5y,12.65,east,B
ln_cab292b3d642,2023-11-30,0,74754.72,9.97,35914.89,5.574,36,10y+,13.21,west,B
ln_bae52b5d1da7,2022-07-31,0,100032.72,11.47,41150.5,12.713,60,10y+,12.61,north,A
ln_f79912a83775,2023-08-31,0,70670.62,12.07,8217.53,12.339,36,5-10y,14.48,west,A
ln_0410f60a697c,2022-10-31,0,36387.43,26.97,26944.86,11.552,36,1-3y,17.26,east,B
ln_b325968d9460,2022-11-30,0,50143.85,31.15,8596.05,17.769,60,1-3y,8.64,north,B
ln_8028ba31d5db,2022-06-30,0,26719.75,21.71,16341.39,10.616,36,5-10y,22.91,north,B
ln_6cc94951bd1f,2022-04-30,0,133237.11,21.8,12847.85,10.944,36,3-5y,16.41,south,A
ln_bac4a09fd2c9,2023-04-30,1,18688.46,14.07,12686.26,11.519,36,10y+,18.7,north,B
ln_0178b7c58380,2023-12-31,0,44744.57,20.61,61871.07,14.825,60,3-5y,6.23,north,A
ln_8a6fbf9eb618,2023-06-30,0,26393.74,29.02,21084.07,16.28,36,1-3y,9.09,north,A
ln_2bb817bea5de,2023-04-30,0,65815.98,14.08,7485.11,12.533,36,1-3y,11.29,east,B
ln_78a9d5694d4a,2022-07-31,0,43844.98,2.54,4250.15,8.172,36,1-3y,9.96,west,A
ln_2a4415f0ff71,2022-02-28,0,96284.06,0.5,21410.65,7.643,60,10y+,10.36,west,B
ln_22467aca581b,2023-08-31,0,71722.53,8.2,20196.83,8.059,36,1-3y,8.69,south,A
ln_afe54ad8284c,2023-05-31,0,142936.31,7.53,14217.88,5.97,36,10y+,13.44,north,B
ln_a1012caa9716,2023-07-31,0,37735.54,30.09,10089.01,14.12,60,10y+,13.19,east,A
ln_b3f3b77e8370,2023-05-31,0,49629.5,20.95,16219.58,12.985,36,<1y,8.9,east,B
ln_7767bbcccdaa,2023-03-31,0,59557.9,19.81,12245.01,11.064,36,3-5y,20.43,east,B
ln_9ffe50514436,2023-12-31,1,18065.24,35.34,28234.41,16.571,36,10y+,20.11,west,A
ln_fabcbff54cdd,2023-03-31,0,227447.16,10.17,4362.33,7.359,36,1-3y,14.55,south,A
ln_dab652638398,2022-07-31,0,62988.62,23.11,12449.8,12.218,60,5-10y,14.39,west,A
ln_02023dbe4dec,2022-09-30,0,76408.07,32.29,10189.48,17.35,60,1-3y,10.62,north,B
ln_e8196221a975,2023-03-31,0,127432.21,23.7,22428.74,9.936,36,1-3y,12.75,east,B
ln_3c10690594d0,2022-01-31,0,103705.74,8.89,11626.21,3.5,36,1-3y,13.49,west,A
ln_492bf669ae40,2023-09-30,0,51112.24,11.25,11938.15,9.951,36,1-3y,5.11,south,A
ln_fad1a5bf329c,2023-03-31,0,22134.63,15.44,9158.79,9.844,36,3-5y,13.77,north,A
ln_ebe83dba029a,2023-09-30,1,92499.8,11.23,12343.46,9.3,60,10y+,15.41,east,B
ln_cfde15dca232,2023-08-31,0,87746.3,4.26,16800.11,8.588,36,3-5y,13.59,east,A
ln_b8b4bf561ccd,2023-10-31,0,42047.39,32.86,19514.54,19.063,60,3-5y,16.27,west,B
ln_d4d0862d055f,2022-10-31,0,77761.41,12.62,20474.73,10.726,36,10y+,19.15,west,B
ln_41ac7ac6169f,2023-05-31,0,14672.53,24.43,22745.16,12.861,60,10y+,9.82,east,B
ln_1b4613a22252,2022-02-28,0,37196.34,28.41,20450.34,12.654,36,3-5y,12.67,north,B
ln_088686a73820,2023-08-31,0,40538.3,26.18,18363.27,13.252,36,5-10y,16.06,north,A
ln_51a088ca777b,2022-11-30,0,51763.35,11.44,20693.46,10.359,36,5-10y,12.37,east,B
ln_748544c32da1,2023-06-30,0,75280.04,12.85,12406.62,6.369,36,10y+,12.68,south,B
ln_4b55fd409ba1,2023-04-30,1,69436.25,21.94,15377.53,15.92,36,<1y,12.67,east,A
ln_08f978636e6a,2023-01-31,0,66140.16,12.78,20174.88,12.202,36,3-5y,17.54,north,B
ln_30a7b0c32ff3,2022-04-30,1,57218.54,30.8,3641.28,16.19,36,3-5y,6.43,south,A
ln_3feb3ac0eccb,2022-06-30,0,26101.04,21.97,34738.86,11.836,36,<1y,20.57,east,A
ln_c823772edeb0,2022-06-30,0,49794.31,17.13,16316.48,11.287,36,1-3y,9.27,east,A
ln_ded54162c0b3,2022-09-30,1,46445.62,25.5,33444.18,12.537,60,3-5y,13.51,east,B
ln_5c270693c748,2022-11-30,0,93880.06,18.36,19953.55,10.684,36,3-5y,16.37,west,A
ln_9b0d7939e1ec,2023-08-31,0,54097.83,20.24,33985.01,13.08,36,1-3y,13.27,south,A
ln_3953e9ebd0a9,2022-10-31,0,41167.32,21.32,13079.32,11.015,36,1-3y,4.96,north,A
ln_a169b6ad1434,2022-11-30,0,72126.39,34.62,14566.17,16.012,36,1-3y,16.29,south,A
ln_76748ca38c03,2023-08-31,1,69692.14,30.5,18066.84,15.827,60,5-10y,15.24,east,A
ln_d4ebc3837d02,2022-10-31,0,121717.52,9.27,10825.2,8.297,60,3-5y,18.61,south,B
ln_394f5d806a7d,2022-11-30,0,29075.32,19.29,7416.51,13.873,60,<1y,6.28,east,B
ln_4987c24e4fc3,2022-06-30,1,35950.44,38.9,16369.76,16.066,36,1-3y,10.38,north,B
ln_f3e6e5d1b9e3,2022-03-31,0,78790.99,16.9,15895.93,6.532,36,5-10y,10.23,west,B
ln_b853407c70a9,2023-02-28,1,129256.78,19.32,13362.89,11.805,60,5-10y,15.36,west,B
ln_f1660692f865,2022-02-28,0,19294.3,15.08,8998.64,8.391,36,1-3y,5.65,west,A
ln_6f0bead90f8e,2023-04-30,0,36728.43,16.41,8519.88,12.125,36,1-3y,16.84,south,B
ln_cdff31ed27b3,2022-07-31,0,47622.08,29.38,19359.49,14.381,36,10y+,15.82,east,A
ln_76cddc06a0b8,2022-05-31,0,213711.69,9.86,17776.36,9.706,36,10y+,16.53,west,B
ln_daacbf292b0d,2022-04-30,0,32509.49,23.72,8959.19,10.889,36,3-5y,12.59,east,B
ln_db42438ad4b4,2022-09-30,0,53277.38,14.53,18811.45,10.103,36,5-10y,15.34,south,A
ln_7b32db6ac584,2022-09-30,0,21255.74,9.99,38541.88,13.354,60,3-5y,9.57,south,A
ln_9c03f7033c90,2022-10-31,0,79886.89,19.33,7625.68,13.09,36,1-3y,9.0,north,B
ln_5bc57fc0072b,2022-11-30,0,87071.65,40.59,9867.44,18.462,36,1-3y,12.94,west,B
ln_21714e992a23,2022-11-30,0,81410.32,22.46,8462.19,12.886,36,1-3y,12.7,west,A
ln_1e02dc4aed4e,2023-04-30,0,45000.04,17.93,11559.47,9.18,36,<1y,20.93,west,A
ln_5c3192f4c07a,2022-04-30,0,122693.24,6.24,11872.99,7.168,60,5-10y,6.65,west,A
ln_8c6194f496a5,2023-10-31,1,57450.56,23.06,18257.28,10.567,36,1-3y,15.23,east,B
ln_14a6b02ec77e,2022-11-30,0,115153.87,23.18,21466.82,7.82,36,3-5y,29.55,north,B
ln_fde3e7c30993,2022-09-30,1,30916.95,35.14,28217.01,20.426,36,1-3y,10.84,east,A
ln_65e97adfa70f,2022-11-30,0,75100.44,13.93,10637.04,12.132,36,3-5y,7.31,south,A
ln_b1bca930a56d,2023-06-30,0,90411.32,8.69,19866.55,8.002,60,10y+,15.91,north,A
ln_4cd90a982dad,2023-08-31,0,53727.15,25.37,4959.52,11.576,36,<1y,12.36,east,B
ln_a130c928752d,2023-07-31,0,126493.42,21.24,5306.96,8.888,36,<1y,8.09,north,A
ln_69a174d21e44,2022-05-31,0,30223.66,23.86,5982.6,17.536,36,5-10y,12.88,west,A
ln_6a6680daa8f0,2023-04-30,0,71680.37,29.69,12045.51,14.932,36,3-5y,12.38,south,A
ln_c7ddd626f69d,2022-06-30,0,153444.22,3.57,17401.83,3.664,36,10y+,15.55,south,A
ln_48e3d870b674,2023-01-31,0,73560.42,22.55,8950.29,13.893,60,10y+,12.26,west,B
ln_1514e99c2aaa,2022-12-31,0,65838.33,15.98,2196.51,13.27,36,<1y,9.3,north,A
ln_2ca7e55eb427,2022-03-31,0,115069.11,13.3,9175.7,8.487,60,10y+,12.74,south,A
ln_e65ce8e4811c,2023-03-31,0,55882.05,25.89,7332.21,14.549,60,5-10y,27.23,south,A
ln_34be668a175c,2023-09-30,0,40901.22,13.73,13211.99,10.993,36,10y+,9.17,east,B
ln_c402b1215cb4,2023-09-30,0,74926.74,16.15,12233.44,12.222,60,3-5y,11.11,south,A
ln_e2064b472468,2022-10-31,0,141542.28,4.16,6672.68,10.3,60,10y+,11.16,west,A
ln_d5e88a5a4534,2023-11-30,0,83606.92,24.91,8918.85,7.949,36,1-3y,17.63,north,A
ln_bedca2b9a947,2022-06-30,0,60864.68,20.9,12664.6,11.668,60,1-3y,9.11,west,B
ln_053376cb0263,2023-08-31,0,36721.76,22.43,6311.03,16.46,36,3-5y,10.81,north,A
ln_be0b1eaadc8d,2023-06-30,0,45920.85,24.41,10945.89,12.603,60,5-10y,13.22,north,B
ln_af5beb835bde,2022-01-31,0,29703.76,25.13,21015.84,17.205,36,3-5y,13.18,north,A
ln_6cbdc71b6e92,2023-04-30,0,140619.2,12.87,7109.86,7.646,36,3-5y,11.35,west,B
ln_4940a921a4d3,2022-11-30,0,54439.0,14.95,26523.79,10.663,60,<1y,7.41,east,A
ln_bb83061d0b99,2022-06-30,0,76026.54,3.14,5930.89,8.062,36,1-3y,9.66,south,B
ln_2398423705dd,2023-10-31,0,39855.71,18.44,19367.53,12.164,36,10y+,16.01,south,B
ln_659d627b2b42,2023-09-30,0,47806.44,31.54,32994.93,15.844,36,<1y,13.78,south,A
ln_13689309a008,2022-10-31,0,40375.04,10.09,10282.46,9.987,36,1-3y,4.54,north,A
ln_63f95e0472ed,2023-07-31,0,78609.21,24.08,7366.18,9.609,60,1-3y,7.74,west,A
ln_a2ba58d1d03f,2022-01-31,0,44153.53,16.28,26781.86,10.865,60,5-10y,18.55,south,A
ln_927fb2085b24,2023-03-31,0,57136.38,16.22,13307.13,12.69,60,1-3y,16.2,east,B
ln_a57ceb4a1157,2022-05-31,0,49786.58,16.88,11359.72,11.736,36,3-5y,10.25,east,B
ln_244c3f89d116,2023-09-30,0,53097.02,13.56,29318.27,7.846,36,1-3y,12.22,north,A
ln_86e089cb1371,2022-07-31,0,94444.69,17.21,26716.69,7.249,36,5-10y,12.48,south,A
ln_0ebeff009bee,2022-06-30,0,102036.71,13.28,11447.63,9.657,60,3-5y,10.62,west,B
ln_5e98dc1faaee,2022-04-30,0,80694.37,28.84,10185.84,14.771,36,10y+,15.28,south,B
ln_db5223e0ea5e,2023-10-31,0,70664.13,22.88,14318.89,13.451,36,1-3y,13.9,east,A
ln_61d4eaf769fc,2023-09-30,0,58489.97,22.72,8422.74,8.129,36,10y+,24.7,north,A
ln_60d9aed921e9,2022-11-30,0,128899.25,14.64,19658.66,9.802,36,10y+,13.97,north,A
ln_d7f0a220b68b,2022-04-30,0,45268.2,10.85,30354.84,9.649,60,5-10y,12.61,north,A
ln_0cc65fa7c4f9,2022-04-30,0,147797.1,16.63,82392.63,12.426,36,<1y,9.88,west,A
ln_ab25282a1fa5,2022-01-31,0,83663.6,6.53,8196.86,4.625,36,1-3y,6.0,west,A
ln_534b2c215d40,2022-06-30,0,86680.15,25.53,24588.21,12.314,36,1-3y,11.1,south,B
ln_23478eeabce0,2022-10-31,0,45103.14,29.24,17426.72,14.727,36,3-5y,25.3,east,A
ln_95210983259f,2022-04-30,1,68897.56,29.08,13404.8,16.947,60,3-5y,11.18,south,B
ln_cbd897ee29c3,2022-01-31,0,26873.39,27.25,5138.96,15.056,36,10y+,13.92,east,B
ln_c71ba77525c6,2023-03-31,0,72283.67,20.17,20708.04,12.407,36,1-3y,8.42,west,B
ln_079b407e02d1,2023-08-31,0,49783.67,24.13,20301.21,12.413,36,<1y,6.41,east,A
ln_d4148ca69999,2022-03-31,0,48922.45,22.06,23972.56,9.906,36,5-10y,14.89,west,A
ln_f1753dda731c,2023-09-30,0,89558.19,19.45,13364.7,15.582,60,10y+,9.48,west,A
ln_95d5445a0ff7,2023-07-31,0,87647.95,20.55,10924.79,12.036,36,5-10y,9.9,north,A
ln_cd9c04ec38a8,2023-02-28,0,63258.19,25.53,22240.88,17.857,60,1-3y,11.85,north,B
ln_3c401ebf70f9,2023-04-30,0,48128.17,17.43,8249.0,8.956,36,3-5y,4.43,west,B
ln_0be1fe848682,2022-11-30,0,40216.45,22.74,6944.49,11.078,36,3-5y,17.42,east,A
ln_1efcd85e00f3,2023-12-31,0,153004.61,20.14,23797.24,12.422,36,<1y,10.85,north,B
ln_53f05bdf151b,2022-12-31,0,89194.93,17.14,17391.66,9.308,36,5-10y,24.58,south,B
ln_ad0b6add57f0,2022-11-30,0,36615.77,12.57,16154.18,5.665,60,10y+,20.92,east,B
ln_413cf57196ce,2022-01-31,1,48196.22,37.32,14751.52,15.667,36,1-3y,11.09,north,A
ln_3ff7a5e88024,2022-10-31,0,54829.68,15.13,33760.74,8.833,60,3-5y,13.15,west,A
ln_e02044419f33,2023-11-30,0,29884.57,18.44,6807.71,14.985,60,1-3y,10.86,east,A
ln_5ace1a110c5d,2023-07-31,0,37603.16,11.55,37978.56,10.1,36,3-5y,13.05,south,A
ln_4c52ba129ca8,2023-05-31,0,71542.36,10.44,18257.98,6.691,36,3-5y,17.39,west,A
ln_2454ee38e8e5,2022-04-30,1,48576.27,27.96,13440.65,12.846,36,1-3y,7.47,east,B
ln_edfe86d86e17,2022-09-30,0,36146.62,24.99,66735.39,14.281,60,<1y,12.16,west,B
ln_777a9b98fabd,2022-02-28,0,58120.39,17.97,30132.29,10.929,60,5-10y,15.43,south,A
ln_cb8f9e356f9d,2022-08-31,0,50475.26,22.95,23747.54,12.693,36,5-10y,20.38,east,A
ln_c5c85cdefe8a,2022-09-30,0,66101.14,15.83,18767.1,11.306,36,5-10y,7.52,east,A
ln_d36430b9fbcc,2023-11-30,0,27365.32,27.4,20128.54,14.837,60,3-5y,7.87,east,A
ln_42101e514bca,2023-06-30,0,125864.02,23.0,14096.95,12.25,36,<1y,12.77,south,A
ln_617501f29106,2022-02-28,0,25049.96,15.45,15687.15,10.85,36,1-3y,10.37,north,A
ln_6dcc1e970a31,2023-07-31,0,64116.89,12.06,7030.18,7.924,60,1-3y,15.5,east,A
ln_946794fd00d4,2022-01-31,0,87639.68,20.77,20697.2,12.897,60,3-5y,15.72,south,A
ln_a3b7c7aa1fd9,2023-05-31,0,29430.67,21.76,12353.12,16.481,36,1-3y,20.3,south,B
ln_723edf7b314b,2023-10-31,0,218361.83,0.5,12363.57,5.46,60,1-3y,12.65,north,A
ln_e7545ff9a87f,2022-08-31,0,151087.78,20.35,45530.83,10.068,36,5-10y,24.35,east,A
ln_198138fbd5a3,2023-09-30,0,31804.86,19.8,16931.55,11.856,36,1-3y,18.85,east,A
ln_cd19f8d10c88,2023-11-30,0,47440.74,24.89,25721.03,9.637,36,10y+,21.23,north,A
ln_920dda641f2a,2022-09-30,0,63869.16,18.64,5610.29,12.336,36,1-3y,10.81,north,B
ln_3ba128207ee2,2022-03-31,0,41673.09,19.83,7865.12,15.063,36,5-10y,9.3,south,A
ln_418d5ce55ace,2022-01-31,0,63580.91,25.68,19348.12,10.296,36,1-3y,12.14,west,B
ln_bbc430148c0f,2023-05-31,0,56466.78,18.89,9028.01,11.197,36,10y+,11.26,west,A
ln_2bc2c66ace3f,2022-07-31,0,202879.74,8.99,17024.97,7.303,36,10y+,11.29,east,B
ln_a5558f72377f,2022-09-30,0,73446.57,39.81,15326.87,17.803,36,3-5y,10.65,east,A
ln_a0efba932ac5,2022-05-31,0,93299.51,16.39,6360.39,7.456,36,<1y,13.73,east,A
ln_963174cafc3d,2023-01-31,0,109102.06,17.38,12836.45,10.621,36,1-3y,9.48,west,A
ln_4a87ba10d45e,2023-04-30,0,50579.43,19.01,25437.55,7.638,36,5-10y,12.58,north,B
ln_e2a6e867b501,2023-10-31,0,33879.31,17.65,11803.5,14.139,60,3-5y,10.68,south,B
ln_6133f5c120f4,2023-12-31,0,43823.94,19.11,18751.14,11.819,36,5-10y,13.5,east,B
ln_cf4295d9d1a7,2023-02-28,0,97602.89,24.1,9772.7,13.808,36,3-5y,9.62,west,A
ln_83e4b563accf,2022-03-31,0,75134.3,25.1,11548.82,13.104,60,10y+,19.93,east,A
ln_4cb4b21790d9,2023-03-31,0,104950.74,24.66,19562.14,14.627,36,5-10y,8.6,south,A
ln_5ff7cf411d77,2022-12-31,0,98031.24,32.34,17049.53,10.834,36,1-3y,20.05,north,A
ln_b7084baf1284,2022-04-30,0,39248.72,31.65,19273.47,21.189,60,3-5y,5.75,south,B
ln_2f6508fb3700,2023-02-28,0,32509.73,20.56,20087.27,11.39,36,3-5y,14.34,west,A
ln_eeb5181fb75f,2023-09-30,0,76168.64,34.39,18826.74,15.189,36,1-3y,7.25,west,A
ln_2c04b6923464,2022-05-31,1,84863.52,38.19,9530.62,18.031,60,5-10y,10.14,south,A
ln_5d8f3cf6f84f,2022-01-31,0,45927.73,28.95,21013.64,16.331,36,<1y,19.04,south,A
ln_91718fc45691,2023-12-31,0,97328.89,18.19,15438.25,11.669,36,10y+,9.71,east,B
ln_b8780c97509f,2022-01-31,0,49755.87,12.92,9647.52,4.354,36,<1y,7.14,west,A
ln_cdb233b1bf88,2023-11-30,0,55090.55,27.71,22587.57,13.586,36,3-5y,13.53,west,B
ln_7489e5ceb6d4,2022-07-31,0,42412.38,21.77,13023.21,17.097,36,1-3y,13.16,north,A
ln_ef2c500f87c7,2022-06-30,0,40690.55,6.35,3772.75,4.455,36,5-10y,12.53,west,A
ln_8af4a7bdceda,2022-01-31,0,33587.66,9.7,6663.18,6.907,36,1-3y,14.11,west,A
ln_a5c72f9dfbec,2023-10-31,0,37970.45,14.73,22328.25,9.45,60,10y+,18.01,north,A
ln_b96da173f919,2023-10-31,0,60774.09,27.51,33958.74,14.489,36,5-10y,20.74,north,A
ln_721fb90adfdd,2023-10-31,0,75994.15,21.86,5709.51,9.473,36,5-10y,11.34,south,A
ln_99652fc65106,2023-12-31,0,57189.68,32.65,5645.27,17.054,60,5-10y,12.45,west,A
ln_2ea9ade93186,2022-05-31,1,27083.58,9.58,17731.68,8.665,36,<1y,13.8,east,B
ln_f63f8ce18f5e,2022-02-28,0,32189.43,23.82,13920.65,10.513,36,1-3y,13.14,north,B
ln_62c4290ae919,2022-02-28,0,44526.65,18.46,18270.77,14.521,36,3-5y,10.13,north,B
ln_0652661f7e40,2022-01-31,0,95880.23,25.02,15636.8,14.195,60,3-5y,9.06,north,A
ln_23599ebc247b,2023-12-31,0,99665.29,12.33,11977.2,7.964,36,1-3y,7.92,south,A
ln_f0dbb726f245,2022-10-31,0,54667.11,27.55,11130.82,16.223,36,3-5y,14.87,west,B
ln_d732aa59900f,2022-05-31,0,43267.85,18.42,6725.65,10.113,36,1-3y,9.19,north,A
ln_42f883e5cbf2,2023-02-28,0,18170.31,16.97,18661.36,12.411,36,<1y,9.07,west,A
ln_d27277240c03,2022-07-31,0,45977.43,20.01,4401.84,13.764,60,10y+,11.12,east,B
ln_def5b655c76c,2022-08-31,0,48385.11,22.16,9735.61,12.921,36,5-10y,18.71,east,A
ln_9fc6dbfcfefb,2023-04-30,0,73451.3,26.38,15356.8,12.462,36,10y+,15.1,west,A
ln_5dade8628290,2022-09-30,0,45456.61,28.27,26566.63,11.052,36,5-10y,22.63,south,A
ln_49c4b45304d9,2023-06-30,0,63436.1,20.2,18809.32,9.794,60,10y+,22.44,north,A
ln_9452dc06f67e,2023-06-30,0,71874.13,32.53,19402.94,10.907,36,3-5y,22.93,west,B
ln_f86f864c40ce,2023-05-31,0,28184.07,19.86,12537.57,13.119,60,10y+,11.43,west,A
ln_2732f125419a,2023-12-31,0,133700.18,18.86,16560.63,13.185,36,1-3y,19.53,west,A
ln_2a61222a67d1,2022-03-31,0,90074.57,19.11,17944.81,12.849,36,1-3y,11.67,south,A
ln_f6a21afa5bd4,2023-08-31,0,44238.98,8.55,7240.23,8.156,36,1-3y,16.22,south,B
ln_1fa6cb3775c3,2022-11-30,0,53172.24,16.88,23126.77,8.62,36,1-3y,10.38,south,A
ln_0d164a3f6211,2023-08-31,1,42029.44,23.91,9814.65,9.76,60,3-5y,6.57,west,A
ln_600492b6ae83,2023-10-31,0,44082.27,14.13,34810.71,9.077,36,10y+,10.7,south,B
ln_8f81178e4267,2023-10-31,0,40953.01,18.48,7814.21,7.504,36,5-10y,15.85,west,A
ln_99b66234267c,2022-10-31,0,74234.37,13.42,4814.38,12.905,60,10y+,10.07,east,A
ln_c6c39337f5f7,2022-05-31,0,57694.14,41.67,13591.76,16.835,36,5-10y,10.52,west,A
ln_0a7b39470060,2022-05-31,0,33843.7,21.23,8293.14,12.736,36,3-5y,10.54,east,A
ln_49e2bb9a2f0c,2022-09-30,0,55143.65,20.09,22472.51,10.779,36,1-3y,11.91,east,B
ln_5ad481aa3ca0,2022-04-30,0,44008.37,28.84,6963.97,13.107,36,5-10y,17.12,south,B
ln_edc86015bd4e,2022-11-30,0,50999.38,21.47,11850.02,10.949,60,3-5y,13.9,north,A
ln_0e660b427d76,2023-12-31,1,59397.99,34.18,34902.13,15.102,36,1-3y,9.7,east,B
ln_b2ec9fa3f59e,2022-09-30,0,69465.63,26.81,10383.89,17.481,36,1-3y,16.21,south,B
ln_066cfb752bb5,2022-11-30,0,36072.59,14.11,33580.03,8.439,36,5-10y,10.69,east,B
ln_f465bc9fd5ab,2022-08-31,0,23705.13,25.69,8451.86,12.988,36,5-10y,16.22,south,A
ln_31972c69b6e7,2023-05-31,0,19548.81,35.44,11524.27,16.738,60,1-3y,19.1,north,B
ln_7cb19fd0cda1,2023-07-31,0,44674.7,26.1,5987.35,13.402,60,<1y,11.6,west,A
ln_ee775e88b720,2022-07-31,0,89076.81,17.4,8931.47,9.026,36,<1y,5.98,south,B
ln_55da70d7f0ce,2023-11-30,0,49102.17,14.98,16055.38,10.942,36,10y+,16.15,east,A
ln_3e65dcaf1d5e,2022-12-31,0,33780.89,6.57,24281.28,9.36,36,3-5y,14.32,south,B
ln_ca4fd09507fd,2022-10-31,0,42503.49,28.09,11618.73,12.959,60,1-3y,13.74,east,A
ln_56dd4535a336,2023-09-30,0,46605.52,17.84,8355.98,10.15,36,<1y,20.01,west,A
ln_48b2c95bb6eb,2023-10-31,0,98174.64,23.44,21198.94,13.391,36,10y+,16.85,east,A
ln_e2a17f7a39fa,2023-03-31,0,57371.04,17.68,11314.6,14.612,60,5-10y,12.63,north,A
ln_7567d2622caf,2023-04-30,0,57993.28,24.67,17956.36,11.063,36,10y+,16.24,east,A
ln_6817662d42cf,2023-08-31,1,32998.48,28.58,34593.65,14.496,36,5-10y,16.74,west,A
ln_0d893028b9f3,2023-10-31,1,20478.04,19.81,33880.01,10.542,60,3-5y,10.59,west,B
ln_aa5a3ef546a4,2022-11-30,0,64493.57,18.6,33944.24,11.348,36,5-10y,12.72,east,A
ln_77f744804573,2023-10-31,0,23718.42,3.62,11930.82,9.475,60,3-5y,15.08,east,A
ln_cf47d3d3af78,2023-03-31,0,58489.35,13.73,7797.75,7.725,60,<1y,10.63,south,A
ln_ae0edb00190f,2023-09-30,0,35521.68,5.07,4050.88,3.5,36,3-5y,10.69,east,B
ln_6dd36b7bcd4c,2022-03-31,0,91332.22,27.68,52159.74,15.179,36,10y+,11.58,north,A
ln_564c9b562c98,2022-04-30,0,50773.53,26.46,4308.8,17.029,36,1-3y,11.3,south,A
ln_09c05cffe2d0,2022-04-30,1,46606.12,17.36,10196.91,10.301,60,3-5y,12.98,west,B
ln_e53a1a13ef49,2022-04-30,0,172029.27,23.13,9595.7,11.622,36,5-10y,17.55,south,B
ln_90166147c0d5,2023-05-31,1,42492.91,35.8,7210.5,13.973,36,3-5y,17.25,south,A
ln_51b5319a2366,2023-02-28,0,77151.34,23.8,32947.38,12.381,36,3-5y,12.26,south,A
ln_48924fad3185,2023-11-30,0,67553.18,28.05,19750.41,16.582,36,<1y,16.36,east,B
ln_94a3e3146e88,2023-12-31,0,57069.37,30.28,30129.85,13.909,36,1-3y,11.61,west,A
ln_bbaa1496bcb3,2023-10-31,0,81771.07,26.1,31118.79,12.333,36,10y+,12.6,north,A
ln_227ad0b0c290,2022-03-31,0,110973.85,20.92,18338.41,9.888,36,1-3y,15.58,east,A
ln_09ea2978fdb6,2023-12-31,0,46567.24,17.14,4412.92,12.872,36,5-10y,15.42,east,A
ln_86e2baf0cdd0,2022-01-31,0,74128.61,17.3,10525.26,11.425,36,<1y,14.69,west,B
ln_4466db2b1f37,2022-05-31,0,92362.26,15.39,16434.03,3.5,36,<1y,24.65,north,A
ln_59a24a095552,2023-05-31,0,72221.46,34.14,12935.97,10.488,36,10y+,16.15,west,A
ln_8a23e000e5a9,2023-05-31,0,153146.7,25.56,28755.57,9.044,36,3-5y,29.22,east,A
ln_c4be28137b89,2023-11-30,0,71289.41,11.74,13479.9,8.594,36,10y+,14.97,east,B
ln_4121f7435a89,2023-05-31,1,56842.38,39.74,5398.96,14.423,36,3-5y,20.3,west,B
ln_7f3145d23f7f,2022-02-28,0,66325.12,34.21,19558.16,17.992,36,10y+,23.02,north,A
ln_a550f450c6ef,2023-07-31,0,51010.91,5.06,8072.28,6.025,36,5-10y,14.59,north,A
ln_515f5b077752,2023-09-30,0,92925.13,20.35,10889.84,10.032,36,3-5y,13.47,west,A
ln_2a5cb1413453,2023-02-28,0,37395.98,15.46,20566.96,5.351,36,10y+,14.89,south,A
ln_b3d3cd69a843,2023-01-31,0,47958.8,31.1,5061.63,19.083,36,5-10y,8.36,west,A
ln_eee68aac8b0f,2022-03-31,0,19711.94,26.61,10737.36,15.447,36,5-10y,10.88,south,B
ln_6a3766183613,2023-10-31,0,101765.24,19.23,25352.02,12.48,36,3-5y,13.9,north,A
ln_1ca80f59680b,2022-08-31,0,64687.34,16.52,16961.73,9.895,36,1-3y,9.76,east,B
ln_3527e8a6b82f,2022-02-28,0,36609.86,13.32,24564.44,10.254,36,5-10y,14.93,east,B
ln_944ca38c9a92,2022-06-30,0,73251.36,14.19,26664.95,10.119,36,5-10y,14.8,west,A
ln_ee674819c888,2023-01-31,1,36316.68,31.53,11257.94,16.361,60,10y+,12.9,east,B
ln_54efbd7db5fc,2023-11-30,0,80236.04,27.08,18495.39,14.977,36,5-10y,9.5,north,A
ln_a8ce82428812,2023-11-30,0,23052.98,15.39,18093.51,10.128,60,1-3y,9.88,north,B
ln_ee41380c578e,2023-01-31,0,92417.21,29.39,13888.45,19.108,36,1-3y,7.37,north,A
ln_78802fb30291,2022-02-28,0,19015.52,18.71,9942.8,8.714,36,1-3y,10.47,west,B
ln_d182ca316d99,2022-04-30,0,155776.3,19.87,14300.42,14.338,36,1-3y,9.33,west,B
ln_f9e5496e9be7,2023-09-30,0,72270.65,20.4,32707.84,16.363,60,<1y,12.84,east,B
ln_699705e35452,2023-02-28,0,113840.19,16.82,21999.59,11.266,36,<1y,6.07,north,A
ln_75a8b30d18d8,2023-12-31,0,79119.85,16.72,15036.04,7.398,36,10y+,15.39,north,A
ln_f1817e801568,2023-05-31,0,79870.23,17.23,12520.27,12.66,60,10y+,12.36,south,A
ln_512b105f17b9,2023-05-31,0,94294.59,8.25,13420.63,5.56,36,10y+,11.26,east,A
ln_6a72a3386cf3,2023-03-31,0,58414.89,16.84,11222.33,11.431,60,1-3y,11.48,west,A
ln_467206a05969,2022-04-30,1,148081.93,31.38,12276.93,15.476,60,3-5y,9.5,east,A
ln_75927d96a7ff,2023-08-31,1,51454.53,27.59,16785.15,16.759,60,5-10y,11.45,east,B
ln_e7ac2604266e,2023-12-31,0,68063.11,19.91,33824.92,12.75,60,1-3y,11.85,south,A
ln_0d2ffe2c9f09,2023-04-30,1,39205.0,26.04,4648.81,10.607,60,1-3y,18.32,north,B
ln_9205730f6f16,2023-08-31,1,69242.29,27.09,12016.16,10.691,36,<1y,11.59,north,A
ln_b07d24cdd3e9,2022-12-31,0,106606.02,25.12,3605.36,14.027,60,1-3y,13.33,south,B
ln_2c03330ea775,2023-10-31,0,92463.1,20.22,21725.49,9.617,36,3-5y,13.83,south,B
ln_4f51cd9ea521,2023-10-31,0,96702.56,23.74,17025.82,17.568,60,3-5y,12.73,south,A
ln_9ac3c13fc9d7,2023-12-31,0,65909.13,31.65,24310.94,13.208,36,5-10y,14.37,west,A
ln_4340cbeb65ad,2022-08-31,0,100489.56,17.25,7004.34,6.65,36,10y+,14.64,north,A
ln_44d6d1f577cc,2022-11-30,1,23444.42,27.94,47575.82,14.633,36,5-10y,11.61,west,A
ln_ffa4bd91e4d9,2023-01-31,0,88975.89,12.2,49674.07,5.664,36,10y+,19.71,east,A
ln_731744452dc4,2022-08-31,1,24148.18,26.33,36888.41,13.577,36,3-5y,20.02,west,B
ln_9dcf8809e022,2023-07-31,0,81789.68,17.5,7003.8,11.6,36,1-3y,10.18,east,A
ln_23c4a95a1ce1,2023-05-31,0,62575.67,21.79,6805.69,13.794,36,1-3y,11.34,north,A
ln_f0f30902d845,2022-10-31,0,48110.95,31.63,23065.46,9.793,36,5-10y,14.17,south,B
ln_aa3cc3054a00,2022-12-31,0,50933.39,13.57,7997.24,8.537,36,5-10y,6.96,east,A
ln_9c446a3f2c03,2023-12-31,0,89942.58,17.72,12659.83,13.795,36,10y+,11.36,east,A
ln_0124a54a8d38,2023-08-31,1,102707.12,38.0,20431.55,18.236,60,1-3y,4.82,west,A
ln_4567f1710423,2022-03-31,0,58727.57,14.11,9932.8,12.71,60,3-5y,11.24,west,A
ln_16d98429ccfc,2023-02-28,0,119431.93,13.0,12456.25,9.553,36,3-5y,15.38,south,A
ln_50bbe7b295ab,2022-09-30,0,59011.88,14.13,4839.33,13.994,60,1-3y,8.13,south,B
ln_2db61d7252a0,2023-01-31,0,70358.69,19.11,15543.64,12.673,60,<1y,5.08,west,B
ln_e27416b7412e,2022-12-31,0,87241.97,20.58,6119.7,11.11,60,3-5y,6.93,south,B
ln_139527fbcf64,2023-02-28,0,101546.33,5.85,4917.71,7.582,60,3-5y,10.98,north,A
ln_f4ffa0e7fd4c,2022-07-31,0,41668.57,21.84,19755.59,13.889,60,1-3y,5.46,south,A
ln_833f898073b1,2023-12-31,0,36273.5,16.1,10884.64,13.163,36,1-3y,7.26,west,B
ln_0a5268b39094,2022-08-31,0,42772.59,30.77,5160.99,15.059,36,1-3y,11.19,north,A
ln_44e9d1415e1c,2023-04-30,1,41491.39,27.06,47355.3,14.785,60,<1y,11.76,north,B
ln_191b68ed72ee,2022-05-31,0,87924.39,18.41,6124.6,13.592,36,10y+,18.27,south,A
ln_bbbef4d549ce,2023-11-30,0,31964.61,12.96,5491.16,7.599,36,5-10y,13.16,west,A
ln_7a7a15de3336,2023-01-31,0,46685.82,31.24,23575.46,15.364,36,5-10y,6.93,west,A
ln_eb4e0f52e094,2023-01-31,0,47296.68,17.86,17990.81,9.909,36,5-10y,14.08,west,B
ln_0d9113648dbc,2022-11-30,0,137360.12,5.08,18482.6,9.473,36,3-5y,10.22,south,A
ln_d6caf98b5d0d,2022-11-30,1,52419.44,42.41,3069.2,17.996,36,<1y,4.82,east,A
ln_2e06286c6dc1,2023-04-30,0,123645.11,28.13,18949.54,12.226,36,1-3y,16.22,east,A
ln_8b78c8fa93f6,2023-07-31,0,74635.87,7.71,8737.78,9.706,36,3-5y,17.25,west,A
ln_fd36583e4c10,2022-08-31,0,42703.18,20.58,13935.32,13.537,60,1-3y,12.39,north,B
ln_cba049aab721,2023-08-31,1,68911.11,16.96,46635.06,7.396,36,5-10y,9.51,east,B
ln_8eb21f4be810,2023-04-30,0,52035.71,17.57,21894.64,9.735,36,5-10y,17.01,east,B
ln_ae752f78461a,2022-05-31,0,38880.04,30.85,11970.59,15.443,60,5-10y,17.64,east,A
ln_5f613824e58a,2022-12-31,0,51141.11,36.01,17619.81,16.855,36,1-3y,12.06,east,A
ln_291d87a418f8,2023-01-31,0,179097.35,17.17,10499.42,9.878,36,10y+,20.02,east,B
ln_1bed310c4cfd,2022-01-31,0,34722.53,20.93,11691.05,14.936,36,1-3y,15.67,west,A
ln_c0b3fd3bc783,2023-05-31,1,52749.28,31.61,11969.04,14.638,36,1-3y,11.8,south,B
ln_ec576015191a,2023-07-31,0,36968.71,20.27,19861.2,10.978,36,5-10y,19.67,east,A
ln_39e6e61e7af2,2023-02-28,0,74784.68,17.44,10227.63,10.111,36,3-5y,11.4,west,B
ln_fc9405d31a0b,2023-08-31,1,43915.44,32.88,8256.98,15.588,60,<1y,8.28,east,A
ln_597661f2b5c8,2022-09-30,0,62873.83,14.53,35602.27,11.036,60,1-3y,11.8,north,A
ln_078f544d2048,2022-03-31,0,39547.35,12.6,36290.12,11.575,36,3-5y,9.93,north,B
ln_a84a26726a6c,2022-04-30,0,93499.06,18.87,19186.38,14.115,36,10y+,10.09,north,A
ln_5916c8debb11,2023-08-31,0,71363.36,5.99,11404.36,6.125,36,1-3y,19.7,east,B
ln_56ac7fca8e2a,2023-01-31,0,85875.33,10.94,21767.68,8.657,36,10y+,21.11,north,A
ln_231a470d5f08,2023-07-31,0,97421.31,25.0,8449.36,12.549,60,<1y,13.36,east,B
ln_7b9a559bdec6,2022-01-31,1,49669.41,26.81,2861.74,11.021,36,1-3y,7.34,east,B
ln_a41d1cf96096,2022-05-31,0,128342.21,17.23,34491.74,10.66,36,1-3y,8.78,west,A
ln_3f64e929860d,2023-09-30,0,70033.92,27.9,8541.41,15.708,36,3-5y,7.19,west,B
ln_4569130b7919,2022-11-30,0,78517.92,25.78,22188.46,15.019,36,<1y,16.61,west,B
ln_539b1677ac51,2022-08-31,0,35107.09,21.52,19408.23,18.878,60,<1y,6.31,south,A
ln_a995665e5a4d,2023-09-30,0,99202.67,9.42,53314.8,8.775,36,1-3y,15.21,south,B
ln_66ce7f5bea4b,2022-07-31,0,38453.05,21.81,10935.76,12.961,36,1-3y,17.05,east,B
ln_c05a65415acc,2023-06-30,0,92474.2,15.38,16104.18,8.3,36,3-5y,19.81,north,A
ln_8b5aac6f2544,2022-11-30,0,55939.26,28.39,5192.17,14.98,36,1-3y,6.67,north,A
ln_a958f87e4822,2023-08-31,0,54246.98,9.72,55032.68,8.951,36,<1y,8.73,north,A
ln_cfe775da4221,2023-06-30,0,93433.25,22.35,24191.66,11.511,60,5-10y,10.87,east,B
ln_0e96e96792fd,2023-11-30,0,34040.66,29.38,10994.07,16.623,36,1-3y,15.96,east,A
ln_1692210d7fec,2023-11-30,1,43033.74,31.89,22186.32,12.718,36,3-5y,12.05,south,A
ln_8e7c809020c3,2022-01-31,0,95010.3,23.9,23745.02,10.845,36,3-5y,7.78,west,A
ln_d7ea5885f53d,2023-11-30,0,69844.59,27.45,43900.96,14.134,60,10y+,17.48,north,B
ln_307cb40716f4,2023-03-31,1,33900.06,28.87,36580.99,16.555,36,1-3y,5.67,west,B
ln_c520089f214f,2022-03-31,0,92798.74,17.54,16565.39,10.823,36,5-10y,12.48,south,A
ln_44161071335f,2022-02-28,0,41987.27,3.05,14168.45,8.158,36,1-3y,8.12,east,B
ln_9c403ae8e327,2023-07-31,0,68260.19,18.59,42533.31,12.273,60,3-5y,29.07,south,A
ln_7e4fb1f0e010,2023-04-30,0,35284.99,24.61,25433.26,15.906,36,5-10y,10.37,east,B
ln_34de0fca2a6a,2022-12-31,0,145553.29,10.72,4408.38,12.949,36,3-5y,8.69,east,A
ln_505e859f4e9c,2023-11-30,0,48441.3,17.12,15774.85,6.746,36,3-5y,19.75,south,A
ln_469700bfe850,2023-01-31,0,49593.06,21.75,26712.36,16.301,60,5-10y,12.73,north,A
ln_8a1207dde273,2023-12-31,0,57300.12,24.5,9383.07,14.828,36,3-5y,8.69,north,A
ln_86b816ad20f4,2022-11-30,0,46930.02,23.91,11121.31,12.793,60,3-5y,15.97,south,A
ln_3fbca18beb66,2023-11-30,0,39851.19,23.88,10806.93,13.331,36,1-3y,18.77,west,A
ln_0e5987856fba,2023-10-31,0,85538.18,33.65,6203.77,16.513,60,10y+,7.75,south,B
ln_1fca6f26e165,2022-02-28,0,64560.83,27.12,11709.91,15.092,36,10y+,18.29,south,A
ln_7e956b1b1e81,2022-09-30,0,80182.97,30.13,31516.54,12.513,60,5-10y,14.68,south,B
ln_f8dc2e7e6839,2022-11-30,0,36308.37,29.79,11521.34,17.143,36,1-3y,16.88,east,B
ln_7f4f9f4cadce,2022-04-30,0,67908.62,11.81,11322.22,9.6,60,5-10y,11.21,west,B
ln_4ceef0a28a9d,2022-03-31,0,190498.64,14.58,36141.77,8.409,36,3-5y,11.8,east,A
ln_552201621b56,2022-06-30,0,34221.87,19.41,7659.91,11.054,60,1-3y,9.12,north,A
ln_c4453e5101f0,2022-08-31,0,53656.5,10.32,8816.41,8.379,36,3-5y,8.75,west,A
ln_9492003df655,2023-08-31,0,130499.31,13.35,23799.14,8.196,60,<1y,8.41,south,A
ln_8de96693ed1a,2022-11-30,0,169625.39,9.44,10189.84,5.411,36,1-3y,13.62,west,A
ln_cb3009c01e43,2023-03-31,0,17804.21,25.07,10952.91,11.735,36,1-3y,7.45,north,B
ln_1ab6c24b2d2d,2023-06-30,0,80025.0,9.88,23142.76,9.297,36,1-3y,11.09,west,B
ln_d5697ebc8b4d,2022-06-30,0,65287.17,20.26,10422.02,12.021,60,1-3y,16.55,east,B
ln_fe16069e1b3d,2022-05-31,0,55143.15,13.6,15632.46,9.998,36,3-5y,14.69,east,A
ln_d9cb3e64d8c2,2023-04-30,0,79725.8,19.29,12810.37,12.007,36,10y+,13.95,north,B
ln_df05e2854ee9,2022-04-30,1,26668.26,24.59,61553.65,13.868,36,3-5y,7.7,east,A
ln_62db25703bd0,2023-02-28,0,67502.76,18.6,18985.5,8.668,36,3-5y,9.95,north,B
ln_bcfd5d383dec,2022-04-30,0,60825.99,28.12,10027.76,13.585,36,1-3y,14.83,east,B
ln_923ef617c86f,2023-10-31,0,134298.56,12.61,11423.51,9.541,36,10y+,12.15,north,A
ln_21f2e0b700cd,2022-02-28,0,56779.08,22.2,13740.37,14.66,36,1-3y,11.69,south,A
ln_ab4e8652f0e1,2023-02-28,0,46910.25,12.71,23469.57,7.363,36,5-10y,19.05,south,A
ln_15d3992490da,2022-01-31,1,50629.55,21.11,23644.58,14.139,60,3-5y,9.12,north,A
ln_9a67106ce3a8,2023-09-30,1,42724.0,29.88,10469.7,14.361,36,5-10y,9.95,north,A
ln_c52a7c7c41bb,2022-10-31,0,37845.53,29.15,6248.3,15.321,36,1-3y,12.98,west,A
ln_e9ccd4403441,2023-09-30,0,56127.89,19.39,23776.9,11.803,60,10y+,14.64,north,A
ln_7b3284e78408,2022-10-31,0,85593.81,25.47,8980.34,17.084,60,10y+,13.69,west,B
ln_443df3abbe80,2022-10-31,0,60130.83,20.08,12795.78,13.125,60,3-5y,6.28,south,B
ln_963d662199a4,2022-11-30,0,67031.13,16.84,22926.37,10.956,36,1-3y,7.54,north,B
ln_240ce4d150a4,2022-05-31,1,65456.97,21.79,20343.44,16.482,60,10y+,11.38,west,B
ln_f5891fb97c89,2023-12-31,1,63210.07,35.9,23246.6,19.736,60,5-10y,9.96,west,B
ln_70cd9a16dcba,2022-08-31,0,73635.08,9.83,6665.02,11.46,60,<1y,7.7,east,B
ln_5e08dca121de,2022-09-30,0,52135.46,16.65,28117.66,11.005,36,10y+,16.49,south,B
ln_7ad6a73a9c91,2023-10-31,0,71822.71,17.54,12014.82,8.662,36,1-3y,12.24,north,A
ln_a9482f6481ac,2022-08-31,0,72478.09,20.6,8552.35,12.145,36,1-3y,13.46,north,A
ln_966feaf94627,2023-11-30,0,26464.07,28.24,13471.88,15.131,36,5-10y,10.87,north,A
ln_e14fe8f6c207,2022-08-31,0,36938.09,23.29,19935.97,12.878,36,3-5y,15.3,south,B
ln_dbcc2e5d86ca,2023-05-31,0,94695.12,29.16,21750.93,12.669,36,10y+,14.42,west,B
ln_c66ad9114985,2022-01-31,1,65971.7,32.11,47686.56,15.263,60,3-5y,10.91,north,B
ln_a688c7a78ced,2023-07-31,0,69411.71,18.61,7850.45,10.342,60,5-10y,27.89,east,A
ln_b37850e22abd,2022-12-31,0,72421.5,13.28,9067.04,6.217,36,5-10y,27.19,north,A
ln_ad828636c9c3,2022-06-30,0,93630.54,12.34,16515.26,5.549,36,1-3y,16.52,north,B
ln_1d094296a2b4,2023-06-30,0,64941.13,22.02,7387.58,9.931,36,5-10y,24.49,north,A
ln_6d2509c0d9ee,2023-01-31,0,42038.63,13.08,12035.21,5.391,36,1-3y,15.11,west,A
ln_5375c56fa37c,2022-07-31,0,49011.23,29.22,8237.75,16.881,36,1-3y,9.11,west,A
ln_c67838ee700b,2022-08-31,0,84395.62,18.7,7365.11,8.961,36,<1y,14.38,south,A
ln_de7eb8d218d3,2023-02-28,0,109328.5,21.85,13286.21,12.964,36,3-5y,22.95,west,B
ln_6b8cc626b72c,2022-05-31,0,39389.92,17.6,9838.56,14.446,36,<1y,8.89,south,B
ln_2cde3ceca228,2023-11-30,0,44865.48,21.7,6859.67,11.046,36,3-5y,10.63,south,A
ln_b831dfc3466f,2023-02-28,0,73026.28,17.55,25720.63,10.388,36,10y+,19.89,west,A
ln_f77d17509cc3,2022-05-31,0,31718.2,18.53,10078.65,10.228,36,1-3y,16.55,north,B
ln_8b176c4c6721,2022-07-31,0,30887.69,28.92,18696.64,14.018,36,1-3y,6.62,west,A
ln_f0f6c411e6cf,2022-04-30,0,87796.01,13.61,11007.16,11.016,36,1-3y,9.75,west,B
ln_1d6228c99aee,2022-07-31,0,23959.66,33.81,9103.06,15.095,36,5-10y,12.91,north,B
ln_a60a37a78078,2022-03-31,0,54293.76,10.71,22795.52,6.772,60,3-5y,14.32,west,A
ln_c51d9e91ffde,2023-08-31,0,36247.19,23.67,4459.71,8.719,36,10y+,14.59,north,B
ln_7d35e0819fe7,2022-05-31,0,94622.02,15.2,14673.07,7.363,36,5-10y,9.37,north,B
ln_0ef504fc117c,2022-01-31,0,33192.53,13.13,28855.79,10.444,60,5-10y,12.99,east,A
ln_a307c3d9c793,2022-10-31,0,120707.62,29.14,11073.87,13.631,36,<1y,12.92,west,B
ln_ee466655cfe0,2023-11-30,0,93981.57,23.57,7373.7,10.233,36,5-10y,15.6,north,A
ln_407be66ed66e,2022-01-31,0,47711.45,21.94,37578.12,13.543,36,10y+,18.4,south,A
ln_ae45f231f99c,2022-10-31,1,70658.78,32.95,15960.09,14.107,60,5-10y,13.25,west,B
ln_359d89a2e7c5,2022-08-31,0,90266.84,30.2,7987.39,15.971,36,<1y,9.52,north,B
ln_97811ffe894c,2022-07-31,1,41422.08,27.57,11738.62,15.421,36,3-5y,8.31,north,A
ln_d609bad23ef9,2023-10-31,1,31582.1,30.26,8422.98,17.125,60,10y+,15.58,east,A
ln_0f7f2921c533,2022-04-30,0,74457.38,27.86,22992.76,14.101,60,<1y,7.55,south,A
ln_56718379ceed,2022-08-31,0,84240.75,7.2,22199.18,8.269,36,<1y,6.46,south,A
ln_5fcbf7da2218,2023-10-31,0,58547.14,25.06,7717.13,15.649,60,1-3y,11.92,north,B
ln_18e33d217779,2022-04-30,0,58670.98,18.87,10210.88,11.27,36,10y+,16.08,west,B
ln_c669235f6050,2023-03-31,1,81934.51,35.18,12895.43,11.079,36,10y+,18.24,north,A
ln_5c6567581daa,2022-09-30,0,53263.52,26.23,11112.24,16.188,60,1-3y,15.46,east,A
ln_80045ceaddab,2023-08-31,0,45381.74,30.45,15524.41,14.429,36,1-3y,12.21,west,A
ln_eb8a90ce370e,2022-05-31,0,136139.56,21.71,3178.24,13.487,36,1-3y,8.7,west,B
ln_3a313ce9975e,2023-06-30,0,42479.29,22.13,6052.9,14.536,36,1-3y,12.04,north,A
ln_fbdb704b1574,2023-08-31,1,41861.18,20.04,12203.12,12.164,60,1-3y,8.56,east,A
ln_dbc72643f7db,2022-10-31,0,224555.54,21.96,17239.3,10.39,36,1-3y,15.86,north,B
ln_f33c20191c0a,2022-11-30,0,67017.61,23.36,36565.03,12.165,36,5-10y,11.19,south,A
ln_2ff14dd35a74,2023-04-30,0,43444.51,23.51,15577.68,11.647,36,5-10y,10.29,east,B
ln_4bbce5d9253d,2023-12-31,1,73142.62,5.73,44833.15,11.81,60,<1y,5.98,north,A
ln_d81880229a42,2023-12-31,0,60085.6,22.52,16877.91,12.431,36,3-5y,12.33,south,B
ln_92c09c67aaf0,2023-06-30,0,49199.65,28.53,18915.02,12.788,36,5-10y,14.05,west,B
ln_99b479c08b2e,2023-01-31,0,46075.52,12.94,27828.02,11.499,36,1-3y,14.37,north,A
ln_3d38e1e5f831,2022-03-31,0,55563.97,20.95,37789.93,12.879,36,10y+,9.8,west,A
ln_817edb49fb5a,2023-06-30,0,56015.99,20.52,13631.79,9.135,36,1-3y,11.56,north,B
ln_42c71275b22e,2023-06-30,0,132886.29,13.29,13089.64,7.948,36,3-5y,12.16,east,B
ln_13ae8ad1edfd,2023-04-30,0,48496.23,21.18,25340.94,13.386,60,3-5y,17.36,south,B
ln_bc4d94ec5532,2023-01-31,0,124017.64,32.71,8107.67,20.351,36,1-3y,12.7,north,B
ln_4cb7ca11131b,2022-06-30,0,103259.14,7.66,34545.94,6.758,36,3-5y,9.43,north,B
ln_ff50876f1d45,2022-04-30,1,30071.34,31.58,10585.66,16.268,60,1-3y,9.55,north,A
ln_3b16f4db8f25,2022-06-30,0,74725.67,22.58,10200.72,11.109,60,10y+,17.07,south,A
ln_e8919e526c00,2023-06-30,1,68215.81,26.31,22384.12,11.244,36,3-5y,13.22,west,B
ln_ab9d064b5f2e,2023-03-31,0,42324.98,16.96,13237.96,10.132,60,3-5y,20.21,south,B
ln_8d2020c7ae41,2023-09-30,0,81977.19,13.28,46110.5,10.362,60,3-5y,12.98,west,B
ln_9d5e4e490142,2023-03-31,0,46564.5,25.02,10778.76,14.084,36,5-10y,11.92,north,B
ln_3214ba98905d,2022-12-31,0,175361.15,5.28,20387.16,5.67,36,5-10y,8.43,north,A
ln_e9e8001226c8,2022-03-31,0,44510.08,25.22,17439.37,8.643,36,<1y,16.76,north,B
ln_c850534e16ef,2023-10-31,0,47533.49,26.57,15976.03,12.475,36,10y+,21.19,east,A
ln_80c7f6e70149,2023-07-31,1,57928.52,10.5,14629.06,7.103,36,5-10y,8.44,east,A
ln_935b7e05b45c,2022-02-28,0,26022.06,14.34,20472.0,11.568,36,10y+,15.09,south,B
ln_a730129e0e31,2022-10-31,0,177525.47,12.77,39575.84,10.599,60,3-5y,18.7,west,A
ln_76c7c4111a53,2023-03-31,0,42225.08,16.33,6109.58,9.133,36,5-10y,18.99,north,B
ln_01eae4dc09a6,2022-03-31,0,54723.82,17.95,10359.03,10.649,36,3-5y,15.39,south,A
ln_f243189bf872,2023-08-31,0,79532.17,24.3,10921.82,13.78,60,10y+,17.73,south,B
ln_1857a9ff6621,2023-09-30,0,51525.56,15.79,7685.72,11.975,60,<1y,15.42,east,B
ln_02e44e36e0b5,2022-11-30,0,30922.87,19.04,16442.45,10.402,36,<1y,15.45,north,A
ln_2fea20d8fbda,2023-11-30,0,19941.44,31.09,14116.15,10.671,36,3-5y,14.17,west,B
ln_8aa0abcb8eb1,2023-09-30,0,81525.28,19.63,10363.01,10.621,36,1-3y,6.44,west,A
ln_9fc36d54b877,2023-10-31,0,59120.61,19.79,29155.78,9.627,36,3-5y,20.46,east,A
ln_3d3e76c2a30c,2022-11-30,0,45051.69,30.0,18695.11,14.101,36,5-10y,19.12,north,B
ln_59d0437b4cd4,2022-09-30,0,54249.44,25.94,17444.17,13.151,36,10y+,23.7,east,B
ln_165fc74f9817,2022-12-31,0,70008.0,8.77,20798.19,7.485,36,10y+,14.15,east,A
ln_370352628a38,2023-10-31,0,67027.69,22.5,25361.66,10.071,36,1-3y,14.15,east,A
ln_02114bfb0eee,2023-09-30,0,58721.72,24.3,11259.13,7.791,36,3-5y,8.8,south,A
ln_5d8087ed6dbc,2023-09-30,0,60549.27,33.73,15922.49,13.687,36,1-3y,10.77,south,A
ln_715d2ef2fc01,2022-01-31,0,104312.53,11.61,7002.34,6.602,36,<1y,13.17,west,A
ln_a7ac47efddd7,2022-10-31,0,127437.2,31.82,9205.22,14.107,60,1-3y,10.86,east,A
ln_1e2dc579b3c6,2023-09-30,0,53503.24,12.78,9514.69,12.053,60,1-3y,7.02,west,B
ln_9609bf97d0d0,2023-06-30,0,36152.03,10.54,17391.44,11.745,36,10y+,13.75,north,A
ln_5bd8f96620f3,2022-06-30,0,78917.41,19.93,15619.79,11.784,36,5-10y,15.55,east,A
ln_5f97ae9eeb5c,2023-12-31,0,66413.4,16.89,20069.92,8.577,36,3-5y,13.42,north,A
ln_07aa79aab467,2022-09-30,0,149593.5,14.94,19197.14,11.035,36,10y+,11.15,north,A
ln_286bb726be06,2022-06-30,0,92065.29,10.42,29945.13,9.629,36,1-3y,13.49,south,A
ln_73b45d0a4f0d,2022-12-31,0,66364.11,19.47,2902.89,10.775,60,<1y,10.87,south,A
ln_0bbd4683f818,2022-02-28,1,72456.82,26.69,11876.58,16.427,36,5-10y,14.36,south,A
ln_03af685ad9fe,2023-05-31,1,56690.41,41.43,13876.85,20.498,60,3-5y,7.61,south,B
ln_8a7274c57ab0,2022-04-30,1,59998.63,19.51,20336.45,11.375,36,10y+,9.84,north,A
ln_9a202a9fc46c,2023-12-31,0,52948.85,15.04,22343.4,8.806,36,3-5y,9.93,west,A
ln_4402dfb3d5b4,2023-03-31,0,75327.09,14.45,9367.61,10.761,60,10y+,19.47,east,B
ln_d7b0d601d85c,2022-07-31,0,47873.03,18.4,5792.93,11.025,36,1-3y,15.52,south,A
ln_ec85ff43f807,2023-12-31,0,24857.35,22.83,28302.05,12.798,36,3-5y,7.95,south,A
ln_ba1333eda6db,2023-08-31,0,94565.95,10.64,16348.37,10.051,60,3-5y,14.07,south,B
ln_fea3b3371bf9,2023-09-30,0,106413.55,30.21,27326.56,14.547,36,3-5y,6.12,west,A
ln_b710c2ef37b2,2023-06-30,1,47139.39,36.23,7778.52,13.361,36,5-10y,13.36,east,B
ln_493d5f2814c5,2023-01-31,0,62565.53,21.3,12627.12,8.88,36,3-5y,21.43,west,A
ln_fe4ba4c0e402,2023-05-31,0,74111.38,32.34,11202.07,12.691,36,5-10y,13.38,east,B
ln_3ec6c75cfa36,2023-09-30,0,103794.2,9.9,9749.3,12.961,36,3-5y,11.26,south,B
ln_72c2d592a257,2023-11-30,1,64802.21,28.93,23432.11,12.321,36,5-10y,11.65,east,A
ln_52154b9e37d1,2023-07-31,1,31879.26,18.68,2279.59,13.668,36,3-5y,8.09,north,B
ln_b43dbcdddfed,2022-08-31,1,142610.49,14.99,7662.82,7.83,36,10y+,11.03,south,A
ln_89472a16495e,2023-12-31,0,46728.19,26.26,5124.0,15.135,60,5-10y,18.23,east,A
ln_e64bda5dbacc,2023-09-30,1,49118.68,17.98,24502.41,9.355,36,3-5y,16.56,east,B
ln_c667e2c20150,2023-03-31,0,51763.17,20.41,6813.6,10.551,36,<1y,7.87,east,A
ln_f1ecb793f878,2022-05-31,0,44848.31,12.91,23962.09,11.307,36,5-10y,13.88,south,A
ln_a6e63b309880,2022-06-30,0,80685.55,25.57,4181.93,9.943,36,10y+,20.44,east,A
ln_9cab1599c853,2023-07-31,0,31420.25,39.58,13132.99,16.873,60,10y+,15.59,west,B
ln_09f42afb7eed,2023-02-28,0,44325.82,22.65,8093.99,9.365,36,<1y,16.14,west,B
ln_ec99f60f0748,2022-09-30,0,56169.06,27.65,15352.21,15.073,36,1-3y,8.65,east,A
ln_28416a5dab88,2023-10-31,0,54269.45,24.75,17673.23,13.9,36,<1y,18.67,east,A
ln_a3ca8d98521b,2022-08-31,0,82018.62,10.28,7873.02,7.19,36,1-3y,15.95,north,A
ln_81cd7b5b1457,2022-04-30,0,40781.0,27.57,4004.91,12.18,60,1-3y,19.46,east,A
ln_2ba70a09f2b4,2022-09-30,0,48495.79,20.06,15072.46,15.997,36,1-3y,13.46,east,B
ln_b6ab4af2aa5a,2023-03-31,0,46188.89,24.44,9026.28,10.723,60,10y+,19.5,west,A
ln_2c3c7f403ced,2023-06-30,1,39530.88,32.34,5106.29,15.683,36,5-10y,12.37,north,A
ln_14ff73e6f916,2023-06-30,0,45283.91,10.13,11859.98,7.108,36,1-3y,12.02,west,B
ln_4f18e7505af7,2022-02-28,0,24904.76,19.06,8757.13,11.638,60,10y+,11.88,west,A
ln_b009b8281e93,2023-03-31,0,70484.34,22.53,9964.25,11.806,60,1-3y,23.16,west,A
ln_66f9a5beb18b,2023-10-31,0,61017.75,14.95,22116.29,8.474,36,5-10y,15.59,west,A
ln_a5aa0d15a7d5,2022-07-31,0,49436.15,14.76,9913.01,11.729,36,5-10y,17.22,south,A
ln_8490bf63af3c,2023-09-30,0,67542.05,26.36,17820.34,15.008,36,<1y,11.45,east,B
ln_f07e8976a88e,2023-08-31,0,45788.97,16.73,25314.97,9.911,36,3-5y,12.71,west,B
ln_e25daf3bedc7,2022-09-30,0,31540.69,29.4,11484.5,14.345,36,1-3y,12.9,south,A
ln_49e4a89ce1f2,2022-09-30,0,72397.42,29.34,11305.18,16.617,60,1-3y,9.73,west,A
ln_e1d79c941ca0,2023-08-31,0,57732.06,28.36,13040.98,15.595,60,10y+,10.29,east,A
ln_64b9e773cd08,2022-10-31,1,30535.78,28.16,8051.31,15.539,36,1-3y,12.04,east,A
ln_5baf0bfd307e,2023-10-31,0,74444.64,12.38,11950.8,12.073,36,1-3y,14.42,west,A
ln_be5ea9067d33,2023-01-31,0,31004.38,38.25,13005.25,18.583,36,5-10y,23.11,north,B
ln_45b406ed74c4,2023-08-31,0,46723.07,26.84,10068.33,15.479,36,1-3y,12.21,east,B
ln_379416843e5b,2023-01-31,0,89885.62,22.77,16457.97,10.986,36,5-10y,28.89,south,A
ln_3906a1896efd,2022-03-31,0,36711.31,21.12,23822.38,16.734,36,10y+,12.22,west,B
ln_05589bc68329,2023-09-30,0,67730.49,14.05,18798.28,7.722,36,3-5y,5.91,east,A
ln_545d887aeb2f,2023-04-30,0,102763.79,10.21,28649.58,5.124,36,3-5y,11.9,south,A
ln_d8cb1d2301b0,2022-12-31,0,60333.2,8.18,39979.95,10.357,36,3-5y,8.15,south,B
ln_d3b6ae3e0672,2023-09-30,0,168945.79,5.13,9552.73,8.91,36,1-3y,9.68,east,A
ln_eb4d108b4469,2023-09-30,0,222318.42,14.15,9533.1,8.971,36,1-3y,9.83,east,A
ln_e81d9377c95d,2023-08-31,0,64689.72,23.34,11814.44,10.794,60,3-5y,11.19,east,B
ln_cc66456d3b32,2022-11-30,0,81087.44,24.26,15582.31,10.188,60,5-10y,14.91,west,A
ln_69960b7747e7,2022-12-31,0,74336.62,26.0,9202.72,11.443,36,3-5y,10.34,north,A
ln_dc0a8f2a3a1a,2022-05-31,1,64779.18,29.49,17506.94,16.439,36,1-3y,7.71,east,A
ln_1ea722719ca4,2023-02-28,0,93445.88,18.01,8485.73,10.822,36,3-5y,11.85,west,A
ln_9a9e5393f0a2,2023-04-30,0,38587.34,31.54,10116.66,12.144,36,3-5y,18.73,east,A
ln_c6aca8958129,2023-02-28,1,53092.01,17.02,13250.82,12.902,36,5-10y,14.61,south,A
ln_b390b2e65c21,2023-08-31,0,65212.86,15.51,5042.72,11.481,60,1-3y,9.37,west,A
ln_8f8919932f25,2022-08-31,0,75942.56,11.95,14429.13,8.96,36,3-5y,9.09,west,A
ln_6614e5e87512,2022-12-31,0,84984.39,5.56,20616.54,7.407,36,1-3y,16.23,south,A
ln_7f2d8a08f8b1,2023-04-30,0,45924.14,35.6,11006.99,15.279,60,10y+,17.18,north,B
ln_8ced44dfad28,2023-02-28,0,78074.11,19.36,34460.12,12.675,60,10y+,13.83,west,A
ln_2970af19e217,2022-05-31,0,98318.44,18.57,13354.9,12.723,36,1-3y,19.24,south,B
ln_771a8b627cbb,2023-11-30,0,27896.55,25.23,12394.86,15.262,36,10y+,15.98,west,B
ln_ed66dcb44b3c,2023-04-30,0,48593.54,33.73,10025.19,15.465,36,<1y,7.92,east,B
ln_80320359108d,2023-10-31,0,53459.09,23.3,14683.6,12.366,60,5-10y,10.51,west,B
ln_1a6d5bc89247,2023-10-31,0,40959.78,17.78,11486.16,12.194,36,5-10y,16.53,west,B
ln_71e9ba4674fa,2022-01-31,0,23692.83,6.7,8755.47,9.253,60,10y+,16.48,west,B
ln_f846084a1f0d,2022-05-31,0,38520.99,24.64,64792.45,11.081,60,5-10y,11.93,west,A
ln_5308d2bc1892,2022-12-31,0,27081.14,30.32,8547.38,16.59,36,<1y,10.75,west,A
ln_2dbaeb19c05f,2022-04-30,1,61191.91,27.09,29288.39,17.197,36,1-3y,7.64,south,A
ln_3703113aed07,2023-10-31,0,30069.04,23.38,32809.87,8.679,36,5-10y,12.06,west,A
ln_5588c64f6bc8,2023-10-31,0,49384.06,27.31,22900.67,11.083,60,10y+,19.2,south,B
ln_02c216d3edd1,2023-06-30,0,142894.66,18.83,8564.48,8.666,36,3-5y,13.56,north,A
ln_fcb7e6009758,2022-04-30,0,55657.96,27.36,13856.68,18.319,60,10y+,17.64,south,A
ln_b1d3352ac728,2022-05-31,0,94388.93,17.57,33598.33,12.139,36,<1y,4.29,east,B
ln_0ca59f7b6cdc,2022-04-30,0,64150.82,28.97,6792.81,13.987,36,1-3y,10.83,south,A
ln_5f0e1a708233,2022-02-28,0,26480.91,22.17,16097.74,12.214,36,3-5y,15.41,south,A
ln_6d830e899473,2023-05-31,0,43421.69,25.33,12069.78,13.306,60,5-10y,19.13,north,B
ln_9704de179789,2022-03-31,0,62069.59,22.09,6503.91,13.01,36,5-10y,14.96,west,A
ln_6a633e41a4ca,2022-03-31,0,45444.32,14.36,7617.1,12.554,36,10y+,22.23,east,B
ln_72ca5fd2be04,2023-10-31,0,46705.5,19.9,8667.63,11.985,36,3-5y,10.97,west,A
ln_f01ebd43f9f0,2022-08-31,0,66310.46,27.34,12612.65,11.388,60,3-5y,11.65,west,A
ln_387ae100fd22,2023-05-31,0,90937.6,17.0,13252.61,8.359,36,5-10y,18.95,south,B
ln_8a1be7b9df14,2022-03-31,0,48971.86,14.59,10653.87,11.129,60,<1y,7.32,east,A
ln_803d86fa9ef9,2022-02-28,0,27440.0,38.4,21625.08,17.514,36,1-3y,11.62,south,B
ln_ea4e9dfdeade,2022-04-30,0,47987.05,22.14,10441.09,12.385,60,5-10y,17.98,north,B
ln_66b7a69d6b5b,2023-03-31,0,36639.27,33.36,12014.48,14.928,36,1-3y,13.36,north,A
ln_b62ead7addb7,2022-05-31,0,45297.78,17.19,21262.91,8.175,36,1-3y,5.98,west,A
ln_f01a9c72e398,2022-05-31,0,49265.92,9.95,17280.53,6.518,36,1-3y,6.53,east,A
ln_69138c278af9,2023-01-31,0,38870.18,17.44,11805.47,11.611,60,3-5y,6.8,south,A
ln_4419b42035ef,2023-01-31,0,38303.58,31.48,27344.03,13.22,36,3-5y,14.64,east,B
ln_2ead54fe36df,2022-01-31,1,54695.56,24.33,11736.13,11.98,36,3-5y,8.01,west,B
ln_cbae9f380a31,2023-03-31,0,121205.91,26.5,44144.3,14.318,36,5-10y,10.09,east,A
ln_a05778be2a72,2023-04-30,0,65844.64,15.34,8798.25,11.794,36,5-10y,13.75,north,A
ln_e7a9ea68e734,2023-12-31,0,81959.97,26.44,22500.45,10.516,36,10y+,23.44,north,B
ln_cfe023c36b3a,2023-06-30,1,152929.99,17.71,26554.08,13.117,60,5-10y,7.97,north,A
ln_ab07b2e7b6af,2023-06-30,0,45860.85,17.33,18861.62,10.516,60,<1y,11.72,south,B
ln_89b1eb3c0736,2023-10-31,0,50252.57,16.78,13657.89,11.021,60,10y+,11.55,east,A
ln_120f702c6882,2023-12-31,0,55708.56,18.18,43835.28,12.272,36,1-3y,6.84,east,A
ln_3b700c06d6c3,2023-07-31,0,73889.55,18.84,13158.04,11.616,36,<1y,8.04,east,A
ln_643e7fbfa68f,2022-04-30,0,63508.2,28.63,20646.48,9.412,36,1-3y,13.04,east,A
ln_a45e909aa156,2022-11-30,0,56102.27,6.88,39908.19,6.602,60,5-10y,9.34,west,A
ln_f391f312134f,2023-01-31,0,25451.24,34.14,27010.49,15.465,36,10y+,12.16,north,B
ln_4c09ba8085d6,2022-01-31,1,41387.27,35.21,18966.83,18.834,60,5-10y,10.68,north,A
ln_ca2e0cc9c8ce,2022-01-31,0,142068.24,17.17,17813.72,8.704,36,1-3y,9.28,west,B
ln_cf086fca0684,2023-03-31,0,49113.44,3.07,19572.8,11.142,36,<1y,3.06,north,A
ln_28129a28b606,2023-10-31,0,59347.29,13.31,14754.02,11.612,36,1-3y,11.47,west,B
ln_90293b67efc5,2022-01-31,0,85139.74,27.65,23821.35,12.298,60,<1y,5.73,south,A
ln_5684f4472ba0,2022-10-31,1,53919.38,25.88,59545.97,13.282,36,3-5y,17.99,north,A
ln_21e49e9b3b0a,2023-05-31,0,93550.82,22.92,29571.41,15.985,36,1-3y,6.63,north,A
ln_91dc9c4bec57,2023-01-31,0,57818.34,32.6,9521.26,17.183,36,10y+,21.82,north,A
ln_d21e95ab4606,2022-10-31,0,34596.42,11.09,9910.47,8.426,60,1-3y,10.18,north,B
ln_f6c47b830abe,2023-01-31,1,29161.58,27.01,12451.38,14.879,36,3-5y,10.5,south,B
ln_09975067e858,2023-07-31,0,64834.38,18.45,7372.8,11.753,36,10y+,13.13,south,A
ln_b831f5bdd9c7,2022-10-31,0,89896.2,19.08,6757.79,12.291,36,1-3y,6.91,north,A
ln_4cf8a8209186,2022-10-31,0,71259.22,22.15,16228.89,10.76,60,<1y,6.75,west,B
ln_1e26aa69be2f,2022-05-31,0,26588.34,25.37,13054.98,13.329,36,1-3y,7.87,west,A
ln_5a3807c1357e,2023-03-31,0,51565.26,30.85,13424.28,13.834,60,5-10y,18.58,north,A
ln_357529b5ed7a,2023-03-31,0,41223.77,28.44,17785.39,16.189,36,1-3y,16.37,south,B
ln_215352be13e2,2022-09-30,0,48828.56,19.37,15284.45,11.126,36,<1y,9.99,east,A
ln_c3dd70410844,2023-11-30,0,59917.09,38.23,9329.03,14.814,60,10y+,18.74,west,A
ln_cf69b6905315,2023-12-31,0,64248.17,7.62,13084.71,7.46,36,5-10y,17.2,south,A
ln_46bc847954dd,2023-07-31,0,54171.62,24.88,31206.62,12.992,36,1-3y,24.02,west,B
ln_c1b73ace5361,2022-07-31,0,46538.82,30.01,5036.85,14.006,60,1-3y,8.56,north,B
ln_1ee1f07639a7,2023-01-31,0,85038.65,16.17,34499.72,10.116,36,1-3y,15.54,north,A
ln_772a91e74df7,2023-07-31,0,100361.63,21.83,6462.78,14.401,60,10y+,15.83,south,A
ln_f2c3d2e2ec8d,2022-08-31,1,44020.82,29.16,36171.07,14.496,36,1-3y,17.76,west,A
ln_b62df3a35a01,2022-12-31,0,54331.06,19.88,5617.32,12.762,36,10y+,11.87,north,B
ln_2eebaf67440c,2023-03-31,0,49792.66,29.5,36645.81,12.563,36,10y+,25.28,south,B
ln_5b9b392196a8,2022-03-31,0,55881.49,28.41,19280.09,14.68,60,3-5y,12.36,west,A
ln_359e804f9df0,2022-08-31,0,20183.07,20.79,15359.83,8.542,36,10y+,20.04,south,B
ln_60bf60890be3,2022-01-31,0,160157.4,26.25,20856.78,14.889,60,<1y,8.23,east,A
ln_7cf6f925f02e,2023-10-31,0,97251.46,22.95,21625.32,12.06,60,10y+,12.2,south,A
ln_ee097f82098e,2022-11-30,0,45392.78,21.76,8262.77,13.685,36,10y+,14.82,south,A
ln_06efc1edea11,2022-10-31,1,52499.14,18.9,21749.82,12.135,60,<1y,7.49,north,A
ln_72f91073340a,2022-05-31,0,95250.67,36.24,16485.64,18.156,36,1-3y,10.35,west,B
ln_272d2ffb8c59,2022-11-30,0,75482.38,20.11,11683.67,9.44,36,3-5y,10.23,south,B
ln_3287aec93843,2022-08-31,0,48701.28,15.25,16372.78,16.402,60,3-5y,7.98,west,B
ln_a8258aac8f16,2022-04-30,1,36986.24,17.41,19462.81,12.804,36,<1y,7.86,south,A
ln_e4bc5bc773ab,2023-06-30,0,44807.04,7.07,37833.34,10.085,36,<1y,10.2,south,A
ln_3c239d7587d8,2023-02-28,0,92995.66,18.63,14019.86,10.917,36,1-3y,11.22,south,B
ln_791ce93679e7,2022-01-31,0,62541.8,24.63,22693.5,12.657,36,5-10y,15.17,west,B
ln_0d9433236a79,2022-07-31,0,93760.02,25.43,16425.08,14.458,60,5-10y,8.99,west,A
ln_9b0f83526a55,2022-09-30,0,34415.07,20.28,6513.84,9.86,60,3-5y,12.46,north,A
ln_57663d43b108,2023-07-31,1,61600.45,22.81,19666.36,11.142,36,1-3y,8.05,south,A
ln_6ca2e469258e,2023-10-31,1,125350.56,21.31,24538.31,10.234,60,3-5y,13.92,east,A
ln_7f677340e5f2,2023-08-31,0,112473.37,10.11,9254.63,8.815,36,3-5y,12.34,north,B
ln_19dcc45865eb,2023-04-30,0,94027.05,11.31,23235.05,8.844,36,1-3y,14.12,west,A
ln_7fe48457dfbf,2023-08-31,0,36173.0,18.66,26416.6,9.768,36,10y+,13.3,west,B
ln_5f946d2c9452,2022-07-31,0,79607.77,21.22,12898.7,11.427,36,10y+,12.37,west,B
ln_7fa9c0116753,2022-01-31,0,19919.38,17.37,25384.38,13.413,36,1-3y,6.83,west,B
ln_23bc46a25a98,2022-09-30,0,74141.47,24.82,12675.74,11.986,36,3-5y,13.45,south,A
ln_05deb324c0f7,2023-03-31,1,61148.91,16.5,23934.87,12.046,36,1-3y,8.89,east,A
ln_83ea051803cb,2023-03-31,0,279721.29,6.51,46001.6,6.899,36,10y+,23.94,west,A
ln_5a97871d8979,2022-06-30,0,48577.99,6.83,11543.24,12.682,60,1-3y,8.18,north,B
ln_c1d18c941703,2023-04-30,0,75172.72,0.5,22701.39,3.525,36,5-10y,10.4,north,A
ln_f25546910860,2022-07-31,0,47010.1,20.42,8209.18,11.779,36,3-5y,10.51,north,B
ln_e9d433863d46,2022-05-31,0,144175.24,21.53,24721.26,12.086,36,3-5y,17.22,north,B
ln_bfd09247f8b8,2023-09-30,0,83003.22,9.85,37302.07,5.633,36,10y+,8.06,north,B
ln_48aeda65f905,2023-03-31,1,26423.24,25.74,7769.62,10.734,36,1-3y,9.92,east,B
ln_bb13a1e018b5,2023-06-30,0,120535.42,13.14,45531.28,10.03,60,1-3y,3.89,north,A
ln_96f6ab5b364c,2022-04-30,0,97814.51,28.49,11469.86,16.016,36,5-10y,12.57,east,B
ln_276ba64acedb,2022-07-31,0,59231.54,18.0,11320.85,10.186,36,3-5y,8.94,west,B
ln_42ae20bb4b56,2023-08-31,0,119146.44,30.84,22383.47,18.597,36,3-5y,14.83,south,A
ln_05483c007bbc,2022-04-30,1,49413.08,21.09,40140.17,12.969,60,5-10y,8.11,west,B
ln_b36712917425,2022-05-31,0,92290.02,28.94,6931.43,13.991,36,10y+,24.54,north,B
ln_afdaa039cf83,2022-03-31,0,61390.2,34.2,23762.46,15.604,36,<1y,9.43,east,A
ln_2227fc19364e,2023-11-30,0,60904.99,17.73,37817.87,10.105,36,5-10y,9.99,east,A
ln_d87fc70a1247,2023-12-31,0,98800.76,23.31,10857.11,11.266,60,10y+,18.91,west,B
ln_ab97e1293a4f,2022-07-31,0,87802.99,18.16,28614.21,12.927,60,3-5y,13.62,east,A
ln_fc43f7e2cd56,2022-09-30,0,46518.31,20.39,15218.87,11.761,36,5-10y,16.8,north,A
ln_86b2cec5f903,2023-09-30,0,53182.62,23.45,10515.2,12.262,36,5-10y,13.77,south,B
ln_e68584e47245,2022-06-30,0,36232.2,33.37,49560.57,18.225,60,<1y,9.8,south,B
ln_d6b4b0fc58e6,2022-01-31,0,60746.03,28.35,15293.41,15.705,36,<1y,6.94,south,A
ln_36a5ca393ece,2022-09-30,0,48842.72,16.6,9217.81,13.535,36,10y+,11.16,north,A
ln_acd83b5a78a9,2023-01-31,0,70523.93,27.53,7284.38,14.035,60,3-5y,9.19,south,A
ln_c15e0992e347,2023-01-31,0,71277.7,16.67,23401.54,10.273,36,<1y,15.5,north,B
ln_e3f3ff710905,2023-02-28,0,85213.38,29.89,13200.59,14.616,36,3-5y,11.3,north,B
ln_30cb44e92ad4,2022-09-30,0,56172.79,8.64,5103.25,3.786,36,5-10y,11.04,west,B
ln_23fa9b10819b,2022-02-28,0,40600.56,14.01,23899.39,7.942,60,<1y,15.34,south,A
ln_4ef28a7acc3e,2022-11-30,0,48086.88,20.31,27812.57,13.243,60,<1y,6.89,east,A
ln_de342914a7f6,2023-11-30,0,52406.88,33.22,3774.28,15.325,60,<1y,22.03,north,A
ln_f31be311a98d,2023-07-31,0,104985.98,25.63,35116.56,12.823,36,10y+,10.13,east,B
ln_61c544db381b,2023-10-31,0,62532.45,16.57,25921.59,10.168,60,1-3y,21.54,north,B
ln_f9f99bfbcabe,2022-07-31,0,97309.71,20.32,15703.02,13.13,60,1-3y,9.12,west,B
ln_38d20d7fe512,2022-04-30,0,117888.97,11.52,10107.32,10.969,36,1-3y,8.36,south,A
ln_b93f8e79aa37,2022-02-28,0,30656.14,29.67,13028.62,15.762,60,3-5y,21.07,east,B
ln_05c4ed9552da,2022-03-31,0,41158.18,36.08,10131.39,12.889,60,10y+,27.35,north,B
ln_bc39ee98aefd,2022-07-31,0,76663.65,21.98,8842.34,10.174,36,3-5y,20.35,north,A
ln_02d336c07faa,2022-04-30,0,32887.71,21.87,16936.11,10.778,60,3-5y,18.05,north,A
ln_cbd65048880e,2022-02-28,0,58524.25,18.53,24536.46,8.447,36,10y+,22.54,east,A
ln_941c007c6468,2022-01-31,0,96273.21,15.15,8870.83,8.577,36,<1y,16.95,east,A
ln_d48764b10179,2023-06-30,0,37311.9,20.02,23326.84,8.059,36,3-5y,22.68,north,B
ln_cdce0ac14420,2022-12-31,0,93054.63,16.2,28667.1,8.65,36,3-5y,19.25,north,A
ln_d95f4bf43093,2022-10-31,0,47537.92,24.61,13693.03,12.446,36,5-10y,9.65,west,B
ln_6217cb3c5fdb,2022-09-30,0,28529.47,14.48,18357.51,12.266,60,1-3y,11.09,east,A
ln_6c91300ad099,2022-03-31,0,98898.81,7.89,5794.16,11.81,60,5-10y,6.57,east,A
ln_f6db0aca3fff,2022-04-30,1,94501.05,10.79,50932.94,10.949,60,10y+,11.09,west,A
ln_8375ab76e9e0,2022-06-30,0,128767.51,23.3,10425.52,11.474,60,10y+,10.25,east,A
ln_24dcc5d77c5f,2023-06-30,0,55036.29,30.13,8147.97,18.8,36,3-5y,10.82,north,A
ln_b70b7b4e0e79,2022-05-31,0,77016.02,22.62,57227.6,10.289,36,3-5y,15.78,east,A
ln_14a12c693810,2023-06-30,0,74477.65,17.04,11699.9,12.011,36,1-3y,11.75,east,A
ln_b619aa1e347e,2023-07-31,1,88488.37,22.9,9252.78,11.382,36,3-5y,12.9,north,A
ln_1f68e5c2ac97,2023-01-31,0,51802.31,11.22,9650.61,3.69,36,10y+,16.05,east,B
ln_989307b8f26e,2023-01-31,1,33946.97,23.12,22543.41,9.109,36,5-10y,14.36,north,B
ln_71db2bb9d495,2022-07-31,1,32406.46,36.08,6411.27,16.896,36,<1y,7.92,north,A
ln_b3592512c568,2022-09-30,0,46582.58,8.26,16591.34,6.717,36,10y+,19.67,west,A
ln_7270e66efb68,2022-08-31,0,78659.41,21.65,5179.81,13.167,36,<1y,8.55,north,A
ln_6bf2939d6e64,2023-12-31,0,76444.93,24.63,11368.64,12.197,36,3-5y,9.74,north,B
ln_d7bd462d36b5,2022-03-31,0,27991.76,25.81,15334.0,9.856,36,3-5y,15.04,north,A
ln_e168a281e410,2022-05-31,0,93336.58,14.76,16366.3,9.644,36,5-10y,14.58,west,B
ln_e3e2a33b3ce9,2023-02-28,0,21671.02,14.23,32414.8,6.725,60,<1y,12.36,west,A
ln_c7fc82606fc4,2022-08-31,0,85144.06,20.4,10059.12,12.211,60,5-10y,14.41,west,B
ln_ab0e54042b71,2022-06-30,0,68142.34,19.89,16115.52,13.504,36,1-3y,4.97,north,B
ln_bccc2a513be4,2023-07-31,0,40048.19,36.02,21044.74,19.77,36,5-10y,15.53,south,A
ln_273af57fb668,2023-02-28,0,90503.96,15.84,12094.85,10.851,36,1-3y,7.36,west,A
ln_10f95e417212,2023-03-31,0,223665.67,21.0,10886.64,11.19,36,1-3y,7.84,west,A
ln_9c9cab3b8264,2022-04-30,0,57433.2,31.37,9077.48,13.695,36,3-5y,15.59,south,A
ln_062aff486b29,2023-07-31,0,65850.08,4.25,6047.67,8.621,60,3-5y,8.25,west,A
ln_b70c03502b23,2023-04-30,1,109101.79,30.58,20385.42,15.415,36,1-3y,9.87,north,B
ln_bfdcca8d0aa4,2023-06-30,0,89181.94,15.41,30132.43,10.367,36,3-5y,19.42,east,A
ln_bcf118ac5e68,2022-01-31,0,47013.3,21.1,25114.88,10.181,36,1-3y,14.43,east,A
ln_6fd236b8319d,2022-11-30,0,73895.96,13.91,7873.78,10.474,36,<1y,12.85,east,A
ln_827042af5508,2023-03-31,0,173753.67,22.99,21654.9,13.717,36,<1y,9.04,west,A
ln_d517719e139a,2023-06-30,0,43266.61,33.2,19836.8,15.58,36,5-10y,18.46,south,A
ln_063f569340e9,2022-05-31,0,43553.68,13.12,14019.07,6.132,36,3-5y,10.72,west,B
ln_3eabc92a4a57,2022-02-28,0,78459.39,32.67,20189.64,16.174,36,3-5y,16.98,north,B
ln_4914edf06cca,2022-06-30,0,153838.19,18.34,19096.48,8.373,36,3-5y,13.86,south,B
ln_0fa1e3e1320f,2023-07-31,0,52946.35,8.26,29307.41,5.267,36,1-3y,19.3,west,A
ln_0ea3c1a4c1ea,2022-10-31,0,115460.65,15.3,38985.64,10.953,36,<1y,4.73,east,B
ln_1a958dd5fb5a,2023-11-30,1,29606.77,32.24,38691.97,13.982,36,3-5y,25.8,north,A
ln_a13d027a3687,2023-04-30,0,95193.63,14.74,60473.26,7.41,36,10y+,17.19,east,A
ln_db899911f24a,2022-12-31,0,69505.1,27.86,22712.21,12.645,36,1-3y,16.74,south,A
ln_8aa1fbb629b5,2022-12-31,0,40506.27,25.41,26572.64,12.552,36,1-3y,8.24,west,B
ln_798764e26579,2022-09-30,1,38494.28,25.89,21392.18,14.104,36,1-3y,13.49,west,B
ln_93107614b0bb,2023-06-30,0,48863.89,15.54,18994.69,9.595,36,<1y,7.81,west,B
ln_769733e0c4d5,2022-07-31,0,43931.4,29.04,53014.85,15.017,36,10y+,20.35,north,B
ln_57bae910a9d7,2022-10-31,0,89175.69,19.88,10314.11,12.631,60,5-10y,9.48,north,A
ln_d62727b5a812,2022-07-31,0,65537.37,15.31,7418.91,9.598,36,10y+,23.94,south,B
ln_2cb73d108e97,2023-07-31,1,69086.75,50.65,11110.75,19.602,36,5-10y,13.75,north,A
ln_191a6ad2afc3,2022-12-31,0,64436.34,14.85,16427.6,7.435,36,<1y,16.17,east,B
ln_ce5fc415865e,2022-08-31,0,149574.99,29.64,8471.13,16.288,60,5-10y,18.51,north,B
ln_21ea7a425fef,2023-07-31,0,89103.14,13.57,5019.37,8.312,36,1-3y,8.01,north,B
ln_c8f9e3202772,2022-09-30,0,93957.31,22.75,41529.47,13.301,60,1-3y,8.21,west,B
ln_22718dfcc40d,2023-05-31,0,104714.16,13.41,22272.57,8.412,36,5-10y,12.57,south,B
ln_3b3e716a9bb3,2022-11-30,0,33682.26,20.52,10155.53,8.892,36,10y+,15.42,east,A
ln_3a0dabb267ed,2023-02-28,0,56773.57,22.64,18430.54,16.188,36,3-5y,10.11,south,A
ln_aa945c1a008e,2022-12-31,0,67019.23,22.59,8562.13,13.464,60,1-3y,11.37,west,B
ln_691a650a96eb,2022-11-30,0,119079.77,17.8,27838.0,9.495,36,10y+,19.35,west,A
ln_09b9d860d772,2023-08-31,0,60921.45,10.73,16405.32,12.524,60,5-10y,7.47,west,A
ln_968fbd024cdc,2023-07-31,0,66997.98,0.5,7122.98,6.49,60,1-3y,9.47,west,A
ln_85942a5a5326,2023-12-31,0,114984.19,23.12,21077.34,11.232,36,1-3y,12.48,south,B
ln_709d8beca8e2,2022-06-30,0,60146.46,17.44,15147.56,9.434,36,10y+,14.31,east,A
ln_8b54b726c731,2023-10-31,0,25066.6,12.07,7346.4,11.157,36,5-10y,10.61,east,A
ln_ec1eff5669b4,2023-09-30,0,165996.21,18.37,12673.51,10.414,60,1-3y,9.69,east,A
ln_d0d9b9fe764a,2022-03-31,0,26510.67,9.11,9597.48,11.569,36,3-5y,14.08,west,A
ln_93d0dccf7ab4,2023-12-31,0,80142.97,17.97,18810.25,9.878,36,5-10y,19.2,north,A
ln_abcc378edabe,2023-03-31,0,26489.91,31.56,6782.5,15.616,36,1-3y,8.31,south,A
ln_d3c000de7d86,2022-05-31,0,24277.72,18.36,2249.69,10.409,60,5-10y,24.46,south,A
ln_6832e63a44b7,2022-01-31,0,132258.46,15.99,7434.43,10.48,36,5-10y,8.02,west,A
ln_3053319247fc,2022-09-30,0,71711.36,9.14,51400.27,8.494,36,10y+,16.24,north,A
ln_91ddae557a83,2023-06-30,0,61496.15,9.82,7400.47,9.139,36,10y+,14.84,north,A
ln_f3185eafaf05,2023-08-31,0,148591.1,5.12,26087.18,8.058,60,10y+,13.41,east,A
ln_3bb6d28ed167,2022-10-31,0,35603.31,14.65,14306.57,7.893,60,5-10y,23.48,east,B
ln_eb1bc39d6988,2023-01-31,0,46732.02,15.21,12368.66,8.723,60,<1y,21.27,south,A
ln_46a793b2dfd6,2023-06-30,0,22751.42,26.46,14209.5,15.257,36,<1y,4.98,west,A
ln_f8627d988758,2023-03-31,0,41528.2,10.26,3742.35,5.908,36,10y+,17.87,south,B
ln_955f80933e12,2022-07-31,0,122052.68,10.49,21981.82,9.825,60,<1y,7.34,east,B
ln_d9662b816732,2022-04-30,0,45386.21,12.08,18349.59,10.05,36,3-5y,8.58,east,B
ln_8502ecb79a8b,2022-01-31,0,84331.36,13.5,13822.6,8.989,36,3-5y,17.76,north,A
ln_f9f690264edb,2022-03-31,0,73005.86,24.53,8171.76,13.751,36,<1y,15.01,east,B
ln_82cba209067a,2022-06-30,0,67915.39,31.84,14167.92,18.897,36,<1y,6.31,north,A
ln_b9c3e4d5bec1,2022-12-31,1,41026.38,22.94,10115.59,16.474,36,5-10y,12.79,south,B
ln_d09afd7c673d,2022-04-30,0,69031.6,14.69,13375.92,5.684,60,10y+,13.7,west,A
ln_b0ff2c64f081,2023-04-30,0,57922.0,36.92,9870.45,14.57,36,3-5y,9.33,south,A
ln_805b8a9d1892,2022-09-30,0,28129.15,16.95,10057.19,10.058,36,1-3y,9.44,south,A
ln_28eca6903d78,2022-12-31,0,64828.08,21.93,8018.42,12.552,36,5-10y,12.47,south,B
ln_d9b0db56818e,2023-08-31,0,19937.29,22.71,6779.44,13.12,60,1-3y,11.69,west,A
ln_253e9da4ef41,2022-12-31,0,126891.67,11.89,21980.38,9.527,60,5-10y,19.98,south,A
ln_d119e29d517d,2023-08-31,0,88258.84,27.39,9465.53,10.339,60,5-10y,11.59,north,B
ln_563dbae11bcb,2022-03-31,0,48364.44,18.69,7681.57,7.593,36,10y+,21.25,south,A
ln_4fa4fca07972,2022-11-30,0,90274.18,9.53,6507.67,6.802,36,1-3y,11.06,east,A
ln_9d50c22e0c3f,2023-11-30,0,69788.39,18.77,19737.84,11.032,36,3-5y,14.24,south,B
ln_6afd498934bc,2022-02-28,0,53974.29,18.75,15517.19,10.058,36,<1y,16.74,north,B
ln_774541403fe4,2023-05-31,0,58468.07,14.8,23254.58,7.88,36,3-5y,10.06,east,B
ln_8caa36908911,2022-02-28,0,64319.2,19.41,14463.48,10.587,36,3-5y,16.68,north,A
ln_ade7f812e2a1,2023-07-31,0,31177.09,28.13,8626.02,15.125,36,10y+,9.96,north,B
ln_317545caf477,2022-10-31,0,55050.58,16.68,16740.68,9.995,36,1-3y,9.27,west,A
ln_bb71b76ee0df,2022-11-30,0,95313.1,17.01,24656.42,14.714,36,3-5y,17.76,north,B
ln_bf70efbd9560,2022-08-31,0,31316.03,24.61,23399.86,16.827,60,10y+,19.25,north,B
ln_2a798331ac4e,2022-02-28,0,107960.71,15.14,3393.96,11.98,36,1-3y,9.0,west,A
ln_03f1aac6fa50,2023-07-31,0,49506.64,7.96,10336.52,6.321,60,10y+,10.32,south,A
ln_93c5f30ea490,2023-11-30,0,130158.43,17.11,10506.28,12.006,36,<1y,11.85,west,A
ln_0572387ce667,2022-12-31,0,50128.46,30.59,4073.64,14.496,60,10y+,16.32,north,A
ln_4c8c289926ee,2023-06-30,0,36700.58,15.14,33241.72,9.87,36,10y+,11.97,west,A
ln_d55e2f50f65e,2023-08-31,0,74676.86,29.25,44334.41,11.575,60,1-3y,19.93,south,A
ln_1de6a7bc0ae3,2022-11-30,0,48911.3,30.61,13765.69,16.841,60,10y+,15.91,east,A
ln_1d482ccf48bd,2023-02-28,1,20008.81,18.91,6003.93,10.421,36,10y+,12.9,west,A
ln_68ad6df4ac0d,2023-01-31,0,76881.85,21.61,9134.91,10.693,60,10y+,11.44,east,A
ln_6452a549ab44,2023-10-31,1,48178.77,15.69,6669.71,7.157,36,<1y,6.01,south,A
ln_23ba2068af9a,2022-12-31,0,59967.88,22.89,7249.98,15.096,36,3-5y,12.64,north,B
ln_ef255ad833e3,2022-02-28,0,102831.56,12.2,28936.72,6.161,36,10y+,9.3,west,A
ln_346b3abf6189,2022-08-31,1,53843.14,12.01,28520.09,11.85,36,5-10y,14.75,west,A
ln_a31a8fb11f58,2022-09-30,0,124181.04,24.77,18460.91,13.441,60,1-3y,8.4,west,A
ln_af35120eb0ee,2023-06-30,0,50796.99,11.5,58033.05,8.603,36,3-5y,9.95,west,A
ln_a3b7909b5a06,2022-06-30,0,42893.09,20.68,11511.91,12.67,60,1-3y,9.56,west,B
ln_ff6e8c5826ce,2023-04-30,0,67029.52,24.81,16979.2,14.511,36,5-10y,10.26,north,A
ln_f734b8d14dee,2023-12-31,0,76495.13,42.17,10077.11,16.339,60,1-3y,13.67,south,B
ln_63ac06916740,2023-06-30,0,153489.64,26.24,13299.7,16.002,36,10y+,20.2,east,B
ln_dae5b41e35da,2023-09-30,0,42532.13,20.32,13953.49,10.652,36,1-3y,12.42,west,A
ln_9f4cf528632b,2023-11-30,1,61181.65,26.56,25796.22,14.727,60,1-3y,15.3,south,A
ln_e5b15f587ab5,2023-10-31,0,43667.95,29.59,11470.89,15.339,60,3-5y,7.2,south,A
ln_fde051063ae5,2023-06-30,1,49363.25,20.91,17521.55,12.46,36,5-10y,14.32,east,A
ln_bd5cab0e14b6,2022-01-31,0,31747.29,12.8,11374.33,10.541,36,1-3y,14.18,west,A
ln_74394ea2d12b,2022-03-31,0,25018.89,15.76,14294.12,13.876,60,3-5y,11.83,east,A
ln_890d1d9234ae,2023-11-30,0,118758.57,9.81,16587.43,6.72,36,<1y,14.36,south,A
ln_a9de82048b2a,2023-01-31,0,102594.4,21.19,15595.84,11.656,60,1-3y,18.37,north,B
ln_0b697d9c3214,2023-10-31,1,60507.65,25.83,24503.77,15.853,36,<1y,7.67,west,A
ln_eb3f920e449b,2022-01-31,0,77631.47,23.66,14007.97,12.458,60,3-5y,13.7,north,B
ln_019e5a953624,2022-05-31,0,86311.02,14.59,5180.83,10.209,36,1-3y,4.34,north,A
ln_eae17b32f554,2022-09-30,0,48821.21,8.5,12852.08,9.991,36,5-10y,9.47,east,A
ln_7d61907844b4,2023-05-31,0,42277.14,18.94,13767.08,9.182,36,3-5y,20.69,north,A
ln_2a1f13cb2973,2023-07-31,1,53495.26,27.9,7846.91,12.041,36,1-3y,6.2,north,A
ln_1574b4fe6156,2022-02-28,0,64705.08,17.96,23295.13,10.043,36,1-3y,16.74,east,B
ln_21296625519b,2023-02-28,0,59608.7,11.13,8470.52,8.594,36,1-3y,14.32,west,A
ln_28016413d06a,2023-04-30,0,73870.19,35.73,18242.04,14.098,60,10y+,13.49,west,A
ln_2aca446ec5d6,2023-03-31,0,121537.92,18.55,10090.05,10.03,36,3-5y,9.56,east,B
ln_e9e90f856944,2022-04-30,0,42395.87,22.74,11694.82,16.458,60,10y+,15.98,south,A
ln_cdada2295070,2022-01-31,0,26600.02,13.87,4100.1,10.011,36,1-3y,10.34,west,A
ln_5ea625039251,2023-09-30,0,63273.36,21.3,13651.01,13.403,36,3-5y,7.31,east,A
ln_fb5feb4336e2,2022-03-31,0,39090.27,28.54,9711.32,16.054,36,1-3y,8.51,north,B
ln_f3591153c7fc,2022-10-31,0,52614.11,34.4,27417.3,14.361,36,1-3y,9.45,west,B
ln_e91ebd0d85d9,2022-02-28,0,62864.4,31.33,19535.66,14.452,36,5-10y,6.16,east,A
ln_8459fbcd84ea,2023-02-28,0,57768.99,16.81,51865.97,7.749,36,3-5y,15.22,west,A
ln_d64ea601c6cb,2023-12-31,0,43969.87,20.5,4710.64,9.405,36,10y+,12.48,west,B
ln_399f6d6cf4b8,2023-02-28,0,31382.92,9.52,36409.05,8.056,36,3-5y,15.1,east,B
ln_51077ce97745,2022-09-30,0,60088.71,23.39,4479.69,10.657,36,5-10y,9.7,east,B
ln_10b85a6d38a8,2022-09-30,0,61911.39,24.44,35404.66,17.417,36,3-5y,13.43,north,A
ln_e41f5d324244,2022-12-31,0,124752.8,26.32,6976.64,15.862,60,3-5y,13.26,south,B
ln_a3272f22231a,2022-07-31,0,59078.37,16.69,7566.23,10.686,36,3-5y,5.45,east,A
ln_3409489076bf,2023-10-31,1,30538.9,29.95,7864.9,11.285,36,5-10y,23.33,north,A
ln_f710679394b0,2022-06-30,0,60447.94,16.23,10168.64,7.295,36,1-3y,9.66,east,A
ln_fd323184e2b2,2023-08-31,0,31033.83,14.71,8109.52,10.395,36,1-3y,5.37,east,A
ln_a0e0e09046d1,2022-03-31,0,80427.22,16.17,8753.68,15.044,60,1-3y,7.45,west,B
ln_cb751ad8439a,2022-07-31,0,28134.05,18.57,19528.72,10.696,36,5-10y,17.1,east,B
ln_761036e15c07,2023-11-30,0,81644.44,11.68,10296.92,6.667,36,5-10y,13.23,west,A
ln_232aa5008f2a,2023-09-30,1,135835.51,31.05,18202.93,14.139,36,10y+,24.66,north,B
ln_e9455bd8b433,2022-05-31,0,24910.75,22.79,20913.88,9.616,36,3-5y,15.19,west,A
ln_69d98749e922,2022-11-30,0,43387.58,28.01,8545.43,12.312,36,1-3y,14.87,north,A
ln_0dadd628075a,2022-07-31,0,97137.8,14.13,23650.74,8.323,60,1-3y,16.34,west,B
ln_e48d2244c805,2023-08-31,0,49097.7,35.18,8987.36,13.147,36,1-3y,11.34,north,B
ln_26d92375de39,2022-11-30,0,108582.78,31.64,30310.65,15.848,60,<1y,13.08,east,B
ln_2738b4640f76,2022-05-31,0,68699.33,20.5,15497.0,11.956,36,10y+,15.21,south,B
ln_5a3c3ee252f4,2022-04-30,0,67924.74,20.8,9935.97,11.069,36,1-3y,19.6,north,A
ln_8feeb480b83e,2023-06-30,0,35176.2,30.9,12084.42,12.84,36,1-3y,15.57,north,B
ln_3a803948f406,2022-06-30,0,14189.72,9.76,11586.56,8.628,36,1-3y,10.85,east,A
ln_5cd83f62d11f,2022-11-30,0,60304.6,15.64,18989.54,13.029,36,3-5y,6.54,west,B
ln_1871d63084c2,2023-10-31,0,68706.66,23.79,23308.53,16.425,36,10y+,12.55,south,A
ln_f615c7deb7b2,2023-02-28,0,51203.47,12.37,30483.4,11.067,36,1-3y,12.43,south,A
ln_7bfdd1be0955,2023-01-31,0,40681.02,11.07,18482.83,7.629,60,<1y,14.49,east,B
ln_c35565ff4fec,2023-09-30,0,45333.7,21.6,11788.57,12.105,36,1-3y,7.91,south,A
ln_3e6e86766483,2023-03-31,0,85174.99,20.25,24467.93,14.337,60,10y+,8.87,south,A
ln_b0c030e3a877,2023-04-30,0,76616.83,19.49,10177.56,10.822,36,10y+,13.39,west,B
ln_9f3bbb5ccc7b,2023-06-30,0,44251.35,27.42,34662.79,11.707,60,5-10y,10.26,east,A
ln_f8befd2efe6d,2022-03-31,0,62382.43,22.62,13685.22,11.746,36,1-3y,14.45,south,A
ln_cf203d6798aa,2022-05-31,0,59944.14,27.84,15830.85,10.93,36,1-3y,9.87,south,A
ln_f2c19c220a6d,2022-10-31,0,42296.61,11.02,10599.79,9.602,60,1-3y,19.13,west,A
ln_8e05c039ea4f,2022-01-31,0,31406.4,18.97,31258.63,8.254,36,1-3y,14.48,south,A
ln_ad81775aae8c,2023-03-31,0,119444.37,18.55,23928.42,12.163,60,1-3y,10.67,west,B
ln_c7c28d97fbb9,2022-03-31,0,64890.02,24.27,27925.6,15.582,36,1-3y,9.01,north,A
ln_1d8fb122b461,2022-09-30,0,48733.54,22.52,4586.63,13.108,36,1-3y,6.18,east,B
ln_15c3f3c27bac,2022-01-31,0,46216.68,18.59,11598.99,11.534,60,5-10y,14.99,south,B
ln_bff848fd811a,2022-09-30,0,68699.62,13.3,17408.94,7.054,36,<1y,12.89,west,B
ln_5aa4a6c9442d,2022-07-31,0,39073.11,25.05,8764.44,14.363,60,10y+,13.44,west,A
ln_80f5932506d8,2023-04-30,0,108029.01,19.04,42453.1,12.036,36,3-5y,13.11,east,A
ln_62cc37aef32b,2022-01-31,0,101788.57,7.32,21514.71,10.105,36,5-10y,10.93,east,B
ln_5cce96993a63,2023-09-30,0,50161.53,14.96,18235.17,14.597,60,10y+,10.88,west,A
ln_367b4b68e077,2022-04-30,0,89012.11,15.89,19124.64,13.704,60,3-5y,7.84,south,A
ln_c9e8aea74a96,2023-10-31,0,47351.17,25.32,6128.67,11.42,36,10y+,12.41,east,A
ln_ddf09dcf1f91,2023-04-30,0,144882.31,10.46,5833.94,6.534,36,10y+,14.15,south,A
ln_e53a2dfec1b7,2023-03-31,0,72148.08,17.17,48376.88,9.323,36,10y+,18.22,east,A
ln_678004f212a9,2022-11-30,0,95753.18,29.45,38288.44,14.49,36,5-10y,22.26,west,A
ln_4b8b4f19c23c,2023-12-31,0,75098.2,20.12,64751.5,8.027,60,1-3y,17.81,east,A
ln_8df7e573ce26,2022-06-30,1,101647.83,23.78,4374.89,13.252,60,<1y,10.07,south,A
ln_f2634af6983e,2023-05-31,0,51569.44,28.01,24809.34,15.59,60,1-3y,8.25,west,B
ln_a24213515822,2023-01-31,0,43323.82,20.85,6537.44,6.245,60,1-3y,15.64,west,B
ln_9e5288731673,2022-08-31,0,48245.11,19.49,12077.46,11.998,36,3-5y,13.35,west,A
ln_a06e24f8a3fb,2023-08-31,0,58470.6,21.98,13948.62,10.655,60,10y+,19.28,west,B
ln_f7fc58e01f2d,2022-11-30,0,95605.61,11.63,29005.42,9.69,60,1-3y,16.1,east,B
ln_9934ccdcaafd,2023-07-31,0,44591.3,13.85,13368.8,7.567,36,<1y,6.61,south,B
ln_4f8559e2efc5,2023-01-31,1,74729.0,30.0,10838.24,14.707,60,1-3y,14.66,north,A
ln_db87325f1c0a,2023-05-31,0,43207.31,35.49,13454.03,14.197,36,5-10y,16.67,south,A
ln_eab859617668,2022-08-31,1,43226.71,21.58,13113.63,15.685,36,3-5y,5.87,east,B
ln_b08fcfe6975f,2022-09-30,0,80427.27,25.21,16509.99,15.749,36,<1y,7.75,south,B
ln_9faef9448b31,2022-08-31,0,35204.11,16.94,34246.24,10.304,36,1-3y,9.96,south,A
ln_724f8510820f,2022-01-31,0,59916.19,24.88,5738.03,18.281,60,1-3y,6.75,south,A
ln_b88bdd62947e,2022-01-31,0,167149.62,23.68,12204.5,13.93,36,3-5y,19.73,north,A
ln_1f985e09b00e,2023-05-31,0,49794.01,23.83,22869.16,14.284,60,1-3y,10.87,east,A
ln_d38212b878c7,2023-05-31,0,107237.49,17.94,11797.12,9.805,36,1-3y,14.6,east,B
ln_470f68b2e182,2022-01-31,0,137976.94,23.99,10860.52,13.857,36,1-3y,15.53,west,A
ln_f792acfd8c12,2022-05-31,0,55593.97,27.98,7716.63,12.128,36,10y+,10.02,east,A
ln_7acccad11094,2022-08-31,0,184728.0,15.74,9032.97,10.581,36,5-10y,17.67,south,A
ln_dda4510b0380,2022-04-30,0,58827.34,10.58,24353.19,7.062,36,5-10y,13.67,north,A
ln_d55c34b34429,2022-02-28,0,40777.53,15.4,11789.67,7.699,36,<1y,21.56,west,B
ln_25b68b624855,2022-08-31,1,63362.41,36.04,12640.37,13.931,36,1-3y,7.8,south,B
ln_327f3ae8715f,2023-08-31,0,70418.55,21.27,61380.67,13.029,36,1-3y,9.1,north,B
ln_26a93b9901a9,2023-03-31,0,69686.87,4.45,49351.46,9.602,60,1-3y,15.59,north,A
ln_dc12cc1cd781,2023-04-30,1,46238.13,20.05,26958.3,12.5,36,10y+,18.21,east,A
ln_56ececdc4613,2022-11-30,0,104402.41,26.79,27447.74,10.078,36,5-10y,24.89,north,B
ln_abda19d65981,2022-12-31,1,50693.52,36.85,21634.03,18.763,60,10y+,16.61,north,A
ln_b4cbf767ef90,2022-01-31,0,67122.67,24.92,13987.78,12.13,36,10y+,19.58,west,A
ln_c837b48ecdc5,2022-06-30,0,120968.2,12.52,13081.14,10.731,36,1-3y,9.18,north,B
ln_78f1ec66319d,2022-07-31,0,78788.13,29.06,11459.04,15.555,36,<1y,9.36,east,A
ln_e1723de3bc17,2022-05-31,0,78941.07,7.25,3163.09,9.925,60,<1y,6.39,south,B
ln_9b5514b9140d,2022-09-30,0,56233.95,19.95,8594.95,7.39,36,3-5y,17.08,east,B
ln_cea59b5038cd,2022-08-31,0,62269.98,8.47,8885.95,9.791,36,3-5y,9.33,south,A
ln_d358a612e97e,2023-02-28,1,89540.75,30.29,20645.84,12.737,36,1-3y,12.62,north,A
ln_d72914f4b061,2023-01-31,0,67726.97,15.67,9654.05,11.05,36,1-3y,9.91,south,A
ln_52284deba398,2023-11-30,0,130672.07,5.83,9663.82,7.078,60,<1y,8.76,west,A
ln_2ceaeb38739f,2023-09-30,0,84474.69,26.93,25686.47,11.812,36,10y+,10.52,south,B
ln_b9ff0baada67,2022-05-31,0,38757.53,23.65,9258.57,9.287,36,1-3y,19.98,north,A
ln_b0ccd1923f43,2023-12-31,0,50819.73,24.83,8369.47,13.2,60,1-3y,16.9,east,B
ln_0b88c3726bac,2023-12-31,0,36016.99,19.03,18733.18,11.275,60,10y+,15.38,west,A
ln_4dae1d0952fa,2022-12-31,0,129245.83,14.81,27459.63,10.233,60,5-10y,11.04,east,A
ln_3184d76621af,2023-05-31,0,38117.93,20.33,12370.56,9.656,36,10y+,21.38,south,A
ln_62962c6fca57,2023-12-31,0,53504.07,16.51,11733.35,9.089,36,10y+,13.24,west,B
ln_bc114899928a,2022-07-31,0,73790.37,15.63,12827.11,7.563,36,3-5y,8.66,east,B
ln_0e4d41049a8d,2023-08-31,0,73991.58,18.33,21443.94,7.839,36,3-5y,8.94,west,B
ln_00525c0b0b42,2023-10-31,0,26229.48,17.53,37842.65,8.97,36,1-3y,12.57,east,B
ln_28d53bc686b2,2023-05-31,0,85931.21,28.59,4868.38,14.144,36,1-3y,10.41,west,B
ln_ee1a1a294c27,2023-09-30,0,104196.32,14.49,9680.78,13.29,36,10y+,21.48,west,A
ln_3571eecf8e7e,2023-05-31,0,44136.96,18.35,10288.04,9.779,60,3-5y,16.71,east,A
ln_f3ee97ef5629,2023-02-28,0,50399.2,20.99,5390.88,12.258,36,5-10y,8.96,north,A
ln_87e3d8f1b833,2023-10-31,0,94280.22,4.98,7362.66,7.243,36,3-5y,8.83,south,B
ln_b580d469b526,2022-03-31,0,26358.24,27.59,7589.2,16.937,36,10y+,22.25,east,A
ln_390486616436,2022-07-31,0,81807.33,37.6,9659.84,10.043,36,10y+,15.94,east,A
ln_644e6c0d4604,2022-10-31,0,82418.43,18.53,22194.39,11.424,36,5-10y,9.39,north,B
ln_a481db8171bf,2022-01-31,0,59402.03,22.66,18333.38,11.722,60,3-5y,15.15,west,B
ln_69d22b0d8b51,2023-06-30,1,20542.15,25.63,30133.04,17.325,36,<1y,4.93,east,B
ln_1be69eea2ca4,2022-02-28,0,57471.78,28.81,3898.51,17.059,36,<1y,9.13,east,A
ln_33142992f66e,2023-10-31,1,43335.5,27.79,43788.74,15.92,60,10y+,23.73,west,B
ln_1e5e4960d23f,2023-12-31,0,44773.37,18.93,22597.42,10.538,60,10y+,11.51,north,A
ln_f6f9d59c8b73,2022-09-30,0,68425.09,19.4,10953.26,11.856,36,1-3y,8.69,south,A
ln_1bced064cbf2,2022-06-30,0,35270.0,4.84,12040.88,11.129,36,<1y,15.66,north,A
ln_e276b41d451c,2022-11-30,1,78461.89,15.31,16740.22,6.98,60,<1y,5.7,south,A
ln_0c40495628fb,2022-07-31,0,209645.56,16.79,24997.87,9.748,36,5-10y,16.28,north,A
ln_f9b064e7b182,2022-10-31,0,47182.99,27.97,5312.47,17.009,36,1-3y,3.55,east,A
ln_5483f6a1167f,2022-05-31,0,48732.49,22.18,26135.97,8.895,36,10y+,12.75,west,B
ln_ac86b7ff7c2b,2022-10-31,0,82358.03,17.73,12467.64,9.139,36,1-3y,11.85,west,A
ln_80db6dfd992a,2023-06-30,0,60627.51,9.98,18228.45,11.732,36,3-5y,10.73,east,A
ln_1586ce214970,2023-03-31,1,166120.85,25.94,8933.19,14.067,36,1-3y,16.02,west,A
ln_028defd68b4d,2023-05-31,0,96366.16,18.26,10345.11,12.185,36,<1y,6.47,west,B
ln_59c91db18454,2023-07-31,0,68421.59,19.5,4821.96,12.951,36,5-10y,15.58,north,A
ln_a0fb2806bcb8,2023-03-31,0,51945.23,18.15,8841.55,11.43,36,1-3y,9.52,west,B
ln_99edfa71aa39,2022-04-30,0,38157.16,35.56,24115.21,13.594,36,3-5y,13.27,west,B
ln_22760fcecdb6,2023-02-28,0,27873.29,29.43,20646.11,15.786,36,5-10y,14.45,east,A
ln_b85f01616bf9,2022-12-31,0,76573.57,25.42,5387.0,12.067,36,<1y,15.2,south,A
ln_26df5d0ce7b9,2022-12-31,0,63041.3,18.06,21645.46,12.954,36,1-3y,11.44,east,A
ln_57d2a29333db,2022-03-31,0,42371.0,21.42,11880.43,11.68,36,1-3y,6.15,east,A
ln_f5b4b036353d,2023-12-31,0,80647.11,15.63,14062.77,12.101,60,1-3y,14.89,east,A
ln_6ec687997e3a,2022-09-30,0,100297.99,42.51,17516.55,16.925,36,1-3y,9.48,south,B
ln_2c8d89cd12a2,2023-11-30,0,57198.16,17.55,10113.14,14.587,60,10y+,17.59,west,A
ln_bd7c3174761d,2022-07-31,0,63106.05,16.51,14544.92,16.807,60,1-3y,9.7,south,A
ln_d6e6c9eb9c25,2022-04-30,0,68851.85,21.2,12220.81,12.986,60,3-5y,15.44,east,B
ln_b2484f2dbefa,2023-09-30,0,92542.33,17.6,5955.52,10.094,36,1-3y,8.84,north,B
ln_b615e382fa62,2023-10-31,0,79299.17,19.1,11497.35,9.771,36,10y+,20.95,west,A
ln_7e711ec690ae,2022-02-28,0,42491.49,12.96,11101.39,12.326,36,10y+,12.46,north,B
ln_78221e9874db,2022-04-30,0,39900.4,32.35,10132.64,16.295,36,5-10y,13.67,north,A
ln_a4e9f92b9565,2022-06-30,0,71931.61,23.72,11488.85,12.483,60,1-3y,18.64,west,A
ln_88fab1989cf8,2023-08-31,1,45701.81,21.06,13495.59,14.31,60,10y+,19.74,west,B
ln_68cc04d738d1,2022-11-30,0,43016.48,6.98,6327.2,8.677,36,1-3y,10.34,south,B
ln_09a77d77d674,2022-12-31,0,67655.62,21.98,38045.0,11.163,36,1-3y,15.25,east,B
ln_261dd3a62ac3,2023-08-31,0,61205.71,4.96,39117.03,6.013,36,10y+,16.26,south,A
ln_eb2e7562e0c8,2022-06-30,0,34501.66,23.76,21735.86,13.109,36,1-3y,17.62,north,A
ln_be764036cbd8,2022-09-30,0,73161.99,16.58,14407.75,10.244,36,<1y,14.7,south,B
ln_c15645826a6e,2022-07-31,0,129089.22,22.47,21213.2,13.387,36,10y+,10.96,north,A
ln_007c29b76c9a,2022-09-30,0,21940.41,16.63,8600.01,11.763,36,5-10y,9.6,north,A
ln_1e3df11f29ab,2023-09-30,0,67376.03,33.2,29674.95,11.949,36,5-10y,12.16,south,A
ln_7a881eb39af3,2022-02-28,1,57590.7,22.87,18751.15,13.358,36,3-5y,5.83,east,B
ln_78f0d4f56637,2023-07-31,0,49137.15,9.22,16516.31,10.324,60,1-3y,4.29,west,A
ln_421166a6f5e4,2022-08-31,0,81334.41,20.52,16366.5,13.686,36,1-3y,6.34,east,B
ln_7dde2bde2c28,2023-04-30,0,52473.03,20.62,11668.23,12.598,36,5-10y,12.13,south,A
ln_2e0f5104529c,2023-02-28,1,47451.63,22.87,60459.34,12.384,60,3-5y,15.56,south,A
ln_291f48770936,2023-08-31,0,71058.1,16.3,11965.6,13.925,60,1-3y,8.63,north,A
ln_dc7e0026868e,2022-06-30,0,59316.15,28.74,17661.89,15.448,60,<1y,6.02,east,A
ln_b0955a30d996,2022-01-31,0,42037.64,32.69,7145.14,13.108,60,3-5y,15.71,north,B
ln_9d490a78c496,2022-04-30,0,40911.17,10.41,24015.5,7.632,60,10y+,15.54,east,B
ln_2f3c9e5757f0,2023-04-30,0,43440.51,16.32,8778.96,14.091,60,1-3y,6.87,east,A
ln_4cf41affbe29,2022-12-31,0,43308.82,28.41,11553.55,15.767,36,5-10y,14.08,west,B
ln_1ad1dbcd3d14,2023-12-31,1,42979.16,27.67,11681.73,16.359,36,5-10y,16.76,north,A
ln_968e2bf01cc5,2022-09-30,0,83624.98,16.95,11589.89,11.557,36,10y+,15.01,north,A
ln_aedb0325f252,2023-08-31,0,89759.18,19.24,21307.33,13.487,60,5-10y,7.75,east,A
ln_b90056e4d50b,2022-11-30,0,78518.58,17.68,10346.84,10.152,60,5-10y,8.18,north,A
ln_6efda1aa2ec1,2022-12-31,0,48155.32,23.83,14041.25,10.131,60,10y+,11.61,south,B
ln_c762d1560c66,2023-01-31,0,53038.41,28.64,15073.92,13.825,60,5-10y,18.44,north,B
ln_ddb73ffc87c8,2022-01-31,0,31963.08,14.5,56859.91,14.546,36,3-5y,9.43,south,A
ln_b92fe68c51fd,2023-06-30,0,70911.81,25.71,45102.28,14.583,60,3-5y,23.78,north,A
ln_c59e39d07636,2022-11-30,0,51291.82,19.95,7715.97,11.655,36,10y+,16.0,north,A
ln_c75e722652be,2022-04-30,0,53984.23,16.8,13651.57,9.565,36,1-3y,10.45,south,A
ln_d4bade2e2e63,2022-10-31,0,31196.4,23.24,17000.0,11.034,60,1-3y,17.71,north,A
ln_f4ea4500bc49,2023-03-31,0,51630.55,13.59,5848.13,9.824,36,10y+,17.35,west,B
ln_cb727ff802e1,2022-07-31,0,78170.57,30.68,37164.82,16.209,36,10y+,14.63,west,B
ln_e411f3a7ee12,2022-04-30,0,42737.09,25.01,20347.54,12.269,36,5-10y,12.13,east,A
ln_be12383fa535,2022-03-31,0,119442.75,19.28,58177.31,13.902,36,1-3y,10.01,south,A
ln_6f10e0d4749b,2022-01-31,0,63708.66,19.23,6340.29,11.401,36,1-3y,10.03,west,A
ln_6e4c2f72919c,2023-08-31,0,44946.11,31.88,28622.76,12.456,36,5-10y,17.21,west,A
ln_718dc40ac777,2022-01-31,0,51097.81,26.46,10904.91,9.143,36,10y+,17.8,south,A
ln_0daea9ac8895,2023-11-30,0,34233.51,15.76,9883.55,8.168,36,1-3y,14.88,south,A
ln_e38032f1ec69,2023-08-31,0,48678.67,17.68,20906.21,10.923,36,1-3y,9.58,east,B
ln_8d54fcd74775,2023-11-30,0,97013.11,10.53,11777.7,5.077,36,3-5y,11.59,south,A
ln_0a750e90598e,2023-10-31,0,38906.11,16.21,6917.14,13.673,60,1-3y,6.1,west,A
ln_2993100d152a,2023-08-31,0,100752.33,24.49,8622.7,17.458,60,1-3y,6.12,south,A
ln_f61e2f9f216a,2022-09-30,0,90285.96,34.37,8076.54,18.44,60,5-10y,12.99,east,A
ln_64a506853db9,2023-01-31,0,61473.7,18.84,17968.25,12.52,36,3-5y,8.04,east,B
ln_4764782c6d4e,2023-02-28,0,42262.54,37.18,4180.1,19.722,60,3-5y,12.75,west,A
ln_3a5c3e0b5905,2023-08-31,1,55473.61,23.56,13941.52,10.142,36,<1y,7.74,east,B
ln_99b6d8402208,2022-01-31,0,41267.51,21.45,33134.87,9.841,36,10y+,10.32,south,B
ln_30bcd6b3615f,2022-12-31,0,86231.3,14.08,6266.14,8.422,36,<1y,5.82,west,A
ln_d4759090f038,2023-12-31,0,55838.45,17.11,15046.05,7.857,36,1-3y,10.44,north,A
ln_a78066909ec1,2023-09-30,0,46414.2,17.36,21565.29,10.304,60,1-3y,10.72,north,A
ln_4be042afb1aa,2023-12-31,0,80060.41,20.55,17505.57,13.472,36,<1y,8.92,east,B
ln_0b758a910b2b,2022-05-31,0,107317.43,18.47,7037.66,11.06,36,10y+,14.68,west,A
ln_db924343e49e,2023-05-31,0,95141.28,30.44,26616.71,17.659,60,1-3y,8.67,north,A
ln_1b8201962e2c,2023-06-30,0,69545.61,32.58,4116.81,12.888,36,3-5y,13.0,north,B
ln_5dae958bc733,2023-07-31,0,72273.77,22.33,15811.44,8.055,36,10y+,10.17,north,A
ln_8e7e81362496,2022-10-31,0,41172.86,22.68,17018.26,11.336,36,5-10y,15.92,west,A
ln_17101d5e5d44,2022-09-30,0,44150.52,17.99,8449.55,6.181,36,1-3y,21.29,east,A
ln_f4200054507e,2023-07-31,0,72540.7,16.91,9833.4,9.013,60,5-10y,14.77,west,A
ln_98c2da31bf71,2022-09-30,0,45809.76,17.53,20875.53,11.594,36,1-3y,10.47,west,A
ln_7f4cbe503442,2022-06-30,0,68129.5,18.09,12261.55,9.597,60,3-5y,16.31,east,B
ln_72ffc2f30636,2023-12-31,0,130357.88,8.93,30365.3,11.177,60,1-3y,7.82,north,B
ln_c1708d8132e0,2022-05-31,1,162955.22,17.67,10409.35,12.003,36,3-5y,8.3,north,A
ln_eb60e9a7f330,2023-06-30,0,50341.78,22.45,42326.53,11.028,36,10y+,14.99,west,A
ln_7c3dc7a05c76,2022-04-30,0,83433.28,24.06,9450.66,10.829,36,3-5y,13.25,north,A
ln_54268e670007,2022-11-30,0,82174.37,21.66,9928.69,12.298,36,5-10y,17.75,east,B
ln_40ee4da968f1,2022-04-30,0,62136.07,10.83,3934.01,8.504,36,10y+,12.32,north,A
ln_36771f859587,2023-11-30,0,78070.57,6.68,37581.02,7.034,36,10y+,16.26,south,B
ln_04d9ec56fa3e,2023-09-30,0,119151.9,20.92,22748.4,13.232,36,<1y,7.27,south,B
ln_910e77b168be,2022-02-28,0,87112.26,14.76,7257.56,8.131,36,10y+,19.57,north,B
ln_05ae784ac8bf,2023-01-31,0,39927.96,37.68,32559.4,18.959,36,3-5y,13.34,south,B
ln_1b68aa82876f,2023-03-31,0,91055.95,22.47,31016.05,13.75,36,3-5y,10.12,west,A
ln_84b66d2fdb4d,2023-06-30,1,40747.04,22.22,6600.33,12.227,36,1-3y,14.42,east,A
ln_ea3d3068919d,2023-08-31,0,64373.67,23.9,7142.6,13.215,36,3-5y,8.77,south,A
ln_851fd2b73792,2023-12-31,0,57490.66,27.29,6343.4,16.68,36,1-3y,12.57,west,B
ln_0fe2bb6755a5,2022-11-30,0,121620.26,18.06,28480.7,9.61,36,3-5y,9.23,east,A
ln_5fbfea16a65c,2022-06-30,0,72899.27,17.5,20640.32,12.057,36,3-5y,9.89,north,B
ln_5cb14e5b7cb6,2023-05-31,0,45962.71,26.71,6406.12,14.897,36,10y+,8.62,east,A
ln_48c80fd1b64e,2022-07-31,1,73779.94,30.31,22211.21,16.552,36,3-5y,9.61,east,A
ln_c4e452cd52c0,2022-05-31,0,41864.2,20.07,5650.61,10.333,36,10y+,23.3,north,A
ln_17e25dbbd6e4,2022-05-31,0,110902.65,29.8,9576.79,14.777,36,10y+,11.58,east,A
ln_cb9cdfc808de,2023-09-30,0,73728.66,18.37,29320.39,10.539,36,5-10y,15.71,east,A
ln_8c542a2a2a6e,2022-06-30,0,86948.64,18.68,31893.08,10.581,36,5-10y,10.32,east,B
ln_3adc8fbbb502,2023-08-31,0,74707.16,19.73,14743.88,8.009,36,5-10y,8.65,east,A
ln_7f40a0a2bd38,2023-02-28,1,73229.68,27.79,8263.34,15.191,60,5-10y,17.07,east,B
ln_e45e3cef295e,2023-07-31,1,34730.4,29.08,12365.53,15.066,36,10y+,22.51,west,A
ln_708ad2892b6e,2022-01-31,1,40822.95,23.15,6810.41,13.655,36,<1y,6.82,west,A
ln_16ed866a82f1,2023-11-30,0,109927.78,20.65,13060.17,9.253,36,3-5y,16.5,north,B
ln_650a72bfce41,2023-01-31,0,105124.88,18.3,70372.7,10.643,36,1-3y,14.95,east,B
ln_4b8300100bc1,2022-12-31,0,32953.45,19.96,7913.9,12.961,36,5-10y,14.56,south,A
ln_b0dd75e0774a,2023-05-31,0,93953.28,30.74,48974.41,16.385,60,10y+,25.61,south,A
ln_795167ab5d74,2023-03-31,0,25088.73,21.59,10719.1,11.501,36,3-5y,10.68,west,A
ln_38552cf763a6,2023-07-31,0,57889.89,25.7,18262.06,14.022,36,1-3y,11.26,south,A
ln_487dcbd52b6d,2022-01-31,0,45878.98,16.63,5993.04,11.481,60,5-10y,9.07,north,A
ln_60d15d8517b1,2022-05-31,0,69125.74,17.37,12862.86,9.813,36,<1y,12.88,south,B
ln_ea8015a2ede9,2023-11-30,0,43301.06,22.11,65745.28,15.116,36,<1y,13.19,east,B
ln_eb615b4ffba5,2022-06-30,0,39655.88,24.52,23585.54,15.185,36,1-3y,9.5,east,B
ln_bb274feb0f49,2023-04-30,0,120661.17,17.44,24343.84,11.984,36,3-5y,14.63,north,A
ln_cb8b6b23ffcf,2023-05-31,0,162840.71,15.84,23784.44,11.558,36,10y+,21.86,north,A
ln_5489b3616cc9,2023-05-31,0,51432.71,26.64,6745.32,15.246,36,<1y,8.59,north,B
ln_905784d15265,2023-04-30,0,59244.32,26.71,12924.54,14.48,36,1-3y,5.96,south,B
ln_28b5988585a2,2023-02-28,0,72695.91,19.69,16557.09,11.719,36,3-5y,19.11,south,A
ln_8e6c93ee6e6c,2023-09-30,0,52665.94,26.99,12919.93,18.001,36,1-3y,7.31,east,A
ln_ea6bbaae118a,2022-05-31,0,120762.84,19.89,8562.65,9.241,36,3-5y,19.69,north,B
ln_109047ff5650,2023-03-31,0,135231.16,12.0,6405.23,7.508,36,<1y,11.29,west,B
ln_4290631283bd,2023-01-31,0,103304.21,20.82,18799.21,9.512,36,3-5y,15.15,east,B
ln_2657d2e33267,2023-07-31,0,91856.31,13.69,13987.92,12.105,60,5-10y,18.27,north,B
ln_788dee9e0061,2023-01-31,0,50999.87,21.55,3465.32,14.796,36,1-3y,4.82,north,A
ln_9b11c2a27de1,2023-10-31,0,87090.42,20.3,27817.52,9.572,36,<1y,8.63,south,B
ln_5c1801f4018f,2022-06-30,0,42993.7,27.67,4785.45,14.11,36,5-10y,11.52,east,A
ln_edf1c9073e83,2022-03-31,0,46191.93,22.53,7553.57,11.991,36,3-5y,13.97,south,A
ln_5f20f1e9673a,2022-05-31,1,74884.14,28.43,15766.8,13.546,36,<1y,5.34,south,B
ln_5504c2a72a7c,2022-07-31,0,42440.49,24.81,25856.68,12.902,60,5-10y,10.28,east,A
ln_e10b185e7e63,2022-10-31,0,126729.55,29.9,19017.69,14.801,36,10y+,11.19,east,B
ln_cf511b5158e5,2023-06-30,0,48526.53,9.45,10567.38,7.021,36,5-10y,12.8,south,A
ln_f6c59cc6910c,2023-01-31,0,74021.03,22.71,8432.29,11.555,36,3-5y,10.28,south,A
ln_25d51c1b8805,2022-07-31,0,84424.54,32.02,5128.46,16.849,36,5-10y,10.48,east,B
ln_b70912a15ddc,2022-11-30,0,57768.37,27.42,9836.08,12.923,36,10y+,13.51,south,A
ln_3ecde4dd2675,2023-11-30,0,67070.63,14.64,4583.75,10.075,36,5-10y,15.62,west,A
ln_8c9b3790751f,2023-11-30,0,134832.42,20.74,13048.39,14.282,60,5-10y,14.2,north,B
ln_88cc4b75191e,2022-03-31,1,68545.96,10.06,30707.73,7.151,36,1-3y,5.49,west,A
ln_adf5b3cc29cb,2022-09-30,0,49707.91,21.22,17917.9,12.315,36,10y+,13.84,south,A
ln_ce9ca0abc156,2023-03-31,0,36779.83,9.49,17439.93,11.592,36,5-10y,13.54,west,A
ln_db0ef57008c5,2022-12-31,0,43317.31,21.97,8387.6,10.551,36,10y+,19.45,east,A
ln_58175189c553,2023-02-28,0,54764.96,16.06,11506.13,12.448,36,10y+,17.35,east,A
ln_bdabbad7940c,2022-10-31,0,68208.29,22.28,7433.86,13.64,60,10y+,15.23,north,B
ln_6be5b6a7c708,2023-02-28,1,52203.64,29.57,26915.6,12.513,36,10y+,22.45,north,B
ln_10b26fc4c9c6,2022-10-31,0,47740.42,18.41,20191.39,10.07,36,<1y,9.17,north,A
ln_43c2e009a077,2023-05-31,0,61041.01,21.25,10880.14,12.936,36,1-3y,13.0,east,A
ln_c8ed8b2793d2,2023-01-31,0,105230.5,22.16,38574.69,12.703,36,3-5y,10.16,north,B
ln_725cc585e7ff,2023-12-31,0,57656.22,30.05,8112.66,16.158,36,1-3y,5.1,north,A
ln_ec6a939818d6,2022-01-31,0,58337.15,28.37,22747.28,17.91,60,1-3y,7.47,north,B
ln_738faa5c6238,2022-08-31,0,66880.04,19.47,28696.06,8.971,36,1-3y,7.92,north,B
ln_c5476fc24ebb,2023-05-31,0,65808.98,25.5,32798.75,12.039,36,5-10y,16.46,north,A
ln_d78e2c8312f8,2022-12-31,0,44261.68,8.92,32264.41,5.954,36,3-5y,14.41,east,A
ln_9ed839316cba,2022-02-28,0,64508.59,19.28,21943.96,8.782,36,5-10y,22.93,north,B
ln_b7ccda34348e,2022-07-31,0,53039.13,20.28,6538.23,10.739,60,<1y,7.25,north,A
ln_d558de42448a,2022-06-30,1,67055.37,32.29,11305.94,17.553,60,5-10y,12.9,north,A
ln_57983bd34f8f,2022-12-31,0,151666.8,23.52,23207.09,12.213,60,1-3y,10.0,east,B
ln_f55ef81da6e5,2023-02-28,0,120004.62,18.4,13098.45,13.059,36,<1y,10.6,east,B
ln_cdbf66dd6360,2022-03-31,0,52150.07,15.85,29048.3,8.288,60,<1y,5.02,south,A
ln_39598080534f,2022-03-31,0,45731.87,22.2,11657.07,9.569,36,10y+,25.02,east,A
ln_b354c82a1a9f,2022-05-31,0,26550.75,20.27,6303.53,13.726,36,<1y,13.96,east,B
ln_88f5bc0fed55,2022-10-31,0,49566.26,39.0,8266.83,17.012,36,5-10y,10.94,south,A
ln_1c16be3da055,2022-04-30,0,76234.68,21.93,17418.05,15.178,36,1-3y,8.01,east,A
ln_42b161e96570,2023-12-31,0,51165.59,16.69,24476.73,9.429,36,5-10y,21.55,south,B
ln_129db1e169c1,2023-03-31,0,57469.33,21.2,13647.66,9.806,36,<1y,13.18,north,B
ln_e72106f4fc0c,2023-11-30,0,30620.41,31.52,6005.67,19.117,36,<1y,9.24,west,B
ln_19241d83e593,2022-06-30,0,113464.8,23.33,8651.59,15.541,36,1-3y,17.13,north,A
ln_bab02069ac84,2022-08-31,0,75477.99,13.97,13260.23,11.264,36,1-3y,6.25,east,A
ln_aa9e37b0ae6a,2022-02-28,0,31360.71,23.1,21661.51,11.742,60,3-5y,8.01,south,B
ln_2934c561e5b7,2023-03-31,0,56910.8,16.82,12381.3,11.011,36,1-3y,18.27,north,A
ln_4134eb1ace91,2023-10-31,0,42884.39,7.78,7299.65,7.801,60,5-10y,10.89,west,A
ln_d306cb30b5de,2023-02-28,0,34661.57,25.55,15211.65,13.359,36,10y+,13.81,east,B
ln_e5c95687a2e1,2023-05-31,0,43976.71,15.88,9346.24,12.072,36,<1y,6.59,south,A
ln_c02f130fabad,2022-12-31,0,120285.12,6.53,25223.64,6.194,36,10y+,13.99,east,A
ln_4641fa1f8cbc,2022-03-31,0,85643.97,22.5,13103.42,13.884,60,5-10y,12.72,south,A
ln_cfa7f2e17567,2022-10-31,0,65409.68,21.2,46253.36,12.021,36,<1y,5.73,north,A
ln_4e9bbb05a587,2022-12-31,0,72210.38,25.44,10532.09,16.25,36,3-5y,7.8,south,A
ln_45ca0a999533,2023-08-31,0,87142.47,11.62,14545.33,9.898,36,3-5y,10.79,east,B
ln_21ba0b940004,2023-11-30,0,69307.2,18.23,5135.48,13.26,36,10y+,10.36,west,A
ln_5d156e867185,2022-02-28,0,60516.14,3.29,7774.05,4.792,60,1-3y,24.99,south,B
ln_82a987f931b1,2022-10-31,0,56076.13,17.09,11857.41,11.379,36,1-3y,11.36,north,B
ln_6ae97aab4174,2022-09-30,0,69311.05,12.87,12126.46,9.103,36,5-10y,10.16,east,B
ln_1139f1b2076b,2022-12-31,0,65752.41,29.97,10901.14,13.19,60,5-10y,24.27,south,A
ln_759238d671f2,2023-07-31,0,36573.38,27.97,40940.33,13.443,60,5-10y,13.93,south,A
ln_58a4d51c12b4,2023-07-31,0,33717.05,9.86,14615.21,4.262,36,3-5y,10.33,south,A
ln_51bbe806f226,2023-03-31,0,110991.1,19.05,68416.01,6.802,36,3-5y,17.76,east,B
ln_e577e616f9c8,2023-03-31,0,72143.53,21.89,7464.39,15.475,60,10y+,14.96,west,B
ln_c9e53da7a596,2023-09-30,0,91359.75,21.53,24982.62,11.93,36,1-3y,10.18,east,A
ln_2fbd598de467,2022-01-31,0,46397.44,19.24,19482.55,10.43,36,10y+,12.75,west,A
ln_50016f95d2b7,2022-07-31,0,103597.85,33.44,34138.91,17.44,36,5-10y,12.15,south,B
ln_c71056395c1e,2023-01-31,0,50560.42,28.03,5298.05,9.363,60,3-5y,7.21,west,A
ln_fe19aacab47d,2023-01-31,0,60597.52,21.78,49604.22,8.942,36,1-3y,6.52,north,A
ln_eed6ac3d81b8,2023-08-31,0,52111.36,3.7,8042.24,7.966,60,10y+,13.73,north,B
ln_c839dda32e3d,2023-03-31,0,86409.16,20.93,15126.64,14.673,36,3-5y,11.82,south,B
ln_39282e33dbd7,2022-11-30,0,49407.47,33.29,25984.78,16.898,60,1-3y,10.62,east,A
ln_d634e85b9271,2023-04-30,0,62940.74,16.63,20855.02,9.57,60,5-10y,13.4,south,A
ln_3412847cf154,2023-10-31,0,59490.5,21.49,17730.15,17.801,60,5-10y,13.24,north,A
ln_a9e64be2589e,2022-06-30,1,45113.25,34.68,17879.63,19.276,36,<1y,9.07,west,B
ln_1fb5cb9bd420,2022-01-31,0,51755.46,17.85,13876.68,9.519,60,3-5y,9.93,south,B
ln_95e86b6daaf4,2022-02-28,0,73077.26,17.23,3939.56,11.739,60,1-3y,9.14,west,A
ln_a39f0766b8a0,2022-06-30,0,62308.71,34.61,20489.01,19.948,36,10y+,15.41,east,A
ln_4fc17d9c2ba6,2022-10-31,0,20428.29,18.08,19956.33,12.002,36,3-5y,16.22,south,A
ln_609d88005eec,2022-10-31,0,57792.08,18.58,67380.78,9.67,36,<1y,9.25,south,B
ln_62db5fd42430,2023-02-28,0,58170.03,15.09,17908.31,8.326,36,10y+,13.68,south,B
ln_91a24d9e3436,2023-09-30,0,47457.13,9.0,17357.55,3.5,36,1-3y,14.3,west,A
ln_6011caacb3fb,2023-06-30,0,87506.02,25.3,8243.16,13.628,36,5-10y,12.77,west,B
ln_0c9591ef42fe,2023-02-28,0,68993.62,30.59,39715.34,14.283,36,3-5y,27.44,west,A
ln_a68392b9075e,2022-12-31,0,77977.09,15.88,33459.19,10.56,36,3-5y,15.41,west,A
ln_b299e64cfedb,2023-12-31,0,61371.01,25.83,5871.66,13.539,60,<1y,8.28,east,A
ln_2460c1de21ac,2023-08-31,0,21952.91,32.86,7540.3,17.332,36,5-10y,15.9,south,B
ln_7a71ab409b8d,2023-05-31,0,39159.23,12.64,29649.4,8.51,36,3-5y,12.16,east,B
ln_54afe8d899e7,2023-03-31,1,64640.59,19.82,12991.68,15.742,36,3-5y,9.39,north,A
ln_d8336c401e32,2022-05-31,0,35493.66,16.33,7329.79,8.545,36,3-5y,20.05,south,B
ln_8f5466b79183,2022-10-31,0,77541.39,18.07,6661.1,11.8,60,3-5y,13.83,north,B
ln_eed564f00d74,2023-06-30,0,36280.87,19.66,23418.46,11.008,36,1-3y,9.95,west,A
ln_3e9a08480644,2022-03-31,0,81045.64,2.27,8448.69,10.14,60,<1y,7.02,west,A
ln_ca662c48f8f3,2023-01-31,0,73901.46,35.4,30965.61,14.038,36,3-5y,13.4,east,B
ln_cdbdbbb61e09,2023-02-28,0,67120.78,34.37,6250.04,15.898,36,1-3y,18.45,west,A
ln_3cea8c702c44,2023-09-30,0,38010.31,24.64,10885.19,14.321,36,1-3y,17.43,west,A
ln_640d15cbfa14,2023-04-30,0,43641.88,24.46,16565.59,10.971,36,5-10y,17.13,east,B
ln_6704fe592d51,2023-09-30,0,42258.8,18.7,15114.13,14.508,36,5-10y,12.44,east,A
ln_76740bb2ce29,2023-05-31,0,44149.78,19.4,9683.58,11.171,36,1-3y,6.41,north,B
ln_ca7842de63b9,2023-09-30,1,46363.29,22.46,5097.32,12.242,36,3-5y,13.81,west,B
ln_1970ce5ba7ed,2022-07-31,0,68185.4,27.18,13002.34,16.116,60,1-3y,9.74,south,A
ln_e7f887b06439,2022-10-31,0,74270.8,23.76,10938.3,9.893,36,1-3y,12.91,south,B
ln_e7a0a59fc6fc,2022-03-31,0,24015.91,29.35,9228.91,13.001,36,3-5y,11.15,north,B
ln_1345f5793708,2023-01-31,1,65025.06,23.26,10650.34,12.684,60,3-5y,15.3,south,B
ln_e4422e48070b,2022-04-30,1,52329.57,44.04,33007.83,17.945,36,1-3y,8.66,north,A
ln_bbd0890ae909,2023-09-30,1,52660.25,25.81,6582.79,15.087,36,10y+,8.62,west,B
ln_528c38219926,2023-05-31,1,34039.76,34.68,10259.43,16.529,60,<1y,11.26,west,B
ln_39c78db448fb,2022-01-31,0,35870.77,22.2,6008.23,12.496,60,5-10y,12.88,south,B
ln_80be214a5010,2022-10-31,0,87795.49,25.36,30100.96,12.648,36,1-3y,6.13,east,B
ln_0bc49899edcf,2022-06-30,0,55909.75,36.96,8114.11,16.121,36,10y+,14.99,north,B
ln_71abe8d9234a,2022-04-30,0,80919.61,19.06,9873.58,13.445,36,10y+,14.24,north,A
ln_96ca272766e6,2023-12-31,0,81133.99,24.06,7933.18,13.296,60,3-5y,13.16,west,B
ln_feff7849110f,2022-10-31,0,53887.46,14.48,8987.33,11.28,36,10y+,11.1,east,A
ln_bd5606e31898,2023-02-28,0,59284.07,28.54,23876.9,10.919,36,5-10y,14.85,east,B
ln_cb8bc41af3ad,2023-08-31,0,33331.82,27.98,21856.77,15.282,36,10y+,12.1,north,A
ln_0a5d374201e0,2022-07-31,0,111529.05,17.25,23503.32,9.592,36,3-5y,17.38,west,A
ln_c615a7b39bb1,2022-04-30,0,106056.61,32.64,17948.46,12.936,36,10y+,21.86,north,A
ln_0b513e6d6642,2023-04-30,0,49937.65,23.86,11723.59,11.505,36,1-3y,22.69,north,A
ln_638c6cefd28c,2022-06-30,1,108499.47,35.53,20448.74,16.123,36,1-3y,8.79,west,A
ln_8b630fd3d8de,2022-06-30,0,101502.69,24.87,21897.22,17.004,60,3-5y,9.53,east,A
ln_19b09610f496,2022-10-31,0,39472.1,28.29,23308.18,12.68,36,1-3y,12.4,east,A
ln_d7da13767d4e,2023-02-28,1,96563.92,38.02,3348.52,16.763,36,1-3y,14.66,south,B
ln_32cecf1a4fcd,2022-06-30,1,64377.55,22.27,10092.43,14.434,36,1-3y,13.7,east,B
ln_cb42621e32c0,2022-08-31,0,62846.84,17.48,13494.88,10.587,36,5-10y,19.74,south,A
ln_aeb4083f96ed,2022-02-28,0,40955.8,10.57,5679.32,5.742,60,<1y,13.42,east,B
ln_fd913125803a,2022-12-31,0,45747.45,21.09,61006.37,7.424,36,3-5y,17.7,south,A
ln_d8bcfd8df5ec,2023-01-31,0,16793.59,27.88,6363.88,16.884,60,1-3y,11.66,west,B
ln_92fe6cd21529,2023-04-30,1,121276.88,22.72,17117.01,12.847,36,1-3y,6.73,west,B
ln_e9a0b70794a2,2023-09-30,0,41294.26,18.17,23686.68,11.384,60,<1y,3.69,north,A
ln_a2d1a0740aa0,2022-04-30,0,53795.98,14.37,21187.25,5.857,36,10y+,15.83,north,A
ln_84493a29e00a,2022-05-31,0,107760.84,21.25,13769.84,13.77,36,10y+,12.13,north,A
ln_fbcd50faa35a,2023-11-30,0,56528.5,20.11,12073.62,9.793,60,10y+,14.85,west,B
ln_e63fdea4bb96,2022-09-30,0,70053.8,17.85,15365.09,11.108,36,3-5y,8.36,east,B
ln_090763034db4,2023-02-28,0,60781.7,31.1,22705.78,14.069,36,<1y,11.74,north,B
ln_6d75f11461eb,2022-04-30,0,35336.76,6.64,15909.16,9.747,36,<1y,9.01,west,B
ln_1106da3ee664,2023-10-31,0,85191.48,33.12,15626.47,16.22,36,1-3y,8.59,east,A
ln_4651fe2d689e,2023-01-31,0,63093.1,27.22,33495.93,15.673,36,3-5y,16.38,south,A
ln_71cd47133a98,2023-07-31,0,42193.69,17.43,11027.11,13.729,36,3-5y,7.98,north,A
ln_0b6d715a6b4f,2022-04-30,0,138077.37,11.89,13492.47,6.563,36,5-10y,19.82,south,A
ln_ee0b5e40f8f9,2022-12-31,0,22131.37,24.57,17135.71,13.002,36,1-3y,9.15,east,A
ln_b86b027e0153,2022-06-30,0,49744.56,13.93,8707.67,8.565,36,5-10y,11.42,south,A
ln_6b4ac98361d6,2023-01-31,0,25418.46,28.18,11243.95,15.713,36,3-5y,9.53,south,B
ln_636dfe0b667e,2022-10-31,0,49051.18,32.95,7066.06,17.399,60,<1y,9.98,north,B
ln_b7382f0f9f72,2022-05-31,0,49521.9,17.26,3714.11,10.115,36,10y+,14.22,south,B
ln_54e464fe05f2,2022-12-31,0,83431.57,21.35,13728.28,6.947,36,<1y,10.16,south,B
ln_57ffbcb6e48d,2023-02-28,0,62762.17,22.53,13737.8,14.694,36,1-3y,20.49,north,A
ln_4b98f42f4103,2023-11-30,0,42872.46,28.85,11956.29,14.629,36,5-10y,9.65,west,A
ln_b89a1238fd49,2022-10-31,0,57631.36,28.29,19944.53,13.746,36,10y+,8.87,north,A
ln_017af3908c99,2022-07-31,0,79898.82,17.73,8731.57,12.308,60,1-3y,13.85,south,A
ln_f91fc66962bd,2023-02-28,0,53308.92,9.79,15509.56,9.278,36,10y+,10.43,east,B
ln_02e4d133c534,2023-01-31,0,37092.6,20.77,39999.41,15.908,36,1-3y,7.13,east,A
ln_c77c448e8e26,2022-12-31,0,38276.24,23.9,22284.77,12.794,36,<1y,15.43,east,A
ln_bc0425919917,2022-10-31,0,77233.67,17.48,20391.35,12.686,36,3-5y,16.7,west,A
ln_3b49052192cd,2022-12-31,0,43149.41,34.33,23826.27,16.404,60,3-5y,15.5,west,A
ln_ecdcfb1df2e6,2022-12-31,0,63635.26,17.66,12730.57,7.997,36,3-5y,12.76,north,B
ln_ef2f57eefcf5,2023-09-30,0,47931.13,27.75,15515.83,14.062,36,5-10y,8.03,north,A
ln_596388009c51,2022-12-31,1,52118.85,32.04,7505.92,15.616,36,3-5y,10.93,west,A
ln_a0c12307fa39,2023-04-30,0,64218.84,12.03,16659.29,12.177,60,3-5y,9.98,north,A
ln_6908b424a126,2022-03-31,0,25879.31,17.15,15123.01,7.484,36,3-5y,13.82,north,A
ln_d608b8b63c3d,2022-01-31,0,88546.56,20.67,13747.05,18.02,36,<1y,7.38,east,A
ln_11e16f124742,2023-05-31,0,65878.41,16.33,6465.9,9.133,36,<1y,11.45,west,A
ln_257253ffd634,2023-08-31,0,34111.66,29.68,22409.33,13.787,36,10y+,16.48,west,B
ln_b0823144b18f,2023-09-30,0,45982.76,20.45,11391.22,12.667,60,1-3y,10.65,north,A
ln_b51b8860ed5c,2022-01-31,0,107250.15,17.67,10109.63,10.302,36,3-5y,26.12,north,B
ln_54b444838969,2022-04-30,0,90008.83,9.75,8540.17,3.74,36,10y+,23.38,west,B
ln_fb3316bbe3b4,2022-06-30,0,24221.4,20.52,11914.53,8.697,36,5-10y,14.22,west,A
ln_205f54ebd1b3,2022-10-31,0,140005.28,0.61,3411.98,9.521,36,1-3y,13.42,west,A
ln_fae58f8319e5,2022-05-31,0,89761.56,23.05,20918.81,9.995,36,10y+,21.32,west,B
ln_86c5ce535c3e,2023-12-31,0,58694.05,5.95,26986.0,5.789,36,5-10y,9.8,north,A
ln_456ae69e0bd4,2023-08-31,0,63967.35,7.66,5088.91,8.685,36,5-10y,10.59,west,B
ln_b7fc7a1e2cba,2022-10-31,0,33306.12,30.85,28009.53,14.296,36,5-10y,12.64,south,B
ln_6652dd27f86a,2022-11-30,0,349575.79,1.38,4908.31,4.521,36,3-5y,21.65,east,B
ln_c6fbd9646139,2023-05-31,0,65045.09,12.67,9332.1,3.5,36,5-10y,27.97,west,A
ln_096b4bcddf47,2023-09-30,0,68593.86,25.95,26219.84,11.697,36,5-10y,14.99,south,B
ln_6a6d37fb8db4,2023-08-31,0,81544.47,8.18,14359.67,5.397,36,10y+,10.26,north,A
ln_be40aefeb5e3,2022-06-30,0,72441.05,34.31,6414.62,16.901,36,3-5y,16.47,south,A
ln_040540c5fff1,2023-09-30,0,24782.29,18.52,8320.48,9.445,36,10y+,18.37,east,A
ln_e64111c4fd77,2022-12-31,0,73013.34,20.6,11991.79,16.044,60,5-10y,12.73,north,A
ln_96be3ff31f28,2022-05-31,0,64823.3,22.63,12403.55,15.751,36,3-5y,5.71,east,A
ln_c9ce6841ecbc,2022-08-31,0,71352.7,29.43,12307.25,12.982,60,5-10y,18.2,north,A
ln_3f3ad2459520,2023-06-30,0,53356.04,23.19,16656.7,11.719,36,5-10y,14.92,west,A
ln_fb185982a1ae,2022-12-31,0,64780.56,24.25,24146.55,13.83,36,<1y,9.42,east,B
ln_bda886af1f48,2023-10-31,0,70127.99,20.85,10805.16,14.237,36,1-3y,12.37,south,A
ln_0b757523db11,2023-02-28,0,58164.82,14.71,32618.71,6.394,36,1-3y,9.81,north,A
ln_4a0516315300,2023-04-30,0,81426.23,20.79,13667.16,13.355,36,3-5y,17.99,north,B
ln_cc03e12eba9d,2022-12-31,0,82524.15,16.99,17742.76,9.495,60,1-3y,16.0,east,A
ln_af629f7fb841,2023-02-28,0,55688.81,24.91,51041.82,14.043,36,5-10y,10.53,west,A
ln_fd921115f84b,2022-03-31,0,54401.38,21.61,12569.0,12.86,60,1-3y,8.98,east,B
ln_d4863caddf8b,2022-09-30,1,100606.74,20.35,16688.71,12.301,60,1-3y,9.89,north,A
ln_35681742a1f7,2022-01-31,0,120453.05,26.1,13533.95,12.37,36,10y+,19.7,north,A
ln_7e5277bac995,2022-06-30,0,63179.08,16.18,18764.08,14.713,36,5-10y,10.4,south,B
ln_5ee6ca236e2e,2023-03-31,0,42987.0,13.41,15388.24,10.449,36,3-5y,17.41,south,B
ln_36d7370ba6f8,2023-12-31,1,39808.51,39.47,16890.65,18.386,60,3-5y,14.52,east,B
ln_fa7c4f65af2c,2023-11-30,1,38431.7,22.61,4221.2,11.571,36,5-10y,11.78,north,A
ln_7f6b09dafcd4,2022-08-31,0,18323.38,23.03,23062.01,12.251,36,1-3y,15.51,east,A
ln_d8860e6fd3ed,2023-04-30,0,108835.04,15.02,30163.71,14.086,60,1-3y,7.89,north,A
ln_2799bbf7d884,2022-02-28,0,53680.96,7.68,28428.89,8.48,36,1-3y,12.68,west,A
ln_168e784b1c7d,2022-06-30,0,80117.86,19.78,10605.84,9.533,36,5-10y,21.56,east,A
ln_af95f4a33745,2022-03-31,0,58489.49,14.68,5914.45,9.054,36,10y+,19.84,west,A
ln_d5787f3fafad,2022-08-31,0,34936.94,31.3,7217.58,14.864,36,3-5y,20.1,east,B
ln_781fe0d26c0e,2022-08-31,0,87373.25,21.15,18357.04,10.779,36,3-5y,16.1,west,B
ln_648aa96091c1,2022-12-31,0,41884.03,25.91,31712.92,12.302,36,5-10y,16.17,east,A
ln_77c169b23971,2023-06-30,0,107583.01,26.4,10823.04,13.158,36,1-3y,11.03,south,B
ln_c33a47474e11,2022-01-31,1,89572.11,32.51,20333.34,16.171,36,1-3y,5.13,south,B
ln_38e463bc21f5,2022-06-30,1,57855.48,15.15,7237.81,8.546,36,3-5y,18.76,west,A
ln_3881261d64c6,2023-12-31,0,193087.18,21.2,10376.99,12.303,36,10y+,15.17,south,A
ln_783985f71761,2023-05-31,0,63281.49,33.54,14437.97,21.568,60,3-5y,7.83,east,B
ln_bb4e95c49c1a,2022-10-31,0,128786.46,13.79,15705.75,11.143,36,10y+,12.29,east,A
ln_425bc605db29,2022-03-31,0,46146.32,23.09,8050.76,11.687,36,5-10y,15.78,south,A
ln_76afd72d4d2a,2022-04-30,1,55663.59,31.13,41296.25,18.037,60,<1y,10.02,north,B
ln_f311b53bdde6,2023-07-31,0,43851.07,16.32,49408.25,8.813,36,5-10y,11.99,west,A
ln_17eb9886c819,2022-08-31,0,104602.75,15.33,17445.69,10.35,36,3-5y,9.19,north,A
ln_bc0baed334a8,2023-01-31,0,42887.21,18.56,12328.33,10.897,36,5-10y,11.57,west,A
ln_663174df2bf8,2022-12-31,0,66229.01,10.95,36218.02,5.902,60,5-10y,13.86,east,A
ln_11b9ff089829,2023-07-31,0,67859.29,11.33,43109.35,6.095,36,3-5y,31.85,east,A
ln_f37995269c5c,2023-07-31,0,56286.78,21.91,16254.45,11.309,36,5-10y,11.65,north,B
ln_afca9b6d56e1,2022-10-31,0,76422.33,9.23,12687.91,3.5,60,5-10y,14.37,west,B
ln_6d159e493309,2023-04-30,0,50795.71,22.14,11403.98,8.76,36,3-5y,22.94,south,B
ln_18bc15afcd06,2023-05-31,0,59521.96,31.76,9715.79,17.075,36,3-5y,17.15,south,A
ln_ab52d94e8326,2022-09-30,0,33629.43,17.51,12385.92,6.136,36,3-5y,13.78,east,A
ln_7991216d4a73,2022-09-30,0,93466.65,16.47,23447.03,12.414,36,1-3y,10.18,east,A
ln_e9784710c521,2022-02-28,0,196230.78,23.19,8919.25,14.462,36,1-3y,7.8,west,A
ln_173fe96b4c59,2023-07-31,0,56770.13,11.82,19661.89,8.44,36,<1y,11.66,north,B
ln_4b7d8eafc38a,2022-10-31,0,52073.8,19.07,8729.64,9.018,36,10y+,20.99,east,A
ln_3acb2c034c9c,2023-09-30,0,121462.51,18.5,10809.38,10.255,36,3-5y,10.88,south,B
ln_e866a87697a8,2023-09-30,0,28753.49,26.11,19213.04,13.921,60,5-10y,28.51,north,B
ln_c529b7a3c5d0,2023-05-31,1,54453.45,19.08,29541.38,15.382,36,10y+,9.69,east,B
ln_0b35c7960844,2023-10-31,0,75365.09,12.42,35271.1,8.769,36,1-3y,18.65,north,A
ln_803d9973f343,2022-03-31,1,143864.87,11.8,14538.21,10.818,60,5-10y,17.4,west,B
ln_e1b3f794d393,2023-06-30,0,84915.64,7.9,6237.66,5.657,36,1-3y,18.22,south,A
ln_c43db91b6459,2022-09-30,1,20415.27,21.34,7752.9,10.565,60,3-5y,8.84,north,B
ln_c442b172e76e,2023-10-31,0,192535.07,10.95,21584.31,10.033,36,5-10y,10.12,west,A
ln_8313c1ec794b,2023-06-30,0,104645.42,21.05,10564.06,13.283,36,1-3y,14.16,south,A
ln_4ba6315d8b9b,2022-07-31,0,29662.18,27.68,6773.54,12.76,36,5-10y,14.94,east,A
ln_7bd679182275,2023-08-31,0,52573.17,14.62,25647.76,10.699,36,1-3y,15.52,west,A
ln_bcf0b4c5c012,2022-08-31,1,25167.68,36.85,24933.19,15.5,36,1-3y,13.08,north,B
ln_758996b5059f,2023-10-31,1,28475.9,35.68,26759.62,13.642,36,1-3y,16.31,east,A
ln_65391fc64e03,2022-06-30,0,61685.87,1.61,21925.43,3.588,36,1-3y,18.5,south,A
ln_b4fe57c5bf17,2023-09-30,0,50698.39,23.8,8693.33,11.959,60,1-3y,22.55,west,A
ln_485a438f9180,2022-07-31,0,125233.47,22.44,11713.61,11.254,36,<1y,18.38,east,A
ln_856433f38bfb,2023-11-30,0,62878.27,24.53,12137.43,15.741,60,10y+,17.33,west,B
ln_29287abd9522,2023-05-31,0,98729.33,18.34,14517.6,13.881,36,5-10y,9.3,south,A
ln_75ea0844caac,2023-10-31,0,65351.08,20.95,11557.86,12.232,60,5-10y,14.25,north,A
ln_fa3471700d7e,2022-02-28,0,58627.5,25.47,23290.89,12.728,36,5-10y,7.07,south,B
ln_7e30253103c2,2022-09-30,0,95484.58,23.17,7240.94,14.822,36,3-5y,8.73,north,B
ln_90c559ba80d7,2023-08-31,0,126532.65,10.58,8353.07,6.969,60,1-3y,11.52,south,A
ln_878295fa8df0,2023-02-28,0,84528.1,19.78,11748.4,8.001,36,10y+,26.2,north,B
ln_f2577f5dedcb,2023-08-31,0,57556.86,12.97,9667.69,11.279,60,3-5y,17.07,east,A
ln_e751624cb77b,2022-03-31,0,64125.43,18.77,36168.21,8.681,36,10y+,17.12,south,A
ln_cd9c5fadd660,2023-04-30,0,33402.16,5.39,37237.19,4.984,36,5-10y,9.86,north,A
ln_c805ffb1bfae,2022-01-31,0,92744.71,10.67,25313.34,8.428,36,1-3y,12.25,south,B
ln_ea6f6af4e2f4,2023-02-28,0,35239.15,17.76,21370.14,10.383,36,1-3y,12.18,south,A
ln_932362cd2a0e,2022-10-31,1,49328.21,17.41,6338.44,12.124,36,3-5y,10.89,east,A
ln_7ac0253f3089,2022-06-30,1,51851.54,34.08,14958.34,18.373,60,1-3y,9.47,north,B
ln_546bf08e8e46,2023-07-31,1,105883.59,37.61,14561.44,16.605,36,10y+,12.68,north,B
ln_5e2c92d2eb3e,2022-02-28,0,149052.08,7.87,6924.98,10.562,36,1-3y,4.69,south,A
ln_ef986d226ce1,2022-10-31,0,101271.83,26.06,32272.47,12.693,60,10y+,16.63,west,A
ln_a815524736c8,2023-08-31,0,40834.79,15.41,10255.46,10.476,36,3-5y,14.95,south,A
ln_e01ca88b1551,2022-08-31,1,102657.15,29.04,10105.24,13.035,36,1-3y,7.07,south,B
ln_fc3ff1e57d76,2023-03-31,0,113098.09,22.18,7709.1,14.384,36,3-5y,12.45,north,B
ln_f1c0ce30f523,2023-05-31,0,72326.9,12.48,28223.1,11.207,60,1-3y,8.05,north,A
ln_7f6eb4bef60e,2022-06-30,0,94539.82,6.65,12080.87,8.603,36,3-5y,18.54,east,B
ln_96f45cbb5ca0,2022-03-31,0,55234.59,26.49,18132.83,12.639,36,1-3y,20.6,south,B
ln_92ec428688bb,2022-05-31,0,105437.67,17.46,4781.16,12.343,36,1-3y,10.82,north,A
ln_81472a46df4d,2023-10-31,0,35544.27,11.7,17036.76,13.764,60,3-5y,16.13,north,A
ln_359a9207d050,2022-08-31,0,46778.65,6.19,36716.6,3.5,60,3-5y,24.9,west,A
ln_de3cf181aa88,2022-05-31,0,59565.5,20.86,13139.22,15.079,36,1-3y,11.21,south,B
ln_f8b724d5100e,2023-11-30,0,77610.2,17.62,34551.73,11.494,60,5-10y,19.37,south,A
ln_77ecee9b1cb6,2023-03-31,1,81669.19,14.22,7083.07,11.826,60,5-10y,13.26,west,A
ln_c18b3510fc3c,2023-09-30,0,97496.87,29.69,11033.05,15.489,60,1-3y,10.95,north,A
ln_016bf7cccd76,2022-05-31,0,47498.56,26.48,20304.86,14.615,36,<1y,16.63,south,A
ln_a2b45d8f522d,2023-07-31,0,191567.05,23.78,15065.84,10.794,36,<1y,13.48,west,B
ln_118e34e69110,2023-05-31,0,95201.38,25.16,3910.48,11.827,36,5-10y,8.55,north,A
ln_00c0cf2cdb4a,2023-05-31,0,61311.58,29.68,31750.06,13.472,36,1-3y,23.68,west,B
ln_674f8e9c950b,2023-07-31,1,96321.03,38.43,5325.63,16.559,36,<1y,10.76,east,A
ln_0c2c5bf1c373,2023-08-31,0,65272.53,40.44,7561.92,20.069,36,3-5y,12.21,north,B
ln_8670bc7e2e47,2022-02-28,0,106352.55,27.22,10518.66,19.358,60,3-5y,16.72,south,A
ln_ad97f3ce3eac,2023-07-31,0,40263.47,24.6,14849.03,17.227,36,10y+,8.44,west,A
ln_52534ebba09f,2022-06-30,1,46848.22,36.12,32606.1,12.82,60,5-10y,16.62,west,A
ln_dfb1ebf634b0,2023-08-31,0,102635.87,18.96,10101.24,9.183,60,1-3y,13.91,west,A
ln_65b35f74e7c0,2023-01-31,0,43827.07,12.28,27823.7,10.533,60,<1y,10.06,south,B
ln_fc2183b86e16,2022-09-30,0,70680.94,26.5,30828.93,14.025,36,10y+,17.73,west,A
ln_bdbb76acc5e6,2023-04-30,0,39346.48,35.81,11609.03,15.231,36,10y+,14.22,west,A
ln_6ada6f8abe26,2023-02-28,0,53277.82,26.01,22695.69,15.101,60,<1y,10.86,west,B
ln_1c266c2197da,2023-01-31,0,87290.39,14.38,12395.55,12.119,60,<1y,12.36,east,A
ln_571ab3f36b58,2023-12-31,0,62510.17,13.49,29069.85,9.236,36,5-10y,26.87,north,A
ln_926fcf54f78d,2022-08-31,0,109511.59,35.72,9433.94,15.321,36,10y+,14.12,north,A
ln_c842a7c79d55,2023-11-30,0,55645.21,17.94,22858.0,13.643,60,1-3y,11.86,south,A
ln_1e808f2c4bbe,2023-08-31,1,72005.15,25.39,17395.01,17.843,36,<1y,7.15,north,A
ln_743459beaf5b,2023-11-30,0,89285.43,25.16,22928.91,14.161,36,3-5y,7.43,west,B
ln_b19924d13329,2023-10-31,0,112584.42,17.18,14338.32,10.26,36,<1y,8.78,east,A
ln_2aa9ea0939ea,2023-11-30,0,48381.08,24.01,14732.38,13.302,36,5-10y,12.1,north,B
ln_53a679f91992,2022-04-30,0,55514.84,35.46,44350.42,12.695,36,10y+,15.86,west,A
ln_cc368bfea3d0,2022-12-31,0,62425.73,19.34,7428.63,11.903,36,5-10y,7.99,north,A
ln_cd64807487ff,2022-05-31,0,52247.56,25.21,40085.42,12.052,36,1-3y,11.49,west,B
ln_f824029ab709,2022-11-30,0,72146.92,15.72,39273.56,7.451,60,1-3y,12.25,west,A
ln_2bf171a2dc2a,2023-11-30,1,65946.88,33.1,32337.66,15.114,36,1-3y,9.94,south,B
ln_437eea229670,2022-05-31,0,71496.34,18.25,17956.25,11.446,36,1-3y,9.33,east,B
ln_30c56befe0f6,2022-01-31,1,36514.15,20.44,8729.57,15.804,60,5-10y,9.56,north,B
ln_06651a269ae5,2023-03-31,0,49058.09,14.88,22711.51,10.728,36,10y+,8.71,west,B
ln_f636ccc793ac,2022-01-31,0,79925.48,21.75,7343.29,8.489,60,1-3y,20.5,south,A
ln_5aae7fb9ea76,2022-11-30,0,74952.2,19.07,27875.51,10.186,36,10y+,23.5,west,B
ln_5baa366ba7dd,2022-03-31,0,63382.75,8.11,10821.62,10.742,60,3-5y,15.1,north,B
ln_788eef641271,2022-01-31,0,70173.4,31.92,5200.08,8.77,36,5-10y,22.29,west,B
ln_3ca42aeffca0,2022-07-31,0,70227.97,28.66,18533.06,17.818,60,1-3y,13.48,east,A
ln_8d3a33d2eecc,2022-10-31,0,35394.73,18.58,27914.79,12.773,36,<1y,9.13,east,A
ln_7516900ee0bc,2023-07-31,0,37878.28,17.43,36342.45,11.284,36,1-3y,18.8,south,A
ln_fc97f7eb519e,2023-07-31,0,59449.33,19.8,21196.3,8.787,36,3-5y,10.81,east,B
ln_03e4effbc70d,2022-10-31,0,37260.3,35.08,5717.9,14.87,36,10y+,14.03,west,B
ln_ca387ee3ba59,2023-02-28,0,69536.0,24.53,7604.76,11.654,36,1-3y,8.15,north,A
ln_06d430b3c636,2022-06-30,0,92531.26,24.34,14656.75,16.119,60,1-3y,11.65,south,B
ln_a422ef7f693c,2022-04-30,0,97187.09,13.41,8414.77,8.863,36,3-5y,16.39,west,A
ln_22d9704eb3ea,2022-05-31,0,39447.14,38.52,11833.63,16.763,36,10y+,16.11,north,A
ln_49468e5bc9c4,2022-04-30,0,128302.44,31.05,12311.49,13.843,36,3-5y,8.92,east,A
ln_6af44a77beaa,2023-05-31,0,76833.6,24.89,6114.52,16.861,60,<1y,10.39,north,B
ln_33fe254bf501,2023-06-30,0,80255.11,19.56,21789.47,10.735,36,<1y,13.69,north,B
ln_c6836b253623,2022-04-30,0,27226.49,8.62,20661.77,9.388,60,5-10y,12.47,south,A
ln_573301b41baa,2022-06-30,0,57058.82,33.83,9157.74,18.087,36,3-5y,12.52,east,B
ln_39d1c2733099,2023-05-31,0,148242.71,23.09,30984.54,14.09,60,5-10y,14.41,east,A
ln_2b24607e2597,2023-10-31,0,54608.53,9.86,29418.02,8.518,36,5-10y,10.4,south,B
ln_5aaddda86d8e,2023-08-31,0,36008.85,27.68,3953.5,10.77,36,1-3y,12.22,west,A
ln_629ed4888a1a,2022-01-31,1,28863.52,17.47,20809.81,10.966,36,<1y,5.77,north,A
ln_72623e388814,2022-12-31,0,93897.92,23.07,16336.26,11.189,36,1-3y,13.07,west,A
ln_aa94bcee8359,2022-11-30,0,50548.75,10.03,11688.23,10.883,60,10y+,16.92,west,B
ln_4893743c1acf,2022-08-31,0,28941.34,17.89,22677.16,14.192,36,5-10y,9.95,east,A
ln_f50f30c828c7,2023-04-30,0,88810.69,16.79,5995.91,9.317,36,5-10y,10.55,west,B
ln_4c79f86e1a1b,2023-11-30,0,105986.76,2.92,25086.52,3.5,60,1-3y,11.92,south,B
ln_bcf1706e02f0,2022-05-31,0,73938.17,13.32,21025.03,7.192,36,10y+,17.48,north,B
ln_57ba88508896,2022-12-31,0,76191.28,16.94,27064.72,10.839,36,10y+,9.05,west,B
ln_6c854e15bc88,2023-12-31,0,39910.21,17.39,19774.9,13.578,60,1-3y,6.42,south,A
ln_901ac32a4501,2023-11-30,0,46995.48,15.44,7190.39,8.455,36,10y+,12.99,north,A
ln_bcd373c2fe03,2022-06-30,0,51704.42,31.46,13736.44,14.905,36,5-10y,21.82,east,B
ln_ace13c804c12,2023-12-31,0,57904.44,24.53,32134.17,15.17,36,3-5y,13.37,north,A
ln_4f6cea8ae300,2023-07-31,0,93042.36,35.66,13747.97,14.97,36,10y+,25.73,west,B
ln_0e9a8ed543e2,2022-09-30,0,87720.71,28.79,8949.53,11.903,36,1-3y,3.13,north,B
ln_bb0a8e791ef3,2023-08-31,0,105974.08,28.72,35200.44,15.536,36,10y+,12.16,north,A
ln_2915e776bdce,2022-05-31,0,82594.99,6.79,10426.22,5.371,36,10y+,19.88,east,A
ln_7ef53a04df89,2023-11-30,0,47321.32,11.62,51655.4,12.045,60,1-3y,17.62,south,A
ln_a8e1e624af0e,2022-07-31,0,45963.28,21.52,43861.41,11.838,60,<1y,12.78,west,A
ln_2d6381ddb809,2022-10-31,0,98065.02,16.81,15550.29,10.4,36,10y+,15.67,north,B
ln_832e258c0fc4,2022-10-31,0,137937.09,24.38,7216.35,13.425,60,10y+,22.17,west,A
ln_7bde330c39bf,2023-11-30,0,101059.33,18.04,16751.43,8.696,36,10y+,15.9,north,B
ln_f769019c9f4e,2022-06-30,0,45595.86,6.85,5837.05,8.909,60,3-5y,9.65,south,B
ln_a27b6bc4601b,2023-02-28,0,36429.94,24.57,14443.46,14.366,36,3-5y,13.22,east,B
ln_58143911c2c1,2023-03-31,0,30561.68,11.1,45594.96,10.662,60,1-3y,13.96,west,A
ln_4ba307f39bb3,2022-06-30,0,29827.84,8.26,26866.1,8.52,36,<1y,15.99,north,B
ln_105b9785c498,2022-12-31,0,71012.99,20.87,17277.9,9.424,60,3-5y,18.06,east,A
ln_e8330845e670,2023-01-31,0,46234.56,14.85,7975.0,10.415,36,1-3y,26.07,west,B
ln_c3b4e5f81f8e,2023-06-30,0,54104.02,20.61,15223.62,16.745,60,5-10y,14.01,south,B
ln_c1c9c5b8a3d0,2022-09-30,0,55452.9,28.05,22603.64,15.689,36,3-5y,9.14,north,B
ln_169a2e9a55f2,2023-05-31,0,36727.41,22.45,15395.48,10.841,36,5-10y,26.55,west,B
ln_f8d48d1beceb,2022-08-31,0,42213.12,21.81,14879.36,13.288,36,10y+,16.15,north,A
ln_34c0d5efe6a6,2023-12-31,0,51479.9,15.1,10073.68,14.756,60,1-3y,20.14,east,B
ln_7f34125eb3ca,2022-11-30,1,77607.08,29.6,7639.44,13.906,60,1-3y,13.78,west,B
ln_e3e45ad7cb3d,2023-09-30,0,73105.71,34.54,28825.35,15.763,36,5-10y,12.83,south,B
ln_5a1a864f57bc,2023-02-28,0,61261.52,24.22,12561.27,13.009,60,3-5y,6.46,east,B
ln_2e65ef426cf0,2023-03-31,0,67393.63,19.66,5452.84,13.512,36,<1y,7.41,west,B
ln_765d40f05724,2022-12-31,0,106728.96,10.22,83487.36,7.997,36,1-3y,11.03,west,A
ln_f636164bf9aa,2023-04-30,1,55244.76,17.93,12627.02,13.765,60,<1y,3.66,west,B
ln_b70dc7a7f8f5,2022-03-31,0,33891.28,27.53,19440.73,16.101,60,5-10y,16.22,west,A
ln_14da6345a2ca,2023-05-31,0,55913.26,30.1,12238.61,14.142,60,5-10y,13.31,north,A
ln_3be375d08b02,2023-06-30,0,132859.03,6.08,12231.67,8.509,36,<1y,6.86,west,B
ln_f30899aa8fba,2023-01-31,1,47631.15,37.04,30708.89,14.841,36,1-3y,11.49,north,B
ln_2297d9b35258,2022-01-31,0,79124.63,21.0,25743.61,15.407,36,3-5y,9.8,south,A
ln_3e96bcaef3d8,2022-06-30,0,56130.88,6.01,17452.87,7.361,60,1-3y,13.89,north,B
ln_3d650af70237,2022-12-31,0,38448.61,17.98,29337.52,14.927,60,1-3y,14.01,west,A
ln_5f2cb004b20e,2022-12-31,0,45693.53,21.37,13529.84,16.41,36,<1y,7.69,south,A
ln_914ba90eb59c,2022-09-30,0,18647.41,29.28,26250.77,13.224,36,1-3y,8.09,north,A
ln_1799b34095ad,2023-06-30,0,29786.6,19.62,9502.92,7.248,36,1-3y,13.23,east,A
ln_101e4c97c39d,2022-01-31,0,92645.47,20.62,9018.16,15.594,60,3-5y,11.85,east,A
ln_f69a34fdda24,2023-08-31,0,81580.89,25.3,10017.63,14.019,36,3-5y,13.33,south,A
ln_3b1815f5a193,2022-03-31,1,42053.82,12.8,6510.83,9.308,36,1-3y,8.21,south,A
ln_f5587ea5480b,2022-12-31,0,69429.44,8.92,9236.08,7.916,60,3-5y,18.89,west,B
ln_c6902e52fab1,2022-03-31,1,67107.32,38.9,9994.41,17.281,36,1-3y,10.89,south,B
ln_483fa00a0868,2023-09-30,0,34870.68,15.42,23456.79,13.425,36,5-10y,18.68,south,B
ln_f605f617d8cf,2023-05-31,0,61230.75,36.84,11012.36,16.656,36,10y+,22.11,north,A
ln_a0e41db7e610,2023-07-31,0,36642.53,26.4,6152.54,14.302,36,1-3y,8.27,south,A
ln_76535762c1dd,2023-07-31,0,56495.59,37.78,20238.41,17.797,60,10y+,14.91,west,A
ln_7b5a838b8614,2022-09-30,0,67492.48,37.25,8552.87,15.454,36,1-3y,10.31,west,B
ln_74e9909f5a63,2022-09-30,0,65595.54,14.32,14467.91,7.959,36,5-10y,19.57,east,B
ln_7668ea36793d,2023-12-31,0,97271.67,10.94,15096.24,9.495,36,10y+,12.74,west,A
ln_9c8a5065b18f,2023-05-31,0,121104.61,21.04,2118.2,10.481,36,10y+,22.68,east,A
ln_1afee6e0e8ee,2023-03-31,0,97520.15,29.08,20338.14,15.207,36,3-5y,13.7,south,A
ln_f969e516e5ee,2023-06-30,0,181464.17,33.93,7843.16,14.274,36,3-5y,23.39,south,A
ln_76c5246744c7,2023-07-31,0,66839.53,27.95,9854.52,14.468,60,1-3y,14.58,north,A
ln_4e244170d186,2023-10-31,0,131850.07,13.07,13243.76,7.429,36,10y+,15.67,east,B
ln_33c429b67bee,2023-12-31,1,88812.82,28.76,6596.95,14.543,36,<1y,7.78,west,A
ln_cb314f15c693,2023-06-30,0,43506.19,25.37,21010.17,11.941,36,5-10y,13.72,east,A
ln_a940db8126fd,2023-08-31,0,125675.44,31.19,7257.76,15.31,36,<1y,18.41,east,B
ln_3e0e779b99e3,2022-09-30,0,80198.12,23.44,10692.01,10.348,36,1-3y,10.18,south,B
ln_f9e9bc1dd13e,2023-10-31,0,93588.32,11.77,28625.69,7.199,60,5-10y,12.65,south,A
ln_ee0277f07b2c,2023-03-31,0,60643.44,6.03,14625.44,8.068,60,10y+,11.21,south,B
ln_855fd5afb03d,2023-10-31,1,76856.94,45.23,7336.36,20.347,36,1-3y,15.92,east,A
ln_7c6205d18ce9,2022-08-31,0,88019.47,13.05,47018.0,7.65,36,3-5y,15.03,east,A
ln_10285d7b443c,2022-03-31,0,55607.06,14.74,6307.62,6.381,36,3-5y,17.3,east,B
ln_bc47a08b73de,2023-10-31,1,47688.95,10.07,17560.78,10.606,60,5-10y,12.39,west,B
ln_b467740b4c36,2022-08-31,0,96119.21,3.17,18582.78,7.37,36,10y+,15.6,east,A
ln_729f7d7a4acc,2022-08-31,0,50472.39,16.82,4133.54,10.327,36,1-3y,16.02,west,A
ln_6133b86489f1,2022-09-30,0,88250.22,26.63,13286.28,16.51,36,10y+,13.26,west,B
ln_b3a6e7a458da,2023-01-31,0,100892.88,14.34,39505.8,11.901,36,1-3y,12.02,west,B
ln_09b91a1a1514,2022-03-31,0,87946.37,11.16,10249.85,4.821,60,3-5y,22.96,south,A
ln_d8761706e63f,2023-05-31,0,66352.9,19.87,24155.91,10.957,36,3-5y,19.6,south,B
ln_23094db5c0d3,2022-09-30,0,33566.02,21.85,20523.7,8.561,36,3-5y,15.11,south,B
ln_df15f77088d4,2023-10-31,1,64212.99,21.71,17041.83,14.524,36,5-10y,8.09,south,A
ln_4733b3ed5522,2023-10-31,0,188624.39,22.34,13599.26,13.759,36,10y+,12.4,east,B
ln_6095371d34b0,2022-01-31,0,134148.44,32.97,4552.65,14.476,36,3-5y,18.08,north,A
ln_44b5f429f4f0,2023-01-31,0,85802.07,22.99,7053.21,11.908,36,<1y,17.61,north,A
ln_fc79fe7d21c7,2023-09-30,0,60115.22,30.71,8316.03,14.077,36,3-5y,13.02,north,B
ln_a5e2a059e10e,2022-06-30,0,83481.41,20.19,18159.13,11.487,36,5-10y,15.96,west,A
ln_ee6a0df976fd,2022-04-30,0,52590.16,20.51,12345.6,18.041,60,1-3y,8.43,east,B
ln_ea64af33f964,2023-09-30,1,30323.97,45.15,14716.54,20.329,36,1-3y,8.89,east,A
ln_e5d5f0cfb036,2022-09-30,0,57786.02,25.45,14680.97,13.337,36,5-10y,18.69,south,A
ln_8b8f4f9ea28e,2022-11-30,0,112339.52,28.84,8969.16,12.382,36,<1y,11.72,west,A
ln_85281d18c686,2022-10-31,0,76022.43,21.66,12970.29,8.531,36,10y+,13.83,north,B
ln_b440ec04692b,2022-12-31,0,92240.87,13.46,6229.58,5.347,36,10y+,12.37,east,B
ln_996a1edb0b2f,2022-01-31,1,67230.71,29.02,9993.34,17.846,60,<1y,5.71,north,A
ln_a5bafd65e515,2023-05-31,0,161693.84,0.5,9237.57,7.208,36,1-3y,5.41,east,A
ln_4b74aeeb05d6,2022-04-30,1,66368.56,29.14,7222.75,15.095,60,3-5y,16.18,north,B
ln_0db1e35434dc,2022-05-31,0,111193.5,4.59,11462.22,10.258,36,3-5y,11.12,north,A
ln_30f31e9fd1bb,2022-07-31,0,42174.23,21.06,11425.92,12.418,36,5-10y,8.81,south,A
ln_4fa424fd1c35,2022-12-31,1,43447.65,22.0,17342.52,14.529,60,3-5y,8.01,east,B
ln_202d5f5be627,2023-07-31,0,59933.81,8.62,14369.3,8.552,36,1-3y,18.19,east,A
ln_ae7f1b6f9d00,2022-03-31,0,67906.68,16.74,11664.37,10.309,36,5-10y,16.04,east,A
ln_54a27de48a4c,2022-09-30,0,65295.05,10.03,9597.16,10.948,36,5-10y,18.71,east,B
ln_359553d9a8e3,2022-01-31,1,39924.59,31.29,6281.53,10.84,36,<1y,15.59,east,B
ln_62cfbb7ca00e,2023-04-30,0,100016.41,15.92,10131.29,10.823,60,3-5y,18.05,south,B
ln_7bf3d5007c94,2023-03-31,0,24753.05,14.98,30659.8,4.417,36,5-10y,25.33,east,A
ln_2ca27d2d5d7e,2022-02-28,0,107881.31,14.67,6990.41,12.813,36,5-10y,12.0,north,A
ln_295de0287fcc,2023-07-31,0,122879.88,18.66,19259.43,6.322,60,<1y,28.82,north,B
ln_d75ce957dff5,2023-12-31,0,45052.8,21.28,21825.2,8.729,36,3-5y,14.43,east,A
ln_764d4125f4cd,2022-03-31,0,53371.8,20.25,25073.67,11.756,36,5-10y,8.87,north,B
ln_e057049103ab,2022-11-30,0,40226.38,28.03,10600.9,9.893,36,<1y,10.67,west,A
ln_75780f7062f4,2022-08-31,0,67944.71,12.78,34013.2,8.204,60,5-10y,13.67,west,A
ln_eca8d7ed6092,2022-03-31,0,73147.86,21.52,4942.01,10.796,36,3-5y,9.74,north,A
ln_f94d75c01a69,2022-08-31,0,40335.72,28.9,12474.98,12.96,60,1-3y,7.27,south,B
ln_65ff2c2c265d,2023-12-31,0,28215.83,25.98,24139.78,13.201,36,5-10y,15.94,west,B
ln_8dc26cc58e01,2023-06-30,0,51087.65,23.28,15077.8,13.249,36,1-3y,9.17,east,B
ln_28e68ca699d6,2023-05-31,0,209692.82,20.35,27644.54,10.877,60,3-5y,18.73,east,B
ln_61d0065f6b77,2022-08-31,0,74242.57,8.92,27269.39,8.065,60,3-5y,11.33,north,A
ln_30286619ac69,2022-03-31,0,92494.72,17.84,14923.2,9.932,36,10y+,20.18,north,A
ln_4b62f59c8aab,2023-04-30,0,75768.7,10.58,8476.78,9.387,36,1-3y,16.55,east,A
ln_304e1e560fba,2023-03-31,1,73505.9,33.31,18626.07,19.33,60,1-3y,17.17,north,A
ln_cd5dda60c7c9,2022-04-30,0,106422.51,16.44,10812.79,11.218,36,<1y,17.95,south,A
ln_91ba6cc06497,2022-02-28,0,119759.28,30.08,12386.35,17.876,36,1-3y,10.28,west,A
ln_ded970936219,2023-04-30,1,48558.95,20.61,22941.0,15.397,36,1-3y,10.84,east,A
ln_60c6713016df,2022-08-31,0,51138.2,20.14,45340.57,11.366,36,5-10y,16.15,south,A
ln_1ab3eec383ed,2023-08-31,0,56840.98,22.16,27810.63,11.034,36,10y+,16.11,west,A
ln_13e6142d7b6d,2022-01-31,0,62327.25,23.32,23874.75,12.901,36,10y+,18.41,west,A
ln_ca7b15b4eb74,2022-10-31,0,73780.18,24.2,6634.85,7.825,36,1-3y,18.74,east,A
ln_a4fdc9389636,2022-11-30,0,62208.06,16.68,15666.7,9.594,36,1-3y,11.0,south,B
ln_d56c8040ba04,2023-03-31,0,94192.78,17.33,10269.7,13.53,60,1-3y,9.18,north,A
ln_4546fbcb7c5b,2022-01-31,0,78793.07,15.01,8873.06,7.938,36,10y+,11.44,west,B
ln_266046a03edb,2023-05-31,0,105026.17,10.09,7592.15,8.188,36,10y+,19.32,east,B
ln_517f537e6a4b,2022-11-30,0,90980.78,15.89,4153.34,6.471,36,5-10y,18.27,west,B
ln_3fcc8bca6970,2022-05-31,0,48530.96,14.79,7316.19,8.504,36,1-3y,9.12,east,B
ln_58b42fa49890,2023-09-30,0,46891.24,14.04,20501.14,9.391,60,1-3y,7.84,south,A
ln_6b8a00ee615d,2023-12-31,0,60875.33,19.16,14246.47,13.896,36,1-3y,9.48,north,B
ln_653105e7dba3,2023-01-31,0,42589.83,28.43,5980.7,13.772,60,10y+,9.77,south,A
ln_924d5c12fb3c,2022-09-30,0,41024.76,33.66,5826.41,17.195,60,5-10y,11.5,north,A
ln_b0e940824347,2023-08-31,1,59578.48,23.66,16355.42,12.725,36,1-3y,13.49,north,A
ln_14ca57ad207e,2023-06-30,0,78188.48,18.07,11994.15,9.387,36,5-10y,14.81,west,A
ln_90998f3a2e94,2023-01-31,1,44740.41,14.66,17543.92,14.976,36,3-5y,9.81,north,A
ln_bb6462155d48,2023-02-28,0,106477.24,27.47,13523.4,10.397,36,3-5y,10.52,east,A
ln_82caee8e8fbf,2023-02-28,0,72894.06,12.55,12572.02,11.695,60,5-10y,13.35,west,B
ln_0ba903a56a1a,2022-09-30,0,71184.57,13.05,31962.05,7.438,60,1-3y,9.77,east,A
ln_b21e0db9b6be,2023-01-31,0,56847.5,23.44,22920.6,9.943,36,10y+,16.5,west,B
ln_613961a57c86,2023-10-31,0,70389.45,24.53,12666.17,12.38,36,<1y,6.33,west,A
ln_8861278012c4,2023-10-31,0,67253.72,17.37,15832.66,8.923,36,3-5y,12.33,east,B
ln_8cd30a228761,2023-01-31,0,85865.11,15.77,20121.32,6.853,60,3-5y,12.01,east,B
ln_c073f9c1a6cd,2023-08-31,0,121043.34,27.81,15359.05,11.922,60,3-5y,11.31,west,A
ln_343e2a75bcfc,2022-04-30,0,48608.57,13.62,22263.34,13.234,36,5-10y,9.91,west,B
ln_07060eebaaf1,2022-10-31,0,75070.93,24.62,9431.81,15.677,60,1-3y,11.8,north,A
ln_28fda780ee3c,2023-01-31,0,63108.82,20.5,29213.32,10.408,36,10y+,11.73,south,B
ln_2aeb85486588,2022-02-28,0,157947.29,17.65,20350.76,9.747,36,1-3y,16.23,west,A
ln_5e4918bd54ee,2023-07-31,0,37912.91,7.09,11085.56,8.169,36,5-10y,10.98,north,A
ln_bca49e1264eb,2023-12-31,0,78704.02,31.69,37401.13,16.428,36,1-3y,20.51,north,B
ln_38d3f2caef60,2022-02-28,0,43746.06,33.04,14788.08,18.12,36,1-3y,8.6,east,A
ln_9a651078357b,2022-07-31,0,56083.6,15.49,17264.18,8.093,36,3-5y,9.54,south,A
ln_5fada04fd57a,2022-06-30,0,50565.62,24.86,10639.21,14.174,36,<1y,7.98,east,A
ln_04e1f132c9e4,2022-02-28,1,58211.73,18.98,26011.57,13.832,60,1-3y,5.19,south,A
ln_fe450a0b38c5,2023-06-30,0,86337.07,14.95,26096.22,6.271,36,10y+,20.33,north,B
ln_7fac012cf989,2022-02-28,0,80479.11,23.99,6457.6,8.813,60,3-5y,20.17,east,B
ln_f864decea1a2,2023-12-31,0,45891.86,21.14,12722.79,13.132,36,3-5y,9.6,north,B
ln_5ddad1232b0b,2022-06-30,0,31445.39,26.89,14827.61,11.033,36,1-3y,13.61,north,A
ln_e3129ffd9034,2022-11-30,0,48156.68,22.52,18775.29,10.088,60,1-3y,15.55,north,A
ln_c382fa0bf61c,2022-02-28,0,65847.51,10.64,11185.49,10.955,36,3-5y,8.41,east,B
ln_41bbc19ebda8,2022-05-31,0,87003.62,23.93,16052.37,14.606,60,1-3y,12.92,east,A
ln_1ef1c5da4062,2023-11-30,0,74975.69,24.41,10019.4,12.422,60,10y+,18.53,north,B
ln_e3e65aba4b94,2023-02-28,0,38791.63,10.95,11507.34,9.772,36,<1y,9.26,west,B
ln_6f5b3dc4806a,2022-12-31,0,114542.32,13.32,23409.06,11.377,36,10y+,13.2,west,A
ln_7e66034c34d6,2022-09-30,0,113501.34,16.14,38629.84,10.289,60,1-3y,8.51,east,A
ln_8a4867be2220,2023-06-30,0,60349.09,19.26,17079.43,15.681,60,1-3y,20.58,south,B
ln_4eb853b8fcc0,2023-08-31,0,55024.28,17.97,21136.11,11.017,36,1-3y,9.72,north,B
ln_5ee0676e2242,2023-12-31,0,77808.56,13.79,10264.42,9.251,36,3-5y,9.47,west,A
ln_6f1b4c4a6f6a,2022-02-28,0,105697.54,18.72,14742.09,11.284,60,10y+,17.37,north,B
ln_7cc97574e38a,2022-06-30,0,24965.35,24.81,7154.43,13.417,36,10y+,8.5,north,A
ln_9a6144afbada,2023-01-31,0,55288.69,17.34,3236.31,12.233,60,10y+,19.26,west,A
ln_58941fa0dc7a,2022-01-31,0,24334.48,29.98,21173.21,12.799,60,3-5y,11.9,north,A
ln_936764be57ef,2023-09-30,0,64035.1,25.86,7056.39,12.286,36,3-5y,10.36,east,B
ln_c75340844e14,2022-12-31,0,102478.42,20.85,14370.3,15.207,36,10y+,16.4,west,A
ln_4dbef46ad184,2023-11-30,0,54593.9,10.42,32235.59,13.843,60,5-10y,14.47,north,A
ln_81be8ac5cca6,2023-03-31,0,73401.99,27.84,6153.73,17.519,36,1-3y,13.6,south,B
ln_eb3a82fc1d1d,2023-11-30,0,39828.27,15.0,7645.89,9.774,36,1-3y,14.67,north,B
ln_c55d322094d2,2023-03-31,0,67114.37,19.16,9290.81,12.805,36,1-3y,15.78,north,A
ln_322439de747f,2023-03-31,1,46778.99,31.23,7697.15,15.879,36,1-3y,16.04,north,B
ln_7311888b4ace,2023-02-28,0,56279.31,13.2,25286.91,10.315,36,<1y,17.68,north,A
ln_bd7aefd0ba12,2023-10-31,0,70807.86,19.14,11513.19,12.925,36,1-3y,12.39,east,A
ln_e13f2472dca4,2022-02-28,1,83571.18,30.0,10597.27,14.782,60,10y+,17.32,south,B
ln_2932faa3e2d8,2023-04-30,0,101484.14,23.82,21288.2,13.289,36,1-3y,10.56,south,A
ln_89add629ca75,2023-11-30,0,98144.52,27.17,8875.87,11.605,36,3-5y,9.84,south,B
ln_47227697831f,2022-01-31,0,74381.85,23.31,6483.11,10.828,60,1-3y,16.46,east,B
ln_b3c6359cef6c,2023-03-31,1,46273.8,29.13,23160.57,15.477,36,<1y,13.65,south,A
ln_518a9fc1a982,2022-08-31,0,68028.58,12.5,25362.01,8.59,36,1-3y,9.41,east,B
ln_8b6b19f1c4bf,2023-03-31,0,73136.19,21.75,22877.93,13.388,36,10y+,10.72,north,B
ln_fc8995bc5321,2022-01-31,0,61827.09,21.62,40165.06,10.909,36,3-5y,9.73,south,B
ln_104aa2b889fb,2023-07-31,0,64818.05,18.0,16595.0,11.57,36,5-10y,10.02,south,A
ln_f13f513f0dc0,2023-04-30,0,62949.76,29.47,20682.86,14.671,60,3-5y,14.19,south,A
ln_ccd96bba64eb,2023-09-30,1,88074.77,23.69,12671.21,11.815,60,5-10y,14.7,west,A
ln_416c7715faab,2022-02-28,0,48055.05,17.52,9536.64,9.013,60,10y+,14.46,west,A
ln_b7b1fc2549a4,2022-02-28,1,32819.95,15.95,15923.99,12.447,60,5-10y,16.03,south,A
ln_8d77299589ef,2023-10-31,0,66754.92,21.29,7212.56,10.757,36,1-3y,21.93,west,B
ln_906663ecc3a8,2023-08-31,1,43301.69,28.3,6078.65,16.084,36,<1y,6.18,east,B
ln_424f3104b61f,2022-07-31,0,26832.62,11.76,10679.39,8.938,36,10y+,14.63,east,B
ln_1ca607f9ff02,2023-10-31,0,45904.32,23.27,13357.43,13.041,36,3-5y,11.38,north,A
ln_e80bc9f0b04f,2022-11-30,0,53540.09,24.07,9923.84,11.91,60,<1y,23.78,north,A
ln_1e65cc694db2,2022-08-31,0,65904.28,20.34,33339.52,8.866,36,3-5y,16.16,south,A
ln_0b138fb2afaa,2022-12-31,0,38914.65,10.88,6600.17,12.941,60,3-5y,24.74,north,B
ln_3b2b7fd4f811,2023-08-31,0,102083.04,14.41,16930.48,11.512,60,10y+,13.33,south,A
ln_31976b496504,2022-05-31,0,63612.76,18.42,9820.64,12.794,36,1-3y,7.45,west,A
ln_cca154c7ff73,2022-06-30,0,47777.96,3.57,10634.44,6.647,60,3-5y,9.2,north,A
ln_d084bf3da7c7,2022-09-30,0,130495.07,35.26,22708.25,18.196,36,3-5y,14.19,south,A
ln_3c35d67e92fa,2023-07-31,0,110471.63,23.86,13216.85,10.491,36,5-10y,8.74,north,A
ln_f3e79cb0680e,2023-10-31,0,31501.49,25.23,30061.07,12.773,36,1-3y,8.72,west,B
ln_100cef03b222,2023-04-30,0,68840.96,7.54,15264.2,8.552,36,3-5y,11.65,east,A
ln_25e006d30131,2022-12-31,0,52932.07,15.12,13978.57,6.627,60,10y+,12.85,west,A
ln_98abcf70449e,2023-04-30,0,73270.37,19.27,5597.1,15.094,60,10y+,9.42,east,A
ln_af65111c2356,2023-03-31,0,52050.4,29.83,8285.45,13.759,36,10y+,25.79,east,A
ln_1c9b00e6bba9,2022-02-28,0,91080.64,19.19,9118.05,13.576,60,3-5y,8.73,north,A
ln_77c920e576f8,2022-05-31,1,48153.51,10.62,8310.11,8.718,36,3-5y,8.9,north,B
ln_dc1d03c1784b,2023-11-30,0,87150.39,22.5,8459.61,12.101,36,1-3y,13.23,east,B
ln_aded999291ec,2023-03-31,0,33434.79,11.42,21219.12,10.77,36,3-5y,9.48,south,B
ln_6c61a9155fcb,2022-07-31,0,45634.2,16.74,19881.26,15.951,36,3-5y,5.73,south,A
ln_a49a5cff4e59,2023-04-30,0,91359.68,23.89,31779.71,11.24,36,5-10y,12.86,east,B
ln_d8e6938f106a,2023-09-30,0,36068.49,25.57,13733.07,14.008,60,5-10y,22.4,east,B
ln_38044c7123db,2022-10-31,0,184559.68,20.84,30759.04,9.763,36,10y+,15.51,west,A
ln_f11e82ea0721,2022-03-31,0,52523.62,19.24,8698.12,10.264,36,5-10y,17.27,east,B
ln_a2bcf343d99d,2023-08-31,0,73117.37,6.64,15879.94,8.125,36,1-3y,15.77,north,A
ln_ac4526c8f244,2023-04-30,0,71992.17,13.84,13827.08,11.22,60,1-3y,7.72,west,B
ln_e9a7f50bc18a,2023-07-31,0,61171.47,21.11,23238.64,13.604,36,3-5y,13.8,north,B
ln_8eec38bd6fd2,2022-02-28,0,58861.51,8.43,32977.82,6.382,36,5-10y,12.34,north,B
ln_1fa8c3ffc573,2022-10-31,0,34515.88,28.64,13451.75,14.85,36,10y+,11.62,east,A
ln_f371dc17ac59,2022-07-31,1,52064.41,28.67,18647.71,18.013,36,3-5y,7.89,south,B
ln_ce70b52186a2,2022-02-28,0,46758.23,15.62,10137.7,10.311,36,10y+,11.08,north,A
ln_a0b327f35d9b,2023-08-31,0,40067.05,13.44,5006.16,10.552,36,1-3y,7.64,north,B
ln_6a299b047958,2023-02-28,0,22857.96,17.4,38187.48,12.409,36,10y+,8.43,south,A
ln_ecdf752e08e2,2023-07-31,0,61141.18,19.77,5355.97,10.337,36,1-3y,11.26,north,B
ln_53533b1087a1,2023-09-30,0,48071.03,8.7,19124.05,6.437,60,1-3y,12.95,east,A
ln_35ad762cebd0,2023-07-31,0,76263.5,20.78,15202.92,12.051,36,10y+,16.07,west,A
ln_9253cd7b1f71,2023-06-30,0,68263.8,17.56,25013.07,8.039,36,3-5y,16.6,north,B
ln_6e766b81cd6b,2022-08-31,0,101248.83,8.56,17020.3,8.098,36,3-5y,9.74,south,A
ln_661640ff1b40,2023-07-31,0,56187.54,33.74,16594.05,16.52,36,10y+,11.11,east,A
ln_6dd8a192bdc4,2022-04-30,0,55629.75,26.69,49594.43,18.006,36,5-10y,8.56,east,A
ln_634bc67f585c,2023-01-31,1,41476.02,30.29,19009.36,11.944,36,10y+,20.73,west,A
ln_176b4da2f476,2023-07-31,1,134925.88,24.19,12385.46,11.602,60,10y+,10.54,north,A
ln_972ef787dbac,2023-01-31,0,74617.58,22.57,8128.37,11.425,36,5-10y,24.55,west,A
ln_c8a7411ba6e9,2022-10-31,0,55869.15,26.67,14734.4,14.345,36,5-10y,12.07,west,B
ln_4fac986f77ec,2023-05-31,0,45067.11,18.69,20475.37,13.127,36,1-3y,13.15,east,A
ln_1b63965ba535,2022-10-31,0,81876.14,10.33,11133.93,7.73,36,<1y,11.29,south,B
ln_7f4c2b89ba61,2022-10-31,0,34629.0,23.69,12013.5,14.14,36,10y+,15.15,south,A
ln_e423cf2450d2,2023-04-30,0,78255.52,4.14,7219.54,8.389,36,3-5y,11.37,west,B
ln_03665f24481c,2022-12-31,0,93119.83,6.03,25219.33,8.877,36,5-10y,9.76,south,A
ln_a3519907a3a4,2022-11-30,0,52115.22,23.18,8750.42,14.312,36,3-5y,17.28,east,A
ln_4188adcb2815,2022-02-28,0,78006.46,16.17,10853.96,8.121,36,<1y,11.94,south,A
ln_16f9044f3ac5,2022-09-30,0,53583.69,21.16,13501.03,8.671,60,1-3y,9.36,west,A
ln_adab01b49352,2022-07-31,0,120702.72,34.47,22834.95,16.377,36,5-10y,8.48,south,A
ln_59b420323b04,2022-10-31,0,72983.19,20.76,19721.48,12.701,36,1-3y,15.07,west,A
ln_913a3b54ff19,2023-04-30,0,59993.21,31.15,16031.0,16.811,60,10y+,19.11,south,A
ln_02023e31a993,2022-11-30,0,94940.01,28.14,15784.68,14.602,36,1-3y,12.16,east,A
ln_e6a9f4602142,2022-01-31,0,52717.28,18.49,19629.53,10.444,36,1-3y,13.49,east,A
ln_52f52450f385,2022-09-30,1,34471.15,32.13,35855.06,16.048,36,1-3y,6.61,north,B
ln_53a0ce07f8a7,2022-10-31,0,24022.08,22.07,6220.31,9.491,36,10y+,15.54,south,A
ln_869e320d9b04,2022-02-28,0,59034.22,15.66,16429.17,10.244,36,10y+,10.24,south,A
ln_c17a249806af,2023-02-28,0,32178.62,28.94,6762.56,19.285,60,3-5y,18.94,north,B
ln_e8a00a1f94e0,2023-11-30,0,25083.4,30.04,15669.84,16.098,36,1-3y,6.93,west,A
ln_0b6f46d91c9a,2022-06-30,0,47992.48,18.42,15098.09,10.115,36,5-10y,9.45,south,B
ln_36e462ff23f9,2023-09-30,1,40277.92,19.61,4564.82,12.284,60,3-5y,9.85,east,A
ln_9a75598c26d7,2022-09-30,0,78665.02,22.62,20056.92,10.047,60,5-10y,13.48,east,A
ln_18f758795338,2023-07-31,0,19884.01,15.27,33653.66,9.939,36,<1y,23.24,east,A
ln_c51035d24255,2023-10-31,0,130183.67,23.12,7242.86,10.316,36,3-5y,11.19,north,A
ln_86b86fe90cc9,2022-11-30,0,25341.02,17.45,14160.56,11.165,60,1-3y,15.5,east,B
ln_498b043938ad,2023-09-30,1,33801.05,25.4,5876.46,11.58,36,5-10y,17.41,west,A
ln_1673b46cf1aa,2023-12-31,0,54190.97,29.62,6942.79,11.138,36,5-10y,18.17,east,A
ln_ffa94dfdea44,2023-05-31,0,58189.81,32.8,10822.54,20.145,36,<1y,9.95,west,A
ln_bb75dbfbeb66,2023-10-31,0,48259.14,21.25,8687.99,14.418,36,10y+,11.37,west,B
ln_d8711ca525b1,2023-07-31,0,24550.0,20.63,39831.48,9.752,36,3-5y,7.83,north,A
ln_7609e4a71287,2022-11-30,1,41926.98,48.3,31671.97,21.19,36,1-3y,7.94,north,B
ln_218091a7a57a,2023-05-31,0,44037.53,22.37,11019.38,13.924,36,1-3y,9.05,east,B
ln_89e79ec0a404,2022-05-31,0,33900.24,21.54,11845.71,10.096,36,5-10y,14.46,south,B
ln_4c09d27c0773,2022-11-30,0,60666.04,30.9,28435.57,13.521,36,<1y,17.08,north,A
ln_ab5d52ba64a2,2022-09-30,0,81251.01,31.34,44172.86,13.362,60,<1y,13.77,north,A
ln_539cf7f580c7,2022-11-30,0,48133.96,30.0,10889.1,18.65,60,10y+,14.08,east,B
ln_37c7344b876d,2022-08-31,0,67149.19,20.4,11162.53,6.41,36,1-3y,23.93,north,B
ln_5212db25eaec,2023-10-31,0,62511.82,21.71,11549.73,10.851,36,10y+,11.71,north,B
ln_0812120eef68,2022-08-31,0,39211.01,32.19,12128.74,12.798,36,10y+,13.79,north,B
ln_c3e7678e4b66,2023-07-31,0,108852.9,23.24,17905.19,14.385,36,1-3y,13.53,north,B
ln_71c2c067c519,2022-11-30,0,83239.44,29.97,17985.84,16.257,36,10y+,11.23,west,A
ln_c2aebfd0d473,2023-07-31,0,168995.52,27.27,8039.95,14.075,36,<1y,11.87,east,B
ln_6cab1ee3c423,2022-02-28,0,56586.36,24.99,14096.78,10.514,36,3-5y,19.03,north,A
ln_ce2c5db10c23,2022-12-31,0,46984.07,26.73,17080.5,9.92,36,1-3y,12.36,east,B
ln_ff2a5cf20db9,2023-05-31,0,91220.66,16.48,6197.14,10.215,36,1-3y,15.6,north,A
ln_ab3e8367db2d,2022-01-31,0,67326.56,21.76,7893.96,8.958,36,10y+,15.45,west,A
ln_67286f5a3f50,2023-08-31,0,41762.94,28.41,24678.17,12.373,60,1-3y,13.79,north,A
ln_5eae0efaa463,2023-02-28,0,130778.19,24.34,11759.62,14.994,60,5-10y,12.77,north,B
ln_4f51157379f5,2023-11-30,0,85349.68,26.43,7078.03,12.548,36,10y+,10.58,west,B
ln_fb523023ad08,2022-01-31,0,49850.94,19.7,17461.33,11.965,36,1-3y,11.82,north,B
ln_8b7de203495c,2023-02-28,0,89900.98,16.29,10515.39,11.882,36,1-3y,12.58,north,A
ln_b11fb85cf466,2022-12-31,0,52308.56,22.56,31299.39,14.139,36,1-3y,16.93,west,A
ln_9c8552a79db5,2022-07-31,0,49420.36,24.03,7844.68,14.734,36,1-3y,10.05,north,A
ln_60e331d3ad64,2022-11-30,1,60157.36,21.6,16170.59,13.976,60,1-3y,7.83,east,A
ln_f14da79390e3,2022-08-31,0,42675.7,23.75,12097.97,12.416,36,10y+,20.18,south,A
ln_14749941e428,2023-08-31,0,66672.51,11.56,10641.22,8.968,36,1-3y,11.84,west,A
ln_e24ea69c4e66,2022-08-31,0,21323.06,21.0,10694.29,9.517,36,3-5y,12.45,south,A
ln_1c14904f082d,2022-04-30,0,58089.82,9.01,8541.28,6.134,36,<1y,6.41,south,B
ln_d0d3bac6c564,2023-06-30,0,71394.32,19.1,41048.03,9.081,36,10y+,21.16,west,B
ln_fe4443367747,2022-06-30,0,45504.34,20.29,14921.95,11.942,36,1-3y,11.73,north,A
ln_4c1aeb852211,2022-05-31,0,68118.6,19.43,13166.12,9.268,60,1-3y,7.54,north,B
ln_2e03b1cc58d2,2023-09-30,0,46910.64,22.91,10310.31,11.964,36,10y+,21.6,east,A
ln_675c37cf7926,2023-10-31,0,39341.37,14.51,20576.36,10.529,36,5-10y,14.6,north,A
ln_550f615954b6,2022-08-31,0,64724.08,17.3,6813.05,11.659,36,1-3y,15.73,east,B
ln_c83a80997f53,2023-06-30,0,32236.4,22.19,25224.01,12.951,36,<1y,5.14,west,A
ln_0050512e9a82,2022-11-30,0,55375.33,15.79,22194.17,7.844,36,1-3y,7.36,west,A
ln_5ed46726c62e,2022-01-31,0,59420.9,27.63,19958.38,12.264,36,5-10y,9.15,east,A
ln_b90a7c5de507,2022-11-30,0,33338.77,10.96,12042.14,10.396,60,<1y,5.54,west,A
ln_55fb7cfe01f2,2022-08-31,1,67581.55,15.99,33376.06,12.352,60,1-3y,13.02,south,B
ln_92ea8ac3ebe5,2022-09-30,0,26430.68,9.41,9000.39,9.217,36,1-3y,8.04,east,B
ln_71c6098e397e,2022-12-31,0,42121.57,30.96,8785.08,16.996,36,1-3y,9.46,north,A
ln_29636330850a,2022-06-30,0,36741.25,3.82,11975.06,5.632,36,3-5y,9.12,north,A
ln_c54b0a0d7c6e,2023-10-31,0,83524.97,11.08,12798.96,11.267,36,5-10y,13.0,north,B
ln_f3d7ada5ae69,2023-10-31,0,25626.51,29.62,24225.15,14.807,36,10y+,18.57,west,A
ln_190f7071a2f5,2022-01-31,0,51724.9,19.26,11435.94,10.43,36,10y+,17.46,east,A
ln_0cf697a2d634,2022-11-30,0,48356.29,15.04,8165.57,6.527,36,3-5y,21.65,west,B
ln_0811a9b1324e,2023-02-28,0,147642.54,29.44,10208.19,11.955,60,1-3y,12.84,south,A
ln_e54cd56b9c81,2022-09-30,0,66187.89,40.74,20974.28,17.181,36,3-5y,16.93,south,A
ln_69e08e22a3bf,2022-01-31,0,44209.36,14.06,15372.24,12.507,60,1-3y,11.3,south,B
ln_ff03f5441fca,2023-02-28,0,60812.03,14.43,32418.05,8.879,36,10y+,16.32,east,B
ln_4fab3acbfa3c,2023-08-31,0,92019.39,17.35,57143.24,11.18,36,5-10y,14.14,north,B
ln_2f44e69ed7d5,2023-05-31,0,87454.48,24.93,29161.71,8.343,36,5-10y,23.2,west,A
ln_ce3a40cdcb7d,2022-06-30,0,65271.15,12.97,27033.75,7.7,36,3-5y,18.2,north,A
ln_028ac2a83501,2023-08-31,0,86879.28,8.46,6484.17,11.241,60,1-3y,10.68,north,A
ln_486423fc3f5e,2023-12-31,0,31203.95,29.15,10661.42,14.842,60,10y+,7.43,south,B
ln_4ccb3a1bebef,2023-11-30,0,84142.97,14.43,16680.06,9.134,36,3-5y,9.6,south,B
ln_e7f48273e431,2023-02-28,0,91925.02,28.97,11975.01,14.597,36,3-5y,10.72,south,B
ln_c0baa165fc31,2022-04-30,0,69221.03,18.25,21383.85,11.214,36,1-3y,15.52,east,A
ln_bf8635c61448,2022-09-30,0,83924.71,12.88,11040.41,8.563,36,10y+,11.08,south,B
ln_406a8946b98c,2022-06-30,0,80377.1,15.77,33767.37,11.599,36,<1y,15.33,east,B
ln_b978b30c383d,2022-02-28,0,54423.61,25.52,2048.29,15.007,36,1-3y,11.3,east,A
ln_0003e6a2ecf1,2023-02-28,0,148817.33,16.67,17144.6,8.355,60,3-5y,10.59,west,B
ln_98585fe77d0a,2023-01-31,0,32811.97,10.36,11361.88,8.02,36,1-3y,27.69,south,A
ln_6088fe48db5b,2022-03-31,0,50940.07,19.77,20769.12,11.219,60,5-10y,16.18,north,B
ln_ff60252d677f,2023-08-31,0,83012.07,19.58,12384.03,13.022,60,10y+,13.93,east,B
ln_2293c20af042,2023-07-31,0,117892.92,38.64,16020.79,18.879,36,1-3y,11.05,north,B
ln_17bee6a9a4f0,2023-07-31,0,231291.91,19.59,28584.44,14.269,60,1-3y,5.99,west,A
ln_9ff168b8e915,2023-10-31,0,44232.79,24.56,25990.31,11.409,36,10y+,12.78,east,A
ln_3caba2aeb5d0,2022-06-30,0,71295.14,15.76,8826.44,14.052,36,1-3y,10.58,west,B
ln_9f8aea09be4b,2022-02-28,0,23166.48,13.88,30484.11,13.858,36,5-10y,19.82,north,A
ln_e8e8a4e1c318,2022-05-31,0,72274.79,28.26,10430.44,17.291,36,10y+,12.46,east,B
ln_df89c76110eb,2023-10-31,1,29878.61,29.93,14913.0,13.473,36,1-3y,11.39,south,A
ln_3af83c9d5437,2023-10-31,0,58713.98,42.02,17231.57,17.824,36,3-5y,10.45,east,A
ln_4e808dcb3030,2022-02-28,1,41687.9,34.37,51325.59,21.583,36,<1y,10.05,south,B
ln_a91f8ff30b52,2023-08-31,1,19287.26,17.2,37322.28,11.441,60,5-10y,10.85,east,A
ln_e826afa1d2f8,2022-10-31,0,30569.64,21.14,7863.72,12.046,36,1-3y,6.36,north,B
ln_20c420eaf115,2023-06-30,0,106844.28,19.82,9451.68,7.376,36,5-10y,12.0,south,A
ln_3f4d35ed4021,2023-11-30,0,43666.21,19.1,16296.3,11.31,36,5-10y,15.32,east,A
ln_c98e106907ce,2023-05-31,0,69706.44,22.32,16163.02,11.78,60,5-10y,12.87,east,B
ln_e06663d3fed5,2022-04-30,1,158840.22,29.41,6899.64,15.005,36,5-10y,10.47,east,B
ln_5d10fd0c8f01,2022-10-31,0,87954.58,27.79,20596.2,13.538,36,5-10y,13.99,east,A
ln_71fb9a135963,2022-10-31,0,63585.29,24.27,39998.08,12.614,36,10y+,13.6,west,B
ln_5bf11cbdc681,2022-04-30,0,53580.06,20.16,8925.59,13.733,60,5-10y,8.68,east,A
ln_59c377aaaafe,2023-03-31,0,43324.31,12.41,5239.11,9.564,60,5-10y,10.41,north,B
ln_0a68e057746f,2022-07-31,0,88379.2,20.3,5040.52,12.854,60,<1y,6.41,south,B
ln_bb6a24658529,2022-11-30,0,83538.04,2.34,11992.25,7.47,36,<1y,16.62,south,A
ln_cd4650a1b2fe,2022-06-30,0,63142.53,20.78,18430.3,11.217,60,1-3y,11.62,west,B
ln_08851381d645,2023-08-31,0,43223.31,20.2,15721.96,13.69,36,10y+,10.84,east,A
ln_fd43cb788a6d,2023-07-31,0,79047.48,27.85,21166.69,11.431,36,1-3y,8.12,east,B
ln_e6cfaa881fd4,2023-07-31,0,49262.06,16.04,28816.55,8.005,36,3-5y,12.87,east,A
ln_c32fe4dc028e,2022-05-31,0,114768.46,31.43,6384.33,14.358,36,10y+,10.95,west,B
ln_b9751400d575,2023-01-31,0,74690.31,30.36,17607.38,15.054,36,5-10y,10.06,south,B
ln_8fe274d3e3a2,2022-01-31,0,34853.74,4.91,22992.72,7.172,36,3-5y,13.37,south,B
ln_e6bf7f5b18f0,2023-08-31,0,94399.01,20.44,69337.97,9.411,36,10y+,23.54,west,B
ln_a7c29081e686,2022-04-30,0,91735.95,9.62,12934.57,8.788,36,1-3y,10.22,west,A
ln_b7cb6e716aa3,2023-03-31,0,105871.56,16.03,14421.89,11.341,36,1-3y,14.6,south,B
ln_a362a559b240,2023-07-31,0,57844.66,22.05,29412.91,14.449,36,3-5y,8.37,south,A
ln_9ac7fc65510d,2023-06-30,0,56195.06,32.3,61840.42,19.66,36,3-5y,10.79,east,A
ln_6610b47db0e5,2023-03-31,0,94427.36,7.0,22385.83,6.887,36,10y+,17.37,north,A
ln_a6fd7725af8d,2023-02-28,0,35223.91,0.5,19638.53,6.103,60,<1y,5.9,west,A
ln_7411b42ee2aa,2023-04-30,0,60541.62,18.73,29350.86,12.95,36,5-10y,8.9,east,A
ln_7c754f209835,2023-01-31,0,76381.36,20.75,19135.72,12.286,36,1-3y,13.85,south,A
ln_e75eaf0811b6,2023-11-30,0,91596.14,11.53,25662.32,9.616,60,10y+,15.2,north,A
ln_f79d106bee85,2022-01-31,0,36825.62,24.77,9809.2,13.066,36,1-3y,13.72,south,A
ln_3e3cf1b83b77,2022-05-31,1,70959.65,35.48,24282.78,16.734,36,3-5y,13.8,west,B
ln_829714f3d1fd,2022-11-30,1,47387.47,33.11,17571.21,15.286,36,5-10y,8.36,west,A
ln_bffc1787e57e,2023-04-30,0,89306.97,21.56,43747.82,12.063,36,3-5y,14.0,west,A
ln_cc8bc895205f,2023-05-31,1,36854.58,42.4,33767.78,17.572,36,3-5y,16.73,west,A
ln_779e8d7b12ce,2023-08-31,0,51632.76,9.88,16839.94,10.632,36,1-3y,7.74,west,B
ln_a454c17ec372,2022-04-30,0,37347.61,18.12,10127.42,13.351,36,10y+,11.72,west,A
ln_6c9e5d0202e0,2023-06-30,0,25710.19,31.9,31272.88,12.59,36,3-5y,14.93,west,B
ln_1c2404fb8907,2023-02-28,0,76648.96,19.05,11677.01,10.385,60,<1y,12.16,east,A
ln_4519b026aeab,2023-10-31,0,62886.24,17.6,30004.86,11.283,36,1-3y,14.21,south,A
ln_0bdae8bbf548,2023-11-30,0,49104.83,17.06,12104.2,6.364,36,<1y,7.37,north,B
ln_29b4d757b2b2,2022-10-31,0,40343.4,12.5,13302.92,7.211,60,5-10y,18.52,south,A
ln_bb87597438dd,2023-07-31,0,66972.7,13.0,12269.71,8.314,36,10y+,9.07,west,B
ln_f87f94b4fc55,2023-10-31,0,77174.61,24.83,6410.8,12.536,36,5-10y,17.64,west,A
ln_2906204aabdc,2023-08-31,0,63604.97,26.33,19431.34,11.275,36,10y+,11.91,east,B
ln_f34309f87956,2023-12-31,0,140525.28,12.29,9285.52,6.175,36,3-5y,22.91,north,B
ln_213cbd988838,2023-02-28,0,52026.8,20.98,14242.14,9.385,36,5-10y,19.72,south,B
ln_7e3bc49faec0,2023-10-31,1,34432.56,24.43,22395.34,14.806,60,3-5y,5.82,north,A
ln_58f261682e69,2023-09-30,0,33481.87,31.65,18044.01,19.033,36,1-3y,7.56,south,B
ln_e502a8571454,2023-12-31,0,72224.11,29.24,20944.67,16.241,36,10y+,18.07,west,A
ln_20b50e6ba730,2023-11-30,0,58217.47,23.4,9090.48,11.387,36,10y+,20.67,north,A
ln_f130503cd584,2023-12-31,0,53718.93,18.0,7407.61,4.559,36,10y+,26.97,east,A
ln_98c8b5043466,2022-08-31,0,45070.6,39.81,20098.97,13.772,36,10y+,34.64,north,A
ln_5d5ae4bb94a2,2023-08-31,0,53233.26,20.77,4341.46,13.052,36,1-3y,10.01,south,B
ln_741bf11c8f1a,2023-06-30,0,49454.98,24.75,34984.31,8.885,60,3-5y,7.7,west,A
ln_55f7592a223c,2023-09-30,0,82325.33,24.47,19811.88,16.134,36,1-3y,3.39,north,B
ln_79be44086ba2,2022-06-30,0,79219.41,13.37,8810.23,7.9,36,5-10y,16.51,north,B
ln_d05068667d3b,2022-07-31,0,103243.49,4.02,13366.07,5.173,36,10y+,14.67,north,B
ln_fd2fee7d4b08,2023-03-31,1,34235.68,29.54,15316.37,12.27,36,3-5y,17.11,north,A
ln_0b75337b4e85,2022-10-31,0,45456.24,35.5,7265.93,18.514,60,5-10y,16.76,east,B
ln_baf02f1abd03,2023-09-30,0,36830.84,14.51,29543.03,13.072,36,3-5y,15.63,east,A
ln_751d0e2bece3,2022-01-31,0,82777.69,24.13,49129.09,15.26,36,5-10y,12.57,north,A
ln_57425b17e8b0,2023-08-31,0,90956.89,23.15,10337.13,11.832,60,3-5y,7.39,south,A
ln_9199bd540be9,2023-09-30,0,43869.85,13.96,8834.74,10.806,36,1-3y,11.95,east,B
ln_7e5907548162,2022-06-30,0,49920.56,18.43,8535.9,10.072,36,3-5y,10.51,east,A
ln_2215944d20ce,2022-01-31,0,98531.59,9.24,18853.41,8.972,36,5-10y,9.62,east,B
ln_815e1f273abf,2023-08-31,0,71894.2,25.31,8001.33,10.257,36,5-10y,14.13,south,A
ln_555fa28650d0,2023-03-31,0,81814.56,23.79,10495.36,13.283,36,3-5y,9.98,west,A
ln_bdbf72011db8,2023-07-31,0,52741.92,6.81,9015.34,8.743,60,5-10y,22.15,north,B
ln_8bf7f0d101f5,2023-04-30,0,64087.57,18.11,18768.46,12.916,60,3-5y,11.59,north,B
ln_bf9a68e3ec1c,2022-02-28,0,71473.86,26.29,11164.51,10.178,36,<1y,10.45,east,A
ln_ed4c12d7f65f,2022-07-31,0,46432.66,24.57,5838.51,16.196,60,5-10y,11.7,south,B
ln_7b820220a71a,2023-06-30,0,48713.01,28.2,10731.65,16.476,36,10y+,8.4,north,A
ln_44a9d0228ce6,2023-02-28,0,75148.31,29.37,29565.44,13.984,36,1-3y,11.76,west,A
ln_dee3ee31d2fa,2022-05-31,0,85610.42,11.7,19507.24,3.847,36,1-3y,17.7,south,A
ln_46403f0d09a5,2023-12-31,0,84710.51,0.5,23601.7,3.5,36,5-10y,11.3,north,A
ln_5aa01d347f24,2023-12-31,0,40670.26,5.77,74935.41,4.697,36,1-3y,9.29,east,B
ln_7278b2014a5e,2023-09-30,0,55352.26,8.61,33723.56,7.0,36,5-10y,20.12,west,B
ln_ce58468ac53a,2022-01-31,0,110018.5,27.93,12664.56,13.33,60,10y+,17.9,east,A
ln_bebae8f2bb3a,2022-02-28,0,37111.74,15.76,14640.42,8.725,36,10y+,9.4,west,A
ln_c36baf884538,2022-01-31,0,59265.56,20.81,8841.69,8.609,36,10y+,18.4,north,A
ln_d9f5d1796d00,2023-08-31,0,113210.8,20.77,11911.12,13.202,36,10y+,13.72,north,A
ln_bd48974ded80,2022-03-31,0,168115.55,18.67,7363.99,14.057,36,<1y,8.45,south,A
ln_e14e7be15b2c,2022-01-31,0,94333.89,30.42,51744.72,16.133,36,1-3y,15.75,north,A
ln_0941c06d7880,2023-07-31,0,45681.47,12.46,13108.31,8.792,36,3-5y,6.51,north,A
ln_eb6de1b82fab,2022-03-31,0,142059.28,16.97,17538.46,9.019,36,1-3y,12.08,west,A
ln_da889ab19630,2022-03-31,0,75339.49,20.21,12254.91,13.395,36,<1y,8.75,east,B
ln_3f654a8896a9,2022-08-31,1,49496.04,33.64,6716.0,16.692,60,<1y,14.37,south,A
ln_58f747aa3ebb,2023-10-31,0,55020.85,3.52,8836.52,6.562,36,<1y,16.41,west,B
ln_d33e318d32e0,2022-05-31,0,67234.61,8.45,6385.61,5.977,36,10y+,11.43,south,B
ln_69723acd827f,2022-03-31,0,82126.88,31.95,18154.65,17.735,36,3-5y,9.11,south,B
ln_c8bf5e194924,2022-07-31,1,32594.6,12.7,14471.1,10.183,36,5-10y,11.52,east,A
ln_18a356a029a5,2023-09-30,0,67145.43,25.95,28909.3,8.32,36,<1y,4.01,west,A
ln_e7150bee36f7,2022-02-28,1,129702.36,28.24,2905.7,18.831,36,1-3y,9.66,south,B
ln_2a18382e5207,2023-02-28,0,25696.07,23.87,44284.35,11.328,36,1-3y,8.57,south,A
ln_e34f1efa7f07,2023-03-31,0,38103.4,22.23,10917.37,12.657,36,1-3y,13.95,south,A
ln_e1dcb81c6f53,2023-01-31,1,51715.14,30.74,15207.83,14.437,36,5-10y,16.99,west,A
ln_84d03471b347,2022-03-31,1,47267.16,40.08,47794.04,16.039,60,1-3y,15.03,east,A
ln_96edc1dc1989,2023-04-30,0,91435.79,33.42,13150.06,14.134,36,1-3y,14.85,south,B
ln_3591fe4cd28a,2022-06-30,0,37002.59,0.5,25916.48,3.708,36,5-10y,13.62,west,A
ln_91b41c47ebd3,2022-05-31,0,28581.42,17.09,6895.5,10.528,36,3-5y,17.0,east,A
ln_d47456636174,2022-11-30,0,66387.92,27.05,4746.52,13.513,36,5-10y,18.14,north,A
ln_9b4085eb8cbf,2023-12-31,0,57753.75,26.88,6984.41,8.877,36,10y+,27.6,south,A
ln_cea588509b80,2023-08-31,0,23945.07,26.18,26019.25,11.12,36,5-10y,11.67,south,B
ln_7d35771d3221,2023-06-30,0,61785.64,20.1,6626.75,9.822,60,3-5y,10.93,north,A
ln_178f6d66cc19,2022-09-30,0,54587.88,16.39,9929.97,11.996,36,10y+,13.33,west,A
ln_704f4c5df963,2022-10-31,0,45936.15,23.67,12741.31,14.627,36,1-3y,20.03,south,A
ln_f8e3d38ef4ba,2023-11-30,0,89114.49,28.26,12991.77,14.655,36,5-10y,9.8,north,B
ln_c86f1182cd3d,2022-11-30,0,139671.99,23.73,14253.09,14.248,60,5-10y,20.39,south,A
ln_732a30e35c5d,2022-10-31,0,111834.59,8.05,15243.87,7.902,36,3-5y,6.21,south,B
ln_2e7228b88441,2022-12-31,0,36521.08,15.07,6616.88,10.562,36,1-3y,17.89,west,A
ln_e5553b21db8d,2023-12-31,0,77554.13,30.94,8334.04,12.504,36,5-10y,18.06,south,B
ln_0af23d9ff4de,2022-06-30,0,31224.37,9.3,19073.54,6.853,36,1-3y,10.76,north,B
ln_71cd70ff4171,2022-03-31,0,53819.51,22.1,27765.74,12.703,36,3-5y,9.62,east,A
ln_26e969ddeb64,2023-09-30,0,114660.28,0.5,5789.95,6.87,36,10y+,23.18,west,A
ln_556cb564f306,2023-09-30,0,62761.6,34.41,11192.52,14.221,60,1-3y,11.52,south,B
ln_be7e4cd8d9a5,2023-04-30,0,85553.97,24.34,12820.77,12.351,36,1-3y,9.81,south,A
ln_c75057c5c996,2022-06-30,1,27764.88,29.01,19117.41,13.743,60,<1y,13.99,north,B
ln_dddbc12523b3,2022-03-31,0,32873.87,29.16,6489.46,14.638,36,5-10y,14.79,north,A
ln_63b7835c4dc6,2023-12-31,0,31932.13,29.78,10963.36,15.341,36,1-3y,10.63,north,B
ln_01d50d1644a3,2022-04-30,0,30641.78,22.44,72703.31,9.434,36,1-3y,8.34,west,B
ln_c03dc9ea4b3a,2022-05-31,0,66491.38,18.35,16311.45,12.314,60,3-5y,8.79,south,A
ln_2024b96d704b,2022-07-31,0,36374.11,28.21,5714.51,12.374,36,3-5y,9.89,east,A
ln_7230f3bf084a,2023-07-31,0,118147.48,11.77,12415.94,10.512,36,10y+,14.58,west,A
ln_da0e1864b486,2022-09-30,0,58091.91,11.91,5996.35,11.777,36,1-3y,10.47,east,A
ln_a6781ebb1a88,2023-04-30,0,72518.84,33.17,10952.12,20.677,60,1-3y,4.65,south,A
ln_ec96ae093428,2023-03-31,0,90667.63,20.72,20716.86,11.918,36,<1y,10.45,east,A
ln_3ea454a7c47a,2022-10-31,0,48400.15,9.14,28000.77,10.108,60,<1y,7.36,east,B
ln_3769f2338483,2023-03-31,0,70721.58,9.0,12834.6,7.268,36,3-5y,5.39,north,B
ln_39898e1ce74f,2023-09-30,0,41425.18,19.56,33088.11,16.921,60,10y+,13.57,west,B
ln_5e6d517a8388,2023-07-31,0,48292.53,7.55,31659.01,7.221,36,10y+,12.37,south,B
ln_53411bcd8c2a,2022-11-30,1,81188.6,22.73,13416.94,13.667,60,5-10y,11.09,south,A
ln_e8e8f2d66372,2023-03-31,0,51594.05,24.64,9081.1,10.938,36,1-3y,14.29,south,A
ln_7390eb3a5c02,2023-06-30,0,108872.72,25.72,24498.81,15.706,36,10y+,21.63,west,A
ln_285ac91b9060,2023-09-30,0,85036.45,16.86,12206.28,10.953,60,3-5y,16.63,north,B
ln_4b9df49196dc,2023-08-31,1,56285.31,20.77,13802.64,12.704,60,5-10y,13.35,north,A
ln_20f4ea5eb29d,2022-02-28,0,69799.62,15.58,16666.48,8.872,36,3-5y,20.93,east,A
ln_57418ce262a1,2022-10-31,0,155378.32,21.07,13549.13,8.355,36,5-10y,9.88,south,A
ln_67148756a39d,2022-11-30,0,46484.34,33.05,21722.04,16.028,60,3-5y,13.31,south,B
ln_d2fe82712e7b,2022-10-31,0,72287.03,19.57,38270.67,10.71,36,3-5y,13.2,east,A
ln_50de7e245b5d,2023-06-30,0,93029.32,9.7,14478.73,10.185,36,1-3y,7.27,west,A
ln_748ac5017062,2022-07-31,0,51129.15,27.29,13485.79,11.947,36,5-10y,18.27,south,A
ln_58972a021777,2022-04-30,0,114211.03,7.21,16108.61,9.355,36,<1y,6.36,east,A
ln_366f69c85733,2022-03-31,1,48128.16,19.67,10990.44,11.806,36,3-5y,12.93,north,A
ln_96e1937d7a2d,2022-09-30,0,82601.18,19.87,5004.44,12.821,36,3-5y,12.07,west,A
ln_72af4814ecd4,2022-09-30,0,41490.93,0.5,31290.55,3.5,36,10y+,30.39,north,A
ln_d9e0fd4f800f,2023-03-31,0,81014.84,18.3,12611.46,10.309,36,5-10y,13.8,east,A
ln_d7b843b1153c,2023-12-31,0,35778.69,27.17,31859.77,11.909,36,10y+,14.68,west,A
ln_b273b49d914e,2023-01-31,0,40672.99,23.41,21398.59,11.785,60,<1y,11.05,west,A
ln_70ee9ce526f4,2022-02-28,0,90004.83,17.91,16424.95,8.433,36,5-10y,14.01,west,A
ln_83069eebfee7,2023-12-31,0,56540.14,7.57,15613.62,6.546,36,1-3y,8.39,east,A
ln_d996853534f9,2023-09-30,0,57541.15,21.45,3592.19,9.165,36,5-10y,15.17,west,B
ln_42a31cc8b226,2023-11-30,0,78782.25,21.76,11325.07,5.269,60,5-10y,19.5,south,A
ln_dbdf3a865a20,2023-11-30,1,40137.08,41.23,15696.23,18.05,36,3-5y,11.87,west,A
ln_ff41d8274703,2022-03-31,0,26632.88,26.08,17795.32,12.972,36,10y+,12.37,west,A
ln_baa8fe6f8efe,2022-12-31,0,54637.52,14.57,41700.65,10.002,36,3-5y,9.0,east,B
ln_344afb2c51b2,2023-01-31,0,33177.99,21.12,8819.42,12.979,36,10y+,12.36,south,B
ln_9e83afe5e5dd,2022-02-28,1,45283.11,26.3,10915.75,14.697,36,10y+,12.6,north,B
ln_9311cbe617c1,2023-03-31,0,46142.02,13.63,7056.47,9.958,60,3-5y,10.32,east,A
ln_420a53a7c36f,2022-12-31,0,51443.08,13.97,12936.1,12.504,60,5-10y,17.05,east,B
ln_05f821ecc329,2022-02-28,0,45072.25,12.98,21437.71,6.729,36,10y+,19.52,east,B
ln_1a696fc130ff,2022-01-31,0,78506.65,25.99,8798.21,10.914,36,5-10y,11.78,east,A
ln_718d30a5cf48,2023-04-30,0,37895.5,34.8,19333.56,17.399,36,1-3y,13.59,north,A
ln_621ad24dca5d,2023-05-31,0,155095.91,8.91,11489.84,7.121,36,<1y,9.2,north,A
ln_5a717594c848,2023-08-31,1,70396.64,29.66,29736.4,11.178,36,1-3y,21.07,east,B
ln_0c96c58a49a5,2022-10-31,0,61906.14,19.28,48979.11,9.435,36,10y+,18.04,north,A
ln_44610e0cc2bd,2022-09-30,0,81724.15,14.09,24744.08,6.225,36,1-3y,16.24,north,B
ln_e06ead15018e,2023-01-31,0,57264.83,20.58,5359.44,13.818,36,10y+,14.3,north,A
ln_38a62fdd5749,2023-06-30,0,62305.58,28.42,16852.18,13.848,60,5-10y,14.03,east,A
ln_a56678050e0e,2022-11-30,0,66744.92,16.25,13616.4,7.893,36,1-3y,5.83,west,B
ln_41f18aaa6b7b,2022-12-31,1,99633.11,33.33,12625.33,13.33,36,3-5y,14.67,east,A
ln_04525c52985d,2022-02-28,0,34419.26,26.61,9580.41,14.445,36,3-5y,15.11,west,A
ln_0c009000219f,2022-01-31,0,44401.32,12.4,6875.22,6.847,36,1-3y,13.17,east,B
ln_c71e55b1686b,2022-11-30,0,48355.75,27.03,10308.79,15.599,36,3-5y,16.57,west,A
ln_7490d4b6d7f5,2022-07-31,0,51546.66,24.3,16450.5,13.039,36,1-3y,6.64,south,A
ln_9f0d421fcf6d,2022-02-28,1,28166.06,21.53,5991.14,14.408,36,<1y,9.81,east,A
ln_8a1cc0e94c8d,2022-10-31,0,110820.2,17.54,16987.14,10.24,36,5-10y,11.43,west,A
ln_0157039116b3,2022-01-31,0,38922.11,20.25,8831.98,13.242,60,3-5y,5.91,south,A
ln_049ec334ae88,2023-11-30,0,46977.1,4.45,11754.33,5.698,60,<1y,15.6,north,B
ln_0069856845a0,2022-02-28,0,97754.38,22.45,14483.97,10.675,36,5-10y,15.95,east,B
ln_e3d2ac0c7cda,2023-11-30,0,59136.15,30.12,15282.5,13.473,36,10y+,20.13,north,A
ln_c16c2bbbeb46,2023-12-31,0,94950.39,17.58,25591.32,12.881,36,<1y,12.74,north,B
ln_c6d957f66032,2023-03-31,0,74677.56,22.27,15526.31,13.152,36,<1y,8.22,west,B
ln_965d79b48a07,2023-03-31,0,49234.16,18.93,10445.92,12.28,60,1-3y,18.8,east,A
ln_013f5941e5f6,2022-06-30,0,54071.02,19.99,12085.68,12.656,36,10y+,16.35,west,B
ln_4a6abbab0c39,2022-10-31,0,77728.71,33.74,24753.15,14.563,36,3-5y,15.95,north,B
ln_a6d25f6d01df,2022-12-31,0,105624.96,12.95,24683.39,11.664,36,3-5y,13.75,west,B
ln_b43218c466fc,2023-12-31,0,121631.24,12.92,11221.2,10.004,36,3-5y,10.06,south,A
ln_3f28b104743d,2022-03-31,0,52161.84,28.6,8143.89,15.407,60,1-3y,10.52,north,A
ln_ae92d10ac7f8,2023-03-31,1,52712.2,38.41,20363.66,17.441,36,5-10y,8.75,south,A
ln_9597dc0cc36d,2022-01-31,0,85196.02,31.46,22404.56,16.178,36,<1y,9.8,east,A
ln_282c1da5408c,2022-04-30,1,72569.93,34.6,54091.6,18.485,36,<1y,10.9,west,B
ln_00d9f5896aa0,2022-05-31,0,98825.79,17.39,10549.78,11.189,36,3-5y,12.05,south,B
ln_2ec0b5baa892,2022-11-30,0,133654.93,31.46,9285.3,13.749,60,10y+,27.17,north,B
ln_35a0eb65c765,2023-12-31,0,101520.27,13.81,14751.4,7.562,36,1-3y,8.92,west,B
ln_dbac2ca1ad71,2023-08-31,0,54429.46,10.0,13071.77,5.626,36,5-10y,14.86,north,B
ln_499f14b25329,2023-01-31,0,50767.0,13.16,7555.69,10.388,36,1-3y,9.74,north,B
ln_279ef9ae19a9,2022-12-31,0,51278.44,24.66,21963.09,14.801,36,3-5y,10.3,north,B
ln_61cb78ee3d4e,2023-04-30,0,19233.36,22.76,9233.42,10.786,36,1-3y,20.82,east,B
ln_190f1d14d02e,2023-12-31,0,89029.29,19.79,8156.66,12.428,36,3-5y,17.75,south,B
ln_62e11c7302d4,2022-08-31,0,101063.55,17.88,44127.15,10.609,36,1-3y,16.88,north,A
ln_59041820d29d,2023-11-30,0,31064.99,24.08,23089.84,12.132,60,5-10y,15.76,south,B
ln_ab7a94e0de3b,2022-11-30,0,85444.76,26.05,18794.29,14.949,36,10y+,14.46,east,A
ln_480079605906,2022-10-31,0,48703.92,13.79,17133.29,13.546,36,1-3y,5.84,east,B
ln_2b4a0b0ff0a3,2022-08-31,0,70324.94,26.6,11952.88,16.43,60,5-10y,10.42,north,A
ln_8ce24252b3c9,2023-03-31,0,59568.34,24.58,26751.64,13.803,36,5-10y,11.65,west,B
ln_a158804fb64c,2023-03-31,0,49259.83,20.25,10087.36,13.064,36,1-3y,16.18,south,B
ln_3966a9ba522b,2022-08-31,1,60267.48,32.69,26376.06,15.913,36,1-3y,9.67,west,B
ln_6dc2c1ed8fcb,2023-01-31,1,48013.04,34.79,6729.34,19.716,60,<1y,8.37,north,B
ln_c35674592f2f,2022-01-31,0,202863.01,13.04,13890.23,10.215,36,1-3y,3.31,east,B
ln_c89c4981b0c0,2022-05-31,0,33286.9,2.21,8724.9,7.201,60,5-10y,17.69,north,A
ln_e7eb7472f48c,2022-03-31,0,48746.58,17.48,18318.8,13.264,60,5-10y,12.67,south,B
ln_59c9bfa9d8c3,2022-09-30,0,19739.18,33.79,11903.08,13.193,36,10y+,25.15,north,B
ln_d8c624d3e44c,2023-11-30,1,109198.93,14.84,5624.68,10.52,60,<1y,14.29,north,A
ln_b390b28e9d1e,2023-02-28,0,83334.66,21.37,8237.43,12.27,60,5-10y,11.45,east,A
ln_31961de2b948,2022-04-30,0,44583.03,16.79,19105.38,7.724,36,1-3y,6.65,south,B
ln_81b9843de796,2022-02-28,0,62159.6,14.98,16087.31,8.166,60,3-5y,13.94,south,A
ln_1c4e660efa4a,2023-09-30,0,78832.95,22.88,10302.62,12.425,60,<1y,10.19,south,A
ln_fa66427efdf4,2023-04-30,0,55851.09,13.62,6196.2,11.495,36,5-10y,8.2,west,A
ln_c22f17a1e7c7,2023-03-31,1,108553.53,31.15,11580.02,13.23,60,<1y,8.63,east,B
ln_8f1ae31e936b,2023-01-31,0,117830.34,15.15,17281.09,6.466,36,5-10y,13.63,east,B
ln_51343725418b,2023-08-31,0,90809.58,28.66,9390.57,14.544,36,5-10y,12.4,north,B
ln_0800de23cecb,2022-08-31,0,64491.37,14.72,12575.37,11.793,60,10y+,12.23,north,A
ln_38932462f8fd,2023-09-30,0,129876.91,23.95,22465.4,12.568,60,5-10y,14.94,east,A
ln_7b0b19c5eae2,2023-03-31,0,53181.62,30.14,7176.13,18.809,36,3-5y,5.65,west,B
ln_a1774331d370,2023-02-28,1,84441.01,17.75,16292.2,10.08,60,<1y,14.13,west,B
ln_b59bb10a91a0,2023-04-30,0,51846.25,14.07,8639.52,5.555,36,3-5y,21.14,south,B
ln_a12893819775,2022-12-31,0,72475.6,10.62,22420.04,11.218,36,1-3y,5.45,east,A
ln_0cb87825240d,2022-09-30,0,75484.81,16.07,20987.41,12.215,60,5-10y,8.48,south,B
ln_9478d89a3b2f,2022-05-31,0,38481.5,9.82,25375.02,4.636,36,1-3y,15.97,south,B
ln_ae33436cd4a9,2023-07-31,0,237405.34,8.05,45803.45,9.861,36,10y+,11.64,south,A
ln_1b68451791ec,2023-11-30,0,43127.98,27.06,13550.36,13.987,36,3-5y,8.22,south,B
ln_e110f8b6a298,2022-12-31,0,53733.67,31.55,28765.4,11.661,36,1-3y,13.86,south,B
ln_7c3ee82932ed,2023-01-31,0,60292.41,3.61,17609.43,3.5,36,1-3y,11.77,north,A
ln_19ed69b2c249,2023-04-30,0,46228.93,13.2,10615.23,11.744,36,5-10y,9.58,west,B
ln_983f42948cd3,2023-06-30,0,55277.15,9.99,12972.64,6.483,36,3-5y,9.48,east,B
ln_53de5ad02e2d,2023-08-31,1,58128.54,27.44,113513.84,16.052,60,3-5y,15.24,south,A
ln_76cd37222595,2023-02-28,1,56540.89,32.55,12425.08,18.091,36,1-3y,4.58,east,A
ln_5ee0d547a79e,2023-01-31,0,124784.38,16.81,31058.97,9.342,60,1-3y,6.69,north,B
ln_7fb32e1c45c9,2022-12-31,1,66052.86,30.39,9023.7,13.737,60,1-3y,12.97,west,A
ln_fcb4c9ade98d,2022-12-31,0,147562.53,18.61,28892.85,12.287,36,<1y,14.95,south,A
ln_ec85eecbc2cd,2022-02-28,0,119688.66,16.47,9323.1,14.177,36,5-10y,15.74,north,A
ln_9453205c2aae,2022-04-30,0,121406.36,9.61,6450.22,10.082,60,1-3y,18.6,south,B
ln_f94c96ee1aaf,2023-01-31,0,58877.64,25.61,36811.09,11.271,36,3-5y,14.62,west,A
ln_9e4f31999db7,2023-02-28,0,129694.76,17.39,9181.35,9.871,36,<1y,16.71,west,A
ln_2f123bffa4e2,2023-04-30,0,39875.05,19.73,8843.12,10.515,36,3-5y,16.01,west,A
ln_33776817738c,2022-09-30,0,94978.03,10.96,14122.57,9.365,36,<1y,16.34,west,A
ln_ebe38fb62129,2023-12-31,0,67990.36,25.76,7440.22,13.824,36,1-3y,11.8,south,A
ln_6a900991cc8a,2023-07-31,0,40912.55,24.54,15767.43,15.491,60,3-5y,5.97,south,A
ln_f437643d8fa8,2022-07-31,0,72330.81,24.92,11131.7,12.709,36,5-10y,13.51,south,A
ln_3bd2f4fbc197,2022-09-30,0,53579.79,11.87,30825.63,8.68,36,5-10y,14.25,north,B
ln_e6f986f99054,2022-09-30,0,142472.02,23.26,10251.3,5.237,36,3-5y,14.91,north,A
ln_d995eb543439,2022-12-31,0,39344.49,22.8,3891.88,15.169,36,1-3y,13.92,south,A
ln_0008a15ec413,2022-07-31,0,97749.31,20.88,9895.6,12.888,36,3-5y,9.57,north,B
ln_c94223c9243f,2023-08-31,0,28781.23,24.84,5287.8,14.628,60,10y+,13.86,north,B
ln_a1eb555bbe81,2022-11-30,0,49225.24,20.27,6984.88,9.919,36,1-3y,10.11,north,A
ln_f78541d93fa8,2023-11-30,0,55589.04,18.17,3690.04,8.308,36,5-10y,15.43,north,A
ln_49426ad18582,2022-09-30,0,62826.69,25.72,6425.71,16.864,36,10y+,17.11,south,B
ln_db47b3f25ac5,2022-12-31,0,86189.7,22.54,27992.9,11.93,36,3-5y,5.88,east,B
ln_57f550864273,2023-01-31,0,82793.21,8.88,8980.13,11.777,36,10y+,19.07,south,A
ln_b919e7ff104e,2022-11-30,0,47900.54,38.8,31286.21,18.279,36,1-3y,16.18,west,A
ln_d87b72b3c67f,2022-03-31,0,60945.51,14.69,6257.19,15.009,36,3-5y,6.53,west,B
ln_3d515699e87e,2022-04-30,0,49089.73,12.82,11767.45,8.473,60,10y+,15.02,south,A
ln_7a6e479f50b5,2022-05-31,1,56948.42,21.3,12976.77,12.09,36,5-10y,10.64,west,B
ln_16c7c6f2a7e7,2022-09-30,0,34694.09,11.28,29041.78,10.317,36,5-10y,11.27,south,A
ln_1146096cd93c,2022-02-28,0,59848.78,21.28,11416.17,16.752,60,<1y,7.26,north,B
ln_e94f4e10fb42,2022-12-31,0,70478.05,19.5,14822.37,10.511,36,1-3y,12.06,east,B
ln_65aaaa643730,2023-02-28,0,54069.39,34.6,17903.72,17.143,60,5-10y,18.36,east,A
ln_3bd80774c0d4,2023-08-31,0,41969.61,30.43,20923.44,16.596,60,5-10y,15.88,south,A
ln_9e7439c5523b,2022-02-28,0,46777.85,25.81,14986.01,14.121,36,5-10y,12.26,east,A
ln_544725affcf6,2022-12-31,0,82536.94,35.64,30833.74,17.312,36,3-5y,15.07,east,B
ln_90bd1fb89967,2022-04-30,0,50733.13,25.47,17788.56,14.612,36,5-10y,16.14,south,B
ln_b2d0b6a6e039,2022-04-30,0,51604.13,27.56,7977.22,11.44,36,5-10y,18.78,east,B
ln_fbbf15b7ffe4,2022-10-31,0,81960.45,23.03,22221.96,12.273,36,1-3y,8.6,north,A
ln_be0640df5db7,2022-01-31,0,141970.95,25.31,12159.31,11.931,36,<1y,6.86,north,A
ln_b4be814d3b7e,2022-09-30,0,33780.33,27.89,5919.7,14.201,60,3-5y,21.08,south,A
ln_4bad9a2bad58,2023-03-31,0,78997.12,15.02,15040.21,8.889,36,1-3y,24.61,south,A
ln_e7c0413fd4cb,2023-03-31,0,77301.58,24.58,5759.38,11.551,36,5-10y,11.49,east,A
ln_1a2dcb19971d,2022-04-30,0,103439.12,19.51,6651.54,11.947,36,3-5y,11.67,south,B
ln_3ec89c1a3ddf,2022-10-31,0,68647.83,19.44,13844.51,10.824,36,1-3y,8.27,west,A
ln_06ed273f19c4,2022-03-31,0,41429.11,18.86,12896.47,13.535,60,<1y,8.25,east,A
ln_b6d7b7bbe272,2022-11-30,1,56306.16,38.82,72245.33,18.54,60,3-5y,8.43,south,B
ln_8b6665306612,2023-09-30,1,34634.8,20.92,33866.31,12.234,36,1-3y,7.42,west,B
ln_ccb20839428e,2023-06-30,0,113006.14,16.91,15014.14,10.662,60,5-10y,11.74,west,A
ln_a0a9bb47b650,2022-09-30,1,43794.89,38.12,10017.23,17.861,36,1-3y,7.53,south,B
ln_a36ac9c8b115,2022-11-30,0,86378.22,21.5,14799.32,12.898,36,1-3y,17.46,west,A
ln_33ba99b3afce,2023-02-28,0,125660.06,13.4,12843.01,10.028,60,1-3y,7.15,south,B
ln_a6de0805127e,2022-02-28,0,34749.66,25.7,16784.82,13.262,36,3-5y,12.71,west,B
ln_86cc0c365a00,2023-02-28,0,52544.69,26.1,12841.18,12.931,36,1-3y,18.22,east,A
ln_7dd3515b9850,2023-12-31,1,33313.3,38.08,6804.52,14.419,36,1-3y,10.79,south,A
ln_d736a6fab8f2,2022-10-31,0,130206.9,26.16,15355.36,12.396,36,1-3y,7.85,south,A
ln_7f28641fbcb5,2023-10-31,0,63235.16,20.27,12282.92,10.907,36,10y+,15.24,south,A
ln_e9b099f790f5,2023-08-31,0,57455.66,18.88,13553.68,13.787,36,3-5y,15.68,south,A
ln_98ff1dd1ca3b,2023-05-31,0,104002.55,34.8,14475.94,11.882,60,10y+,24.62,north,A
ln_82098ff9cf68,2022-07-31,0,121219.48,23.64,11399.26,15.278,36,5-10y,15.75,south,A
ln_89f9aa62eea9,2022-12-31,1,44681.97,16.78,10272.3,12.43,36,3-5y,10.9,east,B
ln_6cabbe556421,2023-09-30,0,124622.65,12.78,44046.27,10.001,36,<1y,8.78,north,B
ln_a37b166f4ea9,2022-07-31,0,34916.82,28.95,7845.9,10.958,36,<1y,13.59,east,A
ln_3ed08df90eb3,2022-02-28,0,76184.14,17.32,12159.33,10.074,36,1-3y,16.02,east,A
ln_ef47f7359e06,2023-08-31,0,76297.45,27.66,5937.48,15.665,60,<1y,10.18,north,B
ln_f0514c80cd7f,2023-11-30,1,52285.16,31.18,11227.21,14.04,36,1-3y,13.86,north,A
ln_06c13fa19ebc,2022-10-31,0,60902.75,17.54,13124.34,10.98,60,1-3y,9.12,south,A
ln_7af069eab082,2023-12-31,0,79198.32,22.56,15808.8,14.628,36,3-5y,11.89,north,B
ln_9ab69a5fd5e9,2023-01-31,0,56389.94,23.04,14463.69,17.431,36,3-5y,8.28,west,A
ln_46d708374737,2023-05-31,0,54138.17,16.27,15078.01,11.554,36,3-5y,11.65,east,B
ln_a9ad8956465c,2023-04-30,0,30438.42,17.12,38532.78,12.906,60,<1y,8.72,east,A
ln_6fc58f00d55f,2023-07-31,0,66452.14,13.12,7749.91,11.608,60,3-5y,11.84,east,A
ln_e3419e25b98a,2022-08-31,0,70282.3,26.63,13333.04,16.128,36,3-5y,11.25,south,B
ln_ad39afe1ccd0,2023-06-30,0,51387.52,22.49,9969.17,12.33,36,10y+,21.51,south,B
ln_db0eed25c230,2023-01-31,0,58515.4,29.45,19839.63,14.841,60,<1y,15.33,east,B
ln_da89323c84bf,2022-10-31,0,122474.87,9.72,13158.06,7.148,36,5-10y,23.36,west,A
ln_5eab62e6a1de,2022-08-31,0,79451.52,19.59,10146.49,8.231,36,10y+,31.03,east,B
ln_c0b60424a933,2023-01-31,1,144028.11,13.13,18175.66,8.332,60,5-10y,12.13,east,B
ln_a1f3dc29f25e,2023-06-30,1,62893.09,15.8,8146.39,15.247,60,5-10y,9.27,north,A
ln_e151bc22ee93,2023-08-31,0,71345.16,12.83,9286.63,11.608,36,1-3y,5.4,west,B
ln_82f4cbc73747,2023-05-31,0,65611.45,20.79,62551.2,12.292,36,3-5y,23.36,east,A
ln_8453e4df51e1,2022-03-31,0,218587.18,6.9,39542.46,6.578,60,3-5y,13.98,west,A
ln_3e52f6e70f69,2023-08-31,0,118136.3,17.05,11801.84,10.134,36,3-5y,11.35,north,B
ln_21190e06e0e4,2022-01-31,0,53598.25,24.08,5304.91,14.417,36,10y+,22.26,north,A
ln_5dfe2807fd76,2023-08-31,0,63420.1,24.86,5939.68,13.395,36,5-10y,12.16,south,A
ln_e7c04f430095,2023-02-28,0,120839.69,11.36,18029.67,13.986,60,10y+,11.75,north,A
ln_f8ac727c9bd8,2023-03-31,0,83522.78,20.52,11476.03,12.455,36,3-5y,10.79,north,A
ln_904cdd0d4c08,2022-02-28,0,48549.55,17.81,23166.15,9.753,36,1-3y,12.96,west,A
ln_bc8f0d574be7,2022-10-31,0,85194.17,18.09,19685.97,9.402,36,10y+,16.5,north,B
ln_3caf54c60a90,2023-12-31,0,111986.11,14.24,13277.7,6.76,60,1-3y,9.99,south,B
ln_c0505634bebc,2023-06-30,0,32548.84,41.9,15399.7,19.402,36,10y+,17.2,north,B
ln_48cbeba544ee,2023-06-30,0,19428.06,28.38,10916.06,16.651,36,3-5y,16.01,north,B
ln_93fc46123c52,2023-04-30,1,47848.71,34.6,11247.43,16.58,36,1-3y,10.95,north,A
ln_8d06e0b408bd,2023-08-31,0,31635.11,32.53,13130.11,14.45,36,10y+,14.01,south,A
ln_815f6e40a4ad,2023-12-31,0,59235.9,10.99,3660.24,5.759,60,<1y,15.63,east,B
ln_8974f855f605,2023-06-30,0,38462.12,18.35,16923.46,12.815,60,5-10y,17.1,north,A
ln_08d0c963aaef,2023-02-28,0,45972.5,11.81,12041.64,8.367,36,1-3y,9.32,north,A
ln_b97dc6266bd0,2022-01-31,0,61886.93,11.43,11818.53,6.18,36,3-5y,24.62,west,A
ln_411a74590fff,2023-03-31,0,93498.21,22.33,24188.55,13.281,36,3-5y,8.19,west,B
ln_9e6a88d2cada,2022-04-30,0,85630.32,11.93,6192.34,7.889,36,<1y,21.27,south,A
ln_a2f8504950bf,2023-08-31,0,133666.86,31.82,4091.91,14.391,36,5-10y,20.18,north,A
ln_ca9d1f32f450,2023-05-31,0,32397.14,15.89,9041.57,10.857,36,10y+,27.94,north,B
ln_49ee44ec8765,2022-10-31,0,103591.19,15.97,19622.54,12.199,60,1-3y,6.28,west,A
ln_38dd51045c0c,2022-01-31,0,148341.49,27.53,32901.5,11.64,36,10y+,17.09,west,B
ln_66f1d717eabe,2023-03-31,0,52740.34,22.21,6460.29,14.022,36,1-3y,14.04,west,B
ln_7168c10f3e79,2023-01-31,1,79452.47,30.62,5929.56,18.126,60,5-10y,21.67,south,B
ln_9968f19ecb7e,2022-03-31,0,72713.56,41.99,31951.68,14.876,36,3-5y,10.54,north,B
ln_a1a3a10ed230,2023-10-31,0,57288.18,29.44,5600.42,14.458,36,<1y,18.72,east,A
ln_8f472053ced3,2023-08-31,0,61064.78,19.59,17292.3,10.529,60,5-10y,10.92,south,B
ln_8d6a178186b6,2022-12-31,0,88771.88,20.04,6801.66,10.986,36,1-3y,10.34,north,B
ln_fb85cf141889,2022-03-31,0,57450.12,19.4,41516.94,14.156,36,5-10y,10.91,east,B
ln_72547bbd4b5f,2022-12-31,0,89019.07,14.61,14736.19,6.65,36,10y+,21.65,west,A
ln_82592c29bca4,2023-10-31,0,158875.44,26.37,18941.23,12.374,36,1-3y,19.13,west,A
ln_9e0867911a63,2023-07-31,1,64620.66,31.86,27632.88,15.982,60,5-10y,18.07,north,A
ln_f4355325f183,2022-10-31,1,49526.18,28.69,33839.21,15.007,36,3-5y,10.94,east,B
ln_dc22425f4725,2023-03-31,0,76969.8,15.0,19738.49,10.601,36,5-10y,11.56,west,A
ln_992e5aacbe45,2022-09-30,0,88302.3,20.73,21369.13,11.981,36,10y+,15.79,south,B
ln_fca704825ec2,2022-10-31,1,82694.1,27.41,27514.27,14.307,60,5-10y,7.75,east,B
ln_3532fc74c2b9,2023-10-31,0,49826.65,10.9,31063.97,6.201,36,3-5y,13.58,north,A
ln_05b7bf7930f1,2023-12-31,0,64931.86,31.57,9362.61,16.234,60,3-5y,15.3,north,A
ln_41792dd5a896,2023-11-30,0,59098.5,14.8,17145.37,10.392,36,5-10y,21.91,south,A
ln_9b74438624b5,2023-12-31,1,32148.27,38.48,17494.49,20.87,60,1-3y,10.0,north,A
ln_af73eb193465,2023-08-31,0,49186.35,22.57,8152.19,11.241,36,5-10y,12.61,south,A
ln_419872cd10c8,2022-11-30,0,128037.03,22.9,9817.48,10.832,36,1-3y,17.63,north,A
ln_8a2b83eb9886,2022-12-31,0,49528.73,16.34,9003.07,10.984,36,3-5y,21.51,west,B
ln_9ecd2093bb3e,2022-04-30,0,53929.55,25.78,23112.0,12.328,36,10y+,17.46,east,B
ln_8ef476fce6ef,2022-07-31,0,46263.62,13.05,10382.51,8.783,36,3-5y,15.37,west,A
ln_9046bfeb9565,2022-10-31,0,54752.18,22.26,5379.17,11.393,36,1-3y,7.74,south,A
ln_2bf4fe8d6427,2023-01-31,0,30517.34,32.53,12824.49,14.878,36,3-5y,8.55,south,B
ln_74ecab7cc052,2023-01-31,0,29253.58,21.66,9273.44,13.208,36,3-5y,9.64,east,B
ln_a4b202c035cf,2023-09-30,0,70095.61,25.23,23435.93,14.689,36,5-10y,26.95,east,B
ln_ee55d8c005b8,2023-06-30,1,70590.92,31.83,8784.63,17.269,36,3-5y,11.17,north,A
ln_c55bdf4f0e60,2022-12-31,0,18366.63,26.15,18051.31,14.064,36,1-3y,9.51,north,A
ln_abfae96d0157,2022-03-31,0,39199.03,16.29,13253.26,10.894,60,3-5y,12.53,east,A
ln_836856f1c288,2022-12-31,0,77921.77,29.13,11218.43,10.666,36,<1y,5.68,south,B
ln_2fa5bf50e664,2022-10-31,0,117361.12,19.03,10574.53,9.983,60,5-10y,11.52,south,A
ln_593c1a78ead0,2022-11-30,1,33068.84,40.8,9674.24,16.262,60,10y+,18.72,north,B
ln_e20878450beb,2023-12-31,0,45384.17,19.46,21034.77,8.279,36,5-10y,20.27,north,B
ln_d2796c4ae188,2023-11-30,0,22560.03,25.33,5527.4,12.042,36,10y+,11.62,south,A
ln_cb1395bf735b,2022-01-31,0,40657.65,8.08,6099.29,10.777,36,3-5y,16.71,west,A
ln_8159eae45bff,2023-09-30,0,132129.74,11.36,7715.26,8.832,36,<1y,11.92,south,A
ln_0b1e0a67c7df,2022-11-30,0,45857.92,14.2,7411.36,8.723,36,1-3y,10.68,south,B
ln_8f114613f6dc,2023-01-31,0,74339.2,20.17,11445.28,14.239,36,1-3y,14.73,south,B
ln_ef9305b190f7,2022-09-30,0,59886.4,24.37,16933.29,15.735,60,5-10y,11.62,south,B
ln_0871991ca259,2022-02-28,0,77441.88,34.22,36212.85,17.575,60,5-10y,13.7,north,A
ln_aedae70dc5fb,2022-04-30,0,122127.7,15.06,13332.67,10.509,36,3-5y,11.34,north,A
ln_e59dfa3155f9,2022-07-31,0,127191.16,17.45,18466.16,12.314,60,1-3y,15.42,south,B
ln_1332e5a32bcc,2022-08-31,0,80905.79,5.26,11915.23,5.507,36,<1y,16.08,east,B
ln_1ee339206fce,2022-09-30,0,79171.12,18.73,15477.8,8.74,36,5-10y,8.7,west,A
ln_a10dab8e6110,2023-02-28,1,47440.82,23.98,11341.01,17.001,60,1-3y,9.54,west,B
ln_3f93eb7d950d,2022-07-31,0,63807.03,22.42,20008.87,12.791,36,10y+,15.24,east,A
ln_a28b6c0bd962,2022-01-31,0,112822.4,23.04,13204.17,16.226,36,1-3y,9.41,east,A
ln_68899b16b2c4,2023-03-31,0,27925.13,28.39,13773.29,16.124,36,10y+,18.11,north,B
ln_7ebe52a4c3bd,2023-09-30,0,51558.2,21.99,12358.53,13.641,36,<1y,8.89,north,B
ln_7f487e617523,2023-03-31,0,80930.68,23.43,21146.26,12.043,36,3-5y,8.34,west,B
ln_5cd434070c20,2023-03-31,0,89693.54,9.04,9446.9,7.755,36,1-3y,14.31,east,A
ln_5bec1dd092f6,2022-06-30,0,33989.06,20.38,16110.82,10.33,36,3-5y,23.9,north,A
ln_c9be2e05a972,2022-10-31,0,274992.57,22.94,13120.42,14.196,36,5-10y,19.37,north,B
ln_168fc3bcb069,2023-05-31,0,125211.07,12.9,9709.44,12.663,36,5-10y,9.99,south,A
ln_7b2d335ecda6,2022-03-31,0,124726.47,15.57,9757.45,12.512,36,<1y,6.25,east,B
ln_f17266f3aa40,2022-11-30,0,27092.26,32.59,18545.13,16.945,36,1-3y,10.42,north,B
ln_f8398dbbfa27,2022-08-31,0,77000.0,27.51,7864.3,12.193,36,<1y,9.45,west,B
ln_68cfae59fca7,2022-04-30,0,168021.68,21.44,23404.54,14.251,36,3-5y,8.8,west,A
ln_74b9f89cad51,2023-02-28,0,70143.95,24.33,8791.99,9.581,36,5-10y,13.32,west,B
ln_172787263fc0,2022-12-31,0,25688.62,34.75,16362.52,13.743,36,1-3y,21.37,north,B
ln_55528f79bfd8,2023-01-31,0,117713.86,23.74,9191.38,8.541,36,3-5y,10.95,west,A
ln_924f2fa78971,2023-05-31,0,66973.81,12.14,6843.95,9.732,60,1-3y,15.17,west,B
ln_ca74a5c18811,2022-09-30,0,75087.63,13.64,20995.76,10.096,36,5-10y,16.67,east,A
ln_1661146d856c,2023-11-30,0,44099.64,25.2,11642.61,11.043,36,1-3y,11.91,north,B
ln_d84f28e187dc,2023-09-30,1,57787.73,31.88,18688.45,15.009,60,3-5y,15.14,east,A
ln_9ae0035c3b1a,2023-06-30,0,59743.62,17.3,5408.6,12.665,36,1-3y,8.56,south,B
ln_c7b688b4971d,2022-06-30,0,94883.79,24.74,9202.2,12.989,60,5-10y,16.88,west,A
ln_f008789cb8c0,2022-01-31,0,121472.93,21.1,9093.66,12.345,36,1-3y,12.87,west,A
ln_5fba491025e9,2023-10-31,0,101271.66,25.5,23324.63,13.776,36,1-3y,16.6,west,A
ln_5a6b61310cfa,2022-04-30,0,83310.66,22.18,14960.43,17.799,60,1-3y,11.44,south,B
ln_df879094b3ea,2023-02-28,0,74292.81,27.39,9421.24,13.59,60,10y+,13.13,east,A
ln_01c5e6c66849,2023-12-31,0,78623.37,26.47,10586.36,14.041,36,1-3y,5.04,west,B
ln_ebbe6e5e4433,2022-12-31,0,70551.58,29.12,35138.36,12.608,36,1-3y,11.17,east,A
ln_16082565a9ea,2023-11-30,0,61051.89,17.8,30403.02,6.376,36,1-3y,19.46,north,B
ln_ce1a04a1391b,2022-06-30,0,45720.23,5.74,11512.06,9.591,60,10y+,11.77,south,B
ln_aadd0c9b2336,2023-11-30,0,34927.38,24.66,6644.05,13.946,36,1-3y,12.54,south,B
ln_d15ff7393b7c,2022-08-31,0,63023.08,14.92,15461.59,11.131,60,1-3y,10.04,east,A
ln_046554aad776,2023-06-30,0,39913.0,12.49,32506.22,8.148,36,10y+,17.04,east,A
ln_43e19d8ef0f5,2022-09-30,0,50270.69,13.35,10378.91,10.121,36,5-10y,11.26,west,A
ln_412c69c62e29,2022-12-31,0,82667.39,0.5,24519.05,5.034,36,3-5y,12.51,south,B
ln_6c30a4bc86af,2022-10-31,0,55864.76,29.11,9366.59,13.433,36,3-5y,12.73,east,A
ln_42c3391a7960,2023-11-30,0,49150.16,19.9,13668.87,12.09,36,<1y,9.19,east,B
ln_e39c59c5ffb8,2022-05-31,0,29759.78,16.33,10647.52,7.868,36,10y+,16.7,west,B
ln_d437414a4cbe,2022-01-31,0,41847.03,23.05,10790.01,14.426,60,5-10y,22.14,east,A
ln_403f39ceb27e,2023-12-31,0,43745.23,15.59,25789.9,11.361,60,3-5y,18.34,south,B
ln_715d46b09772,2022-05-31,0,51756.43,26.44,12617.5,12.82,36,10y+,15.82,north,B
ln_d0807f12f8ae,2022-07-31,0,79803.67,21.43,21493.54,10.182,36,1-3y,17.44,west,A
ln_6969824dbeac,2022-09-30,0,55424.4,21.13,9357.9,11.896,36,1-3y,13.94,south,A
ln_db351cd44f22,2022-08-31,0,66796.45,27.29,11819.77,12.472,60,3-5y,15.61,west,A
ln_e2042333cffe,2023-07-31,0,35895.69,15.57,9710.12,11.394,60,3-5y,12.3,north,B
ln_99a9b2d6849f,2022-05-31,0,77075.33,29.02,16368.23,15.122,36,10y+,15.06,west,B
ln_a11bbd3c3084,2023-09-30,1,45480.52,22.3,25442.68,10.522,36,5-10y,8.22,north,A
ln_ae2b3ecf50eb,2022-05-31,0,43094.91,32.11,12122.2,14.905,36,5-10y,13.47,south,B
ln_4d256c3b8d99,2023-06-30,0,82287.63,17.73,46225.98,10.375,36,10y+,20.87,west,B
ln_618534859b88,2022-01-31,0,208712.79,22.09,29828.9,14.606,36,1-3y,11.89,west,A
ln_86afdf01436f,2022-11-30,0,87932.97,15.4,5746.03,9.5,36,5-10y,28.05,east,B
ln_9f3081104d88,2022-05-31,0,49603.15,12.59,7787.91,7.017,36,1-3y,9.18,north,A
ln_927f6cd72af9,2023-12-31,0,40260.2,32.78,4428.44,14.229,36,5-10y,20.1,north,B
ln_b79c0e3753e8,2023-02-28,0,96653.0,7.14,11070.41,9.224,36,<1y,8.56,south,A
ln_3a6a922ef7cd,2022-10-31,0,83554.39,14.3,15954.62,9.403,36,10y+,10.2,north,B
ln_167566b07b25,2022-12-31,0,36079.6,34.18,8346.44,12.107,36,10y+,22.49,west,A
ln_d7fcdf863794,2022-01-31,0,90686.78,32.19,11801.36,14.939,36,10y+,9.73,south,B
ln_d5d009e2b265,2022-12-31,0,97647.76,13.77,17920.12,11.853,36,1-3y,10.43,south,B
ln_7bfb24be87d5,2022-01-31,0,46761.02,29.8,10233.17,16.419,60,10y+,15.35,south,A
ln_310c2cfb82e3,2022-09-30,0,52890.51,23.57,11937.69,14.989,36,<1y,5.58,west,B
ln_f6a02c34f387,2023-05-31,1,56298.2,45.44,19909.63,19.75,60,3-5y,10.35,south,B
ln_6c843de29c24,2023-08-31,0,43215.07,19.97,17920.17,13.234,60,<1y,3.63,west,A
ln_9e78b2392751,2023-11-30,0,65417.53,15.63,11538.42,7.22,36,3-5y,11.0,west,A
ln_b47720a322ac,2023-11-30,1,48534.56,18.81,23070.69,9.972,60,1-3y,8.74,west,B
ln_43c0dd94f090,2023-11-30,0,50548.19,20.59,17867.59,12.419,60,10y+,11.31,north,A
ln_dfa4213c53d8,2022-12-31,0,66828.8,13.28,25486.66,11.965,36,1-3y,6.45,south,A
ln_271fed15d1c5,2023-09-30,0,56878.25,11.33,9385.27,7.625,60,1-3y,16.63,north,B
ln_7fc12f00328f,2022-01-31,1,59330.77,11.4,26727.36,10.746,60,1-3y,12.4,east,A
ln_7f7deca89798,2022-12-31,0,92228.25,19.78,5352.81,10.994,60,3-5y,14.82,south,B
ln_470f5b9933c0,2022-06-30,0,52904.37,32.57,5552.32,13.921,36,10y+,11.78,north,A
ln_9e530aa7c0b2,2022-10-31,0,25654.89,28.87,12451.7,10.688,60,5-10y,10.48,east,A
ln_c58ae533c023,2022-11-30,0,76271.59,24.74,20473.43,12.523,36,1-3y,13.7,south,B
ln_f53d81503720,2022-02-28,0,89720.31,14.35,3943.53,12.183,60,5-10y,7.31,north,A
ln_03ae9f9b7897,2023-10-31,0,52772.48,24.48,28917.86,14.341,36,1-3y,8.81,south,A
ln_72289daca234,2022-04-30,0,87673.72,32.22,37323.9,15.192,36,5-10y,14.27,north,A
ln_f1ccc463c4cf,2023-08-31,0,42411.67,23.08,6295.07,12.287,36,1-3y,14.54,south,A
ln_f584230a4f57,2022-03-31,0,86665.4,21.15,13081.22,8.223,36,1-3y,5.28,east,B
ln_887565732179,2022-03-31,0,59153.5,23.13,8066.76,10.009,36,5-10y,13.37,north,A
ln_038e40046a30,2022-11-30,0,21073.78,20.02,21995.37,11.567,36,<1y,11.32,east,A
ln_3de3287fb24f,2023-05-31,0,67405.23,20.46,16710.11,11.819,36,1-3y,15.03,east,A
ln_f3faa7000a37,2022-10-31,0,56802.1,20.13,32386.04,13.073,36,1-3y,11.5,west,A
ln_00b0a4a8119d,2023-11-30,0,206372.74,24.78,11681.02,11.117,36,1-3y,20.24,east,B
ln_71f51beb7ac3,2022-11-30,0,25929.66,19.19,8407.24,11.597,36,1-3y,10.3,south,B
ln_42ec52f020c7,2023-12-31,1,33510.26,39.06,6341.86,16.4,36,<1y,9.81,west,B
ln_94361e57f386,2023-05-31,0,60118.23,23.25,27247.0,15.561,36,3-5y,14.05,east,A
ln_d4005a2b0bf9,2023-07-31,0,41908.71,0.82,6800.82,5.7,36,<1y,6.13,south,B
ln_d8c1cad3043d,2023-06-30,0,88058.83,5.6,26202.69,6.105,36,5-10y,17.13,south,A
ln_4918911ea1dc,2023-01-31,1,41978.2,39.9,3201.12,16.793,60,<1y,15.11,south,A
ln_9d65e7cc2b8a,2023-12-31,0,48385.54,9.26,24788.42,11.266,60,1-3y,9.48,north,A
ln_121030a53025,2023-12-31,0,54351.37,27.92,6699.17,15.376,36,5-10y,25.3,east,A
ln_6c636ba637c9,2022-04-30,0,51708.84,20.94,2593.17,13.437,60,3-5y,7.23,west,A
ln_93d872e382ff,2023-11-30,0,233232.84,22.18,15828.57,14.791,60,3-5y,13.76,east,A
ln_e64f25897568,2022-12-31,0,59504.45,29.17,12173.06,11.619,36,5-10y,13.18,north,A
ln_cfc1bed092ee,2022-05-31,0,33449.01,33.1,31373.92,18.047,36,<1y,6.8,west,B
ln_dd33aa9cf883,2022-10-31,0,88460.63,21.96,28676.83,13.139,60,<1y,7.79,west,A
ln_904fa26ad4d3,2023-08-31,0,56358.71,24.08,11876.16,10.722,36,5-10y,19.37,south,A
ln_33ba38297131,2023-11-30,0,37671.5,12.34,26360.86,10.452,60,<1y,16.01,south,A
ln_b8cb68ed9dde,2023-09-30,0,119941.88,17.17,12505.19,11.076,60,5-10y,11.64,west,A
ln_da959a45b754,2023-12-31,0,73187.68,15.89,8423.4,11.636,60,3-5y,28.38,south,B
ln_30daeb44e452,2023-02-28,0,103055.8,15.67,11290.3,8.548,36,10y+,20.89,north,A
ln_ea70a5a920c0,2023-04-30,1,35825.82,22.72,14262.3,9.829,36,<1y,15.96,west,A
ln_7e30b4882f9c,2023-01-31,0,32642.07,21.05,11283.91,9.241,36,1-3y,14.56,west,A
ln_9a585b042b07,2023-07-31,0,67924.28,28.48,18381.59,16.307,36,3-5y,5.57,east,A
ln_bb93a9fb5671,2023-11-30,1,82975.29,24.8,14979.54,10.407,60,5-10y,10.55,east,B
ln_4b891511acba,2023-08-31,0,48643.32,17.43,8686.57,12.211,60,3-5y,13.46,east,A
ln_f94edace5948,2022-06-30,0,63218.72,19.11,28981.32,11.35,36,1-3y,12.02,south,B
ln_66bc6a79a253,2023-02-28,1,57928.47,34.0,9640.11,14.541,36,3-5y,11.9,west,B
ln_7bb1e5f4023c,2022-06-30,0,99190.01,18.96,3227.43,11.122,36,3-5y,12.3,north,A
ln_4e416ae74976,2023-08-31,0,66752.59,26.89,14920.5,11.698,60,1-3y,14.02,north,B
ln_922eeb8f66fd,2022-11-30,0,38449.09,8.83,16782.93,3.5,36,3-5y,17.49,east,A
ln_a2473d17c783,2022-12-31,1,40959.65,31.84,35547.13,15.273,60,5-10y,8.87,south,B
ln_9abab9ea265a,2023-06-30,0,98658.99,17.09,19326.61,9.52,36,1-3y,14.26,north,B
ln_ef1a2471020c,2023-03-31,1,61069.03,13.15,15148.45,11.377,60,<1y,8.66,west,A
ln_c8e8604b5c47,2023-05-31,0,41688.33,23.08,19209.36,12.737,60,10y+,23.5,north,B
ln_05214aa1af93,2023-03-31,0,71917.55,27.87,9740.39,13.118,36,<1y,4.12,east,A
ln_47e0ca714bdb,2023-03-31,0,79941.87,21.08,40118.83,9.899,36,3-5y,14.18,north,A
ln_3baa57e4b5c2,2023-12-31,0,37456.48,18.49,21739.99,7.374,36,3-5y,11.46,south,B
ln_ec452648493c,2023-12-31,0,62745.6,21.98,5707.53,14.962,36,10y+,13.2,west,A
ln_69ebbf6d3fe9,2022-02-28,0,30864.77,10.99,13850.31,10.224,36,10y+,15.07,south,A
ln_4856cee57fa5,2023-09-30,1,52796.19,21.69,15897.47,16.074,36,3-5y,6.69,north,B
ln_243934b366f7,2023-04-30,1,50869.55,20.45,2516.99,11.53,36,3-5y,8.26,north,A
ln_56dd1565e593,2023-05-31,0,28413.26,24.4,24252.24,15.153,36,10y+,14.31,south,B
ln_c1f23c5c46e9,2022-03-31,0,80732.0,19.76,5673.11,10.595,36,1-3y,5.01,south,B
ln_6a0dae803dfa,2023-02-28,0,63109.94,23.0,12171.36,11.384,36,1-3y,16.45,west,A
ln_1d0449c66a2a,2022-03-31,0,45546.28,15.58,7946.5,8.751,36,5-10y,13.64,north,A
ln_6f6a65a8a4c0,2022-09-30,0,60847.33,37.95,15435.03,17.417,36,1-3y,10.63,north,B
ln_7937666e67e8,2022-09-30,0,71161.98,22.78,35956.64,12.35,60,5-10y,9.51,north,A
ln_fdf92daaa9ad,2023-01-31,0,128648.53,3.42,17710.42,3.5,36,3-5y,20.89,south,A
ln_c4cefb0885e6,2022-11-30,0,82464.79,12.09,20107.47,6.088,60,3-5y,14.94,west,B
ln_e628399155f1,2023-10-31,0,99309.95,29.79,9753.42,15.237,36,1-3y,9.86,west,A
ln_d00198d0b004,2023-02-28,0,182815.42,32.76,6329.81,14.264,36,1-3y,6.75,south,B
ln_f0f5b1814d33,2022-08-31,0,19065.23,16.7,6423.54,7.368,36,5-10y,13.77,north,A
ln_bfaeb0205965,2023-05-31,0,48696.3,19.4,17281.15,13.24,36,5-10y,10.54,east,A
ln_40d4bee3292d,2022-04-30,1,63120.44,20.01,23402.74,12.023,60,5-10y,8.03,north,A
ln_ccd476dd818e,2022-03-31,0,83754.54,25.28,10536.42,14.034,60,5-10y,14.11,north,B
ln_dfa222f74e57,2023-05-31,0,63445.88,17.37,24741.39,10.553,60,3-5y,19.93,east,A
ln_d1528a8dfa6b,2023-03-31,1,40793.32,17.35,30520.83,16.497,60,3-5y,14.46,west,B
ln_87e5c5c3ab5d,2022-03-31,0,60929.06,31.24,11888.13,17.319,36,3-5y,13.32,north,A
ln_f34dab44df56,2022-10-31,0,68784.67,12.48,24237.98,9.962,36,3-5y,9.17,south,B
ln_b0014baa4846,2022-05-31,0,39581.34,9.99,24474.96,9.824,36,3-5y,15.87,south,A
ln_55e6b2d6ddc9,2023-05-31,0,72704.63,8.05,45540.59,7.299,36,1-3y,11.64,west,B
ln_0a92cd8bd1f3,2022-05-31,1,106714.53,28.84,12216.67,14.184,60,1-3y,7.53,south,A
ln_6bc7f35e640e,2023-11-30,0,78709.63,14.39,34593.98,10.255,60,3-5y,11.74,west,A
ln_377047752ea9,2023-11-30,0,77201.57,21.23,9862.51,12.468,36,5-10y,10.17,west,A
ln_03cb14d8bc9a,2022-06-30,0,102152.41,31.87,11032.0,10.677,36,5-10y,19.56,west,A
ln_27aa11e74a76,2022-11-30,0,84301.7,18.2,4007.86,10.552,36,<1y,9.87,south,A
ln_5dfff09cf7ca,2023-08-31,0,51976.67,21.56,35476.03,15.167,36,<1y,9.07,north,A
ln_043047e61b52,2022-09-30,0,73246.89,16.66,12720.08,13.945,36,1-3y,9.5,west,B
ln_99ef38ea16a4,2023-09-30,0,53641.07,19.15,22599.23,12.392,36,10y+,18.35,west,A
ln_48781598cedc,2023-10-31,0,87041.11,16.06,13619.38,14.546,60,5-10y,14.4,north,B
ln_4b2631d61d79,2022-09-30,1,73258.86,11.28,12728.55,7.592,36,<1y,7.48,east,A
ln_ec26c1cda094,2022-09-30,0,120787.4,25.44,26341.72,12.254,60,3-5y,10.5,south,A
ln_64b93058ac9f,2022-01-31,0,41412.54,18.16,11125.05,10.519,36,5-10y,17.97,north,A
ln_1cfce6d6910c,2023-11-30,0,53005.29,12.44,6943.27,9.808,36,3-5y,9.33,west,A
ln_3ce77c9a4d1e,2022-12-31,0,49557.62,22.35,6506.11,13.596,60,<1y,12.98,south,A
ln_0861cac58a2c,2023-04-30,0,40390.31,24.72,11306.31,10.303,36,10y+,13.23,north,A
ln_6286e0dff72e,2023-02-28,0,39111.47,11.8,15559.64,11.726,36,1-3y,10.06,south,A
ln_c3edafe9ed9e,2023-12-31,0,104508.29,11.6,4846.33,11.182,36,10y+,8.13,west,A
ln_4017af961932,2022-09-30,1,70064.78,29.34,11376.56,14.29,36,3-5y,14.56,east,B
ln_2e9ef5c7ae5a,2023-01-31,0,85469.23,15.95,11990.23,13.24,60,10y+,13.93,south,A
ln_42e898a22347,2023-11-30,0,96286.74,12.27,31896.44,5.047,60,1-3y,19.35,south,A
ln_ca9fdf7b7789,2023-10-31,1,62695.82,32.15,24615.15,18.621,36,<1y,15.76,east,B
ln_a3c607a1698b,2023-02-28,0,38307.97,24.5,8002.35,12.168,36,10y+,16.33,west,B
ln_759bcc3e350f,2022-02-28,0,37200.87,29.24,7984.81,14.561,60,5-10y,8.24,south,B
ln_929508d95819,2023-06-30,0,134077.18,24.68,7864.07,11.47,36,5-10y,12.21,north,A
ln_95b946cb6ff9,2022-11-30,0,121643.15,29.75,5709.28,17.2,36,10y+,11.62,north,A
ln_336a4468ad24,2022-05-31,0,52486.78,11.99,9568.09,7.426,60,1-3y,9.71,north,B
ln_55b1a50adbe2,2023-01-31,0,81924.59,16.58,4880.59,13.791,36,5-10y,20.96,west,A
ln_8d0b70986a6d,2023-07-31,0,80585.06,22.41,13257.91,10.363,36,3-5y,9.41,north,A
ln_6246bf471b46,2022-05-31,0,81447.71,27.95,32853.49,14.629,36,10y+,23.0,south,A
ln_6c0ba9269e94,2022-07-31,0,51737.99,29.81,13992.53,15.106,36,5-10y,19.13,south,B
ln_5e42f19d831c,2023-09-30,0,55047.48,12.57,23917.35,11.411,36,10y+,23.06,north,B
ln_aaefd91d9a8d,2022-04-30,0,97565.0,9.11,5187.51,7.1,36,3-5y,19.32,north,A
ln_0cd347ae332f,2022-11-30,0,51564.76,26.77,22604.42,13.875,36,<1y,7.59,south,A
ln_b0ef06a863df,2023-11-30,0,64124.96,34.05,20001.71,15.507,36,1-3y,19.47,west,A
ln_2c52361bf75b,2023-08-31,0,47550.87,21.54,6941.68,14.295,36,5-10y,17.35,west,B
ln_458b6e95423e,2022-04-30,0,57845.41,32.87,10639.57,20.631,60,<1y,8.07,north,A
ln_95f02c9e6b7f,2022-07-31,0,38633.31,15.06,8927.06,10.572,60,1-3y,15.74,west,B
ln_11c6ba25ed8b,2022-10-31,0,84892.43,10.38,4938.1,10.012,36,3-5y,8.21,east,B
ln_c9ac4203e8ec,2022-12-31,0,65068.28,14.59,9247.28,10.105,36,5-10y,15.62,north,B
ln_c0d0017a0fc6,2022-06-30,0,61000.44,12.1,4852.74,9.539,36,1-3y,11.44,east,A
ln_da4631c2a04b,2023-12-31,0,246313.42,12.56,7142.78,10.185,36,1-3y,6.43,east,B
ln_2375acd5741d,2022-01-31,0,102632.89,36.47,5288.99,16.665,60,5-10y,11.07,north,B
ln_9c80a99588fa,2023-07-31,0,66695.09,25.79,10305.21,11.855,36,<1y,5.57,west,A
ln_0cac308e4d71,2023-08-31,0,61838.67,22.83,12795.22,15.213,60,5-10y,13.16,west,A
ln_42b762f07d36,2022-11-30,0,56015.4,18.89,3239.37,11.392,36,5-10y,8.84,north,B
ln_bbfc144467c4,2022-10-31,0,46847.22,32.46,11597.14,12.064,36,<1y,11.72,north,A
ln_d142defc6198,2022-12-31,0,36559.3,16.32,24746.99,15.24,36,5-10y,9.74,south,B
ln_87f1d8530b72,2023-07-31,0,82949.12,18.47,16487.46,10.341,36,3-5y,13.26,west,A
ln_eaf7c6432872,2022-08-31,0,43763.9,6.94,15602.7,11.802,60,1-3y,6.33,north,B
ln_a4a3ed5fac82,2022-03-31,0,55580.72,12.82,13822.66,8.641,60,<1y,10.47,west,A
ln_55d0b4cf40b7,2022-03-31,0,70832.26,30.78,9430.61,13.931,36,3-5y,16.01,west,A
ln_1f2c98b58ab7,2023-09-30,0,33846.36,21.08,14339.74,13.79,60,1-3y,13.06,south,A
ln_c38f8aa6db6b,2022-04-30,0,58853.66,25.2,16646.48,14.366,60,1-3y,10.84,east,A
ln_56bb45256654,2023-03-31,0,113866.16,23.41,21914.34,9.151,36,10y+,14.4,east,B
ln_bea507ec481c,2023-06-30,0,60079.63,26.83,13584.79,16.385,36,1-3y,13.71,north,A
ln_160d5147a977,2023-03-31,0,172839.26,20.2,14899.92,15.063,36,10y+,13.59,east,B
ln_b36845ceedee,2022-03-31,0,50427.31,19.04,7146.54,12.008,36,10y+,27.42,south,A
ln_ea6d632a8696,2022-08-31,0,49891.91,16.76,5968.56,10.734,60,1-3y,9.61,east,A
ln_a12a1989eb4c,2023-11-30,0,24326.26,11.69,9377.7,7.135,36,10y+,13.02,north,A
ln_d328faef9214,2022-01-31,0,87620.09,36.39,6224.95,14.802,36,<1y,12.63,west,A
ln_8fde5ce8d6dd,2023-06-30,1,31570.95,23.8,9262.51,18.081,60,1-3y,3.86,north,A
ln_6aa8ca209e77,2022-03-31,0,55107.64,11.4,18118.9,9.358,36,<1y,19.03,south,B
ln_4fc501273d75,2023-01-31,0,57642.87,24.85,4576.38,15.955,60,1-3y,13.38,west,A
ln_34f035d68fec,2023-10-31,0,60326.66,24.59,17165.33,10.285,36,5-10y,8.87,south,B
ln_64782e36e429,2023-05-31,0,74128.6,37.2,28703.2,15.864,60,1-3y,10.78,south,A
ln_47d609a5b4d7,2023-12-31,0,73243.33,16.68,10245.96,11.146,36,<1y,6.66,south,A
ln_bd1d7e615a13,2023-07-31,0,29697.5,16.16,4094.75,13.264,36,1-3y,16.29,west,A
ln_3df402e11374,2022-11-30,0,45200.18,22.19,29488.42,10.859,36,1-3y,15.65,north,A
ln_e560b175edee,2022-03-31,0,39307.75,18.03,13162.4,9.527,36,3-5y,12.84,west,B
ln_50350755ee22,2023-03-31,0,64008.23,24.28,15383.32,13.398,36,1-3y,9.7,south,B
ln_0b4cfb89b7c8,2022-10-31,0,64827.72,8.06,11668.47,7.623,60,5-10y,9.29,south,B
ln_1ea425b06e63,2022-10-31,0,26322.18,20.86,14694.35,9.958,36,<1y,14.0,east,A
ln_4d30ed9a6d5f,2023-12-31,0,55955.97,15.01,8540.37,12.055,60,5-10y,12.88,north,B
ln_b1580a81be7a,2022-02-28,0,61972.82,14.97,13182.92,15.171,36,3-5y,12.93,north,B
ln_f35709cb312e,2023-01-31,0,77847.01,6.59,12607.3,5.982,36,5-10y,18.58,north,B
ln_e139fd49a0b8,2023-09-30,1,35693.1,31.76,9621.03,17.016,36,5-10y,9.86,south,B
ln_0b0194ad66e1,2023-01-31,0,51603.19,11.0,22915.35,12.917,36,5-10y,9.77,east,A
ln_21a6d243592a,2022-03-31,0,38883.4,15.42,28290.42,12.152,60,3-5y,14.21,south,A
ln_1f53816c43e1,2022-08-31,1,36064.96,25.89,14301.84,15.107,60,1-3y,9.46,south,B
ln_b4140a3528a1,2023-06-30,0,84869.13,17.5,11145.95,11.698,60,1-3y,10.27,east,A
ln_c9929157cf9e,2023-09-30,0,35859.24,28.96,13463.98,16.148,36,<1y,11.42,south,A
ln_8dd288273238,2022-11-30,0,62441.03,17.19,16150.11,10.44,60,5-10y,5.2,east,A
ln_4827803bec60,2022-08-31,0,140881.87,0.5,14725.57,6.152,36,5-10y,9.48,west,B
ln_79b5c97e9257,2023-01-31,1,67682.36,27.54,10857.37,14.153,60,<1y,9.29,south,A
ln_ed08c494447b,2023-01-31,0,145416.25,17.54,20717.54,8.981,36,3-5y,23.99,west,A
ln_aa34240843b1,2023-11-30,0,45697.71,23.69,15620.89,12.595,36,10y+,11.23,west,B
ln_4779ef0ee2a8,2022-10-31,0,40139.42,20.18,7633.12,13.446,60,3-5y,8.0,north,B
ln_945bb50a994f,2022-05-31,0,32121.97,18.69,21558.58,10.063,36,1-3y,16.85,south,B
ln_a0eada7473ee,2022-11-30,0,61063.76,27.86,9564.74,11.327,36,1-3y,9.5,east,B
ln_558b27411147,2022-06-30,0,18327.3,33.41,14626.75,15.319,60,3-5y,16.48,south,B
ln_ab07197f8455,2022-02-28,0,66062.43,30.16,18182.66,13.541,60,5-10y,23.16,west,A
ln_b03a889cea32,2023-03-31,0,97054.5,18.44,7094.99,10.137,36,1-3y,13.05,east,A
ln_bc197b2490ce,2023-11-30,0,68537.11,15.95,7662.12,10.738,60,3-5y,14.21,south,B
ln_6f1f281cded5,2023-03-31,0,60121.18,29.65,17882.68,17.116,60,3-5y,14.14,south,A
ln_f7b31a18c5fd,2022-04-30,0,51535.63,31.4,45819.95,14.659,60,3-5y,19.5,east,A
ln_a8abd73c48f8,2022-12-31,0,51668.66,30.2,7799.62,15.647,36,1-3y,10.66,south,A
ln_857637df1744,2022-03-31,0,38718.2,18.93,6851.17,15.08,36,5-10y,7.91,east,A
ln_0481d2282caf,2022-05-31,0,82462.07,14.95,7747.98,13.226,36,3-5y,6.1,south,A
ln_1f3dd72c2439,2022-07-31,0,59020.29,9.09,9787.86,6.277,60,5-10y,9.25,north,A
ln_2fe55e288479,2022-11-30,0,76379.1,14.18,4669.47,13.221,36,<1y,4.24,south,A
ln_cfd8099f886e,2023-06-30,0,29774.59,27.78,14233.4,12.341,36,10y+,13.69,west,B
ln_a0b9bae5707c,2022-08-31,0,76515.54,24.54,8520.98,13.966,60,3-5y,12.76,east,A
ln_0e7e46d577df,2022-09-30,0,41558.75,13.29,15818.6,12.682,36,10y+,11.04,west,B
ln_1415893105c1,2023-05-31,0,60559.85,9.55,12393.39,10.438,36,5-10y,8.27,east,A
ln_86e80e9d3461,2022-07-31,0,76547.09,20.71,4461.34,9.154,36,1-3y,17.82,south,B
ln_46cd2939ce81,2023-08-31,0,103251.8,25.16,17174.83,12.35,36,5-10y,16.85,south,B
ln_3c2d69e41c7e,2023-04-30,0,44773.2,22.16,3422.44,10.373,36,1-3y,9.41,east,A
ln_0c8f68c0f95d,2023-03-31,0,33137.81,34.25,23587.73,17.752,60,5-10y,15.98,south,A
ln_91285ca0aa12,2022-04-30,0,40074.37,14.97,7993.98,10.965,60,5-10y,19.3,south,A
ln_e37bcb2b5f91,2023-08-31,0,43039.48,24.13,15949.9,14.013,36,10y+,9.81,south,B
ln_3d279a21afbf,2023-06-30,1,83149.58,47.54,34104.16,23.903,60,<1y,8.9,west,A
ln_ec8a98c23383,2023-02-28,0,56129.61,20.01,9998.18,10.556,36,3-5y,14.14,east,B
ln_c3aac313b314,2023-06-30,0,79579.5,25.53,8678.25,12.966,60,10y+,18.36,north,A
ln_2dfb17189c73,2023-05-31,0,56015.51,19.64,24536.47,9.811,36,5-10y,8.71,west,B
ln_67deaa5138c3,2022-09-30,0,78316.19,18.71,19131.01,14.78,60,<1y,7.48,north,A
ln_bbd95349fa1f,2022-09-30,0,47774.15,7.81,16656.94,5.927,36,5-10y,11.76,north,B
ln_0219f1142525,2023-04-30,0,62598.27,18.62,6066.85,13.084,60,1-3y,11.22,north,A
ln_6415aecb7745,2022-02-28,0,96926.3,23.34,15619.45,10.9,36,5-10y,18.18,west,B
ln_25849b754010,2022-07-31,0,79234.89,19.75,13829.23,13.419,36,1-3y,8.11,south,A
ln_0eb596ccf60f,2022-12-31,0,53584.65,14.19,17909.61,11.253,60,<1y,11.24,west,B
ln_5a4059baf97b,2022-12-31,0,141878.77,17.73,18301.08,12.183,36,<1y,4.88,east,B
ln_2463d028b5dd,2022-01-31,0,72091.04,2.13,7623.22,6.171,36,10y+,18.6,west,B
ln_6ee36272fd6f,2022-07-31,0,60829.64,25.06,8405.7,13.391,36,10y+,10.99,north,A
ln_1d0689ff1597,2023-12-31,0,74262.35,15.48,36247.4,9.493,36,10y+,13.43,north,A
ln_7f273971f785,2023-02-28,0,190280.1,5.45,8608.66,8.881,36,3-5y,8.09,south,A
ln_ede8a1519393,2022-01-31,0,45342.64,25.77,8409.91,15.497,36,10y+,10.01,east,B
ln_9821b01e0250,2023-01-31,0,100130.01,17.61,13155.03,13.07,36,<1y,6.51,east,B
ln_1a4eb813833d,2022-12-31,0,51142.17,11.19,1667.05,9.856,36,3-5y,11.73,east,B
ln_94206be85a99,2022-08-31,1,78659.31,16.25,43993.2,10.35,60,1-3y,13.74,south,B
ln_05f7212d3497,2023-06-30,0,39012.38,22.3,23039.84,10.722,36,1-3y,17.31,west,A
ln_711e99406c53,2022-01-31,1,27165.13,23.65,49319.28,9.481,36,5-10y,7.63,east,B
ln_5313973cba5a,2022-09-30,0,31012.22,11.72,25094.21,9.561,36,10y+,16.03,west,A
ln_1976210b7905,2023-02-28,0,63428.49,26.29,9406.23,11.49,36,5-10y,11.82,south,B
ln_7e08dfe3b179,2022-07-31,0,159975.81,22.91,15718.36,9.773,60,5-10y,14.16,east,B
ln_61102f9bd647,2022-03-31,0,58432.11,11.83,15577.94,4.04,36,1-3y,10.28,south,A
ln_dc78bd03868b,2023-07-31,0,94181.4,6.82,23033.91,10.315,36,1-3y,9.35,south,B
ln_ab5b191b78b2,2023-07-31,0,93826.06,16.1,11122.53,10.225,36,1-3y,9.01,north,A
ln_a0f57e3d5aa6,2022-05-31,0,23488.72,32.55,13873.54,19.444,60,10y+,19.15,north,A
ln_88145f29f3a4,2023-03-31,0,58973.69,24.7,3418.37,13.01,36,5-10y,16.68,west,A
ln_b370597ee4dd,2022-09-30,0,78168.66,29.63,20320.21,12.677,36,10y+,18.04,east,B
ln_8bf0f4783c43,2023-10-31,0,65421.09,29.05,11050.53,13.21,60,1-3y,9.63,south,B
ln_3cf9de0fcea9,2022-10-31,0,89873.19,15.07,2685.33,8.412,36,<1y,10.97,north,A
ln_9f8a51083c4b,2022-05-31,0,60483.9,24.85,6351.32,12.772,36,1-3y,7.5,north,A
ln_c0acb803ba4a,2023-04-30,0,53736.22,13.46,21891.76,10.726,60,1-3y,11.58,west,A
ln_10aa2fab9d77,2022-04-30,0,42034.78,22.63,8640.0,8.38,36,1-3y,8.81,west,A
ln_39a0c715ad9f,2023-05-31,0,67122.32,15.82,14728.3,10.492,36,10y+,11.47,south,B
ln_3be351274b0c,2023-09-30,0,53633.63,21.18,21882.59,13.491,60,1-3y,9.5,south,A
ln_c556d92fe39c,2022-04-30,0,65546.0,10.66,13441.61,9.092,36,<1y,9.53,west,B
ln_f8eaa8a1e42e,2022-05-31,0,60250.3,14.21,25765.84,12.945,36,1-3y,14.47,south,A
ln_76c61478a2cb,2023-07-31,0,84945.35,11.43,31078.59,8.353,36,3-5y,14.25,south,A
ln_e2545debc69b,2022-02-28,0,55729.11,15.58,9111.42,12.179,36,3-5y,11.86,west,B
ln_a4e1d1324a1f,2022-02-28,0,82963.47,25.38,8785.07,13.279,36,3-5y,13.52,east,A
ln_741552f78a6f,2023-03-31,0,11571.68,19.07,13005.89,14.385,36,<1y,14.5,east,A
ln_27590f3566c1,2022-12-31,0,107508.43,24.08,7998.9,11.279,36,3-5y,12.17,north,A
ln_bfc42817048e,2023-11-30,1,67555.4,23.22,7764.34,11.684,36,5-10y,10.04,west,A
ln_445fac565179,2023-08-31,0,57906.44,16.2,23793.48,9.098,36,10y+,18.48,west,A
ln_087c90fc35d8,2022-10-31,0,59222.72,29.93,13320.67,17.415,36,3-5y,16.61,east,B
ln_910a1544311c,2022-04-30,0,139629.88,15.68,2387.78,11.24,60,3-5y,17.16,north,B
ln_7b57eb94ddf2,2023-05-31,0,74176.9,32.77,10182.04,15.979,36,<1y,16.5,east,A
ln_1510712a5d3a,2022-08-31,0,78119.51,13.23,14501.15,5.424,36,3-5y,16.39,west,B
ln_5b7d82269bbf,2023-11-30,0,58473.87,22.05,18001.92,15.014,36,5-10y,17.07,south,B
ln_9aee25bb33bd,2023-07-31,0,115062.23,17.8,19940.61,9.186,36,5-10y,11.56,east,A
ln_bee277e116e1,2022-02-28,0,56340.46,6.18,14885.31,10.435,60,5-10y,13.25,north,A
ln_b6b2687e6d0d,2023-01-31,1,53518.24,31.86,16983.64,17.211,36,1-3y,10.07,north,A
ln_afc68d47a056,2022-05-31,0,72630.84,6.68,10357.7,7.53,36,1-3y,12.09,south,A
ln_1b31359d98e9,2023-08-31,0,79634.0,21.34,12017.06,10.355,36,1-3y,11.93,north,A
ln_6f23e2e03ebc,2022-08-31,0,134695.75,18.95,13068.81,11.207,36,3-5y,7.66,east,A
ln_9aa9eaf804b3,2022-09-30,0,43830.63,14.03,9152.51,11.169,60,3-5y,11.38,east,A
ln_0df238e7325c,2022-06-30,0,82668.08,13.15,12246.29,11.586,36,3-5y,9.31,east,B
ln_23c79237af7e,2023-10-31,1,123385.91,19.83,4506.73,16.25,60,<1y,14.16,north,A
ln_03b321079222,2022-11-30,0,45156.7,19.77,16841.24,12.54,60,<1y,13.81,south,B
ln_5303d2b06d59,2023-11-30,0,20759.31,28.92,11094.03,12.458,36,5-10y,16.1,east,B
ln_82a59eb30e62,2023-09-30,0,63662.85,27.05,10554.48,11.435,36,3-5y,12.87,north,B
ln_c88245d3588c,2023-01-31,0,79515.83,19.04,8117.54,11.982,60,5-10y,15.12,west,B
ln_fe20e93072f2,2022-04-30,0,48357.75,18.82,10810.14,10.28,60,1-3y,17.78,south,A
ln_13d63b20c3cf,2023-03-31,1,19214.52,26.86,23089.25,12.653,36,3-5y,9.83,west,B
ln_8fd0e54f95e9,2022-01-31,0,63991.27,20.42,9352.24,9.356,36,10y+,13.22,north,B
ln_e918684fe552,2022-12-31,1,121882.68,25.44,16283.52,17.202,36,<1y,6.9,south,A
ln_8b0e9b46c7d4,2022-01-31,0,58478.52,21.59,9053.48,16.038,60,3-5y,10.52,north,B
ln_6c74590c8bde,2022-04-30,0,119244.91,35.21,34803.81,15.208,36,<1y,6.08,north,B
ln_83804fda8804,2022-02-28,0,53035.82,27.11,8072.75,11.42,36,1-3y,10.7,south,A
ln_845cfd956953,2022-01-31,0,44520.14,28.03,5650.95,11.376,36,10y+,13.44,east,A
ln_87feb195ee11,2022-02-28,0,48359.35,18.33,34233.5,9.147,36,3-5y,19.27,north,B
ln_5b906e117233,2023-03-31,0,25045.75,30.02,20224.63,14.737,60,3-5y,13.8,south,B
ln_397aec32278e,2023-01-31,0,31017.66,24.89,10991.35,14.589,36,5-10y,23.18,south,B
ln_e90b6e60e918,2023-03-31,0,144847.25,13.97,19051.65,14.585,60,1-3y,5.51,east,A
ln_1edf4fe3e489,2023-06-30,0,52802.56,21.4,10571.73,11.039,60,1-3y,16.08,north,B
ln_891bf0c7ea8b,2023-12-31,0,45028.14,32.83,13916.19,10.936,36,<1y,10.2,north,B
ln_e9715e57200b,2022-02-28,0,65348.49,28.0,9834.72,11.281,36,1-3y,18.94,west,A
ln_ca5788e41930,2023-09-30,0,54494.82,29.94,14149.46,16.799,36,3-5y,6.87,north,A
ln_c082554fb7e4,2023-11-30,0,61659.16,10.84,40724.09,10.735,60,5-10y,10.11,west,A
ln_81fa00af247e,2023-05-31,0,90757.1,7.73,27908.5,9.419,60,10y+,14.34,west,A
ln_058441706ff4,2023-06-30,0,40245.1,30.76,13802.18,17.15,36,1-3y,9.79,west,A
ln_9e770c43951b,2022-05-31,0,98615.98,11.94,13539.35,10.296,36,1-3y,5.1,south,A
ln_bd15d1aabd6b,2023-08-31,0,45748.54,29.05,4200.33,18.496,60,5-10y,11.97,east,B
ln_24c1a3ac4e7d,2022-09-30,0,61137.69,10.47,11675.9,7.15,36,3-5y,19.09,north,B
ln_d360907633ff,2023-11-30,0,86805.8,15.41,9566.26,7.988,36,5-10y,7.52,south,B
ln_fa1355e82c31,2023-12-31,1,77410.37,36.36,20338.95,18.223,36,5-10y,11.51,north,B
ln_f3b819af25fd,2022-08-31,0,68301.97,26.71,29062.99,15.765,36,5-10y,11.68,east,B
ln_cb776e950820,2022-10-31,0,206739.16,0.5,10434.94,6.561,60,1-3y,22.17,north,B
ln_18845db0f249,2022-07-31,0,60159.85,12.45,25204.98,8.969,36,<1y,6.49,south,B
ln_159d285a2c61,2023-04-30,0,20392.64,17.2,66061.14,12.138,36,1-3y,11.74,north,A
ln_21ec4bf8bf47,2023-02-28,0,28528.61,15.06,17421.57,9.999,60,3-5y,10.7,south,A
ln_d68998254dcc,2023-09-30,0,53220.28,20.35,22205.17,11.766,36,1-3y,7.35,east,A
ln_21859b30e62d,2022-07-31,0,83539.78,12.89,18640.39,12.215,36,5-10y,15.45,east,A
ln_d0b2a7ba76c0,2023-05-31,0,44623.03,10.25,6324.81,8.81,36,5-10y,15.94,west,A
ln_b6cf8c2cb873,2023-06-30,0,64061.06,29.55,9893.58,11.294,36,5-10y,29.12,south,A
ln_66cc0b4791a3,2022-08-31,0,55726.7,23.76,3598.1,13.131,36,<1y,10.5,north,B
ln_032c3089bfeb,2023-08-31,0,75984.76,23.13,4317.51,10.9,36,1-3y,14.44,east,B
ln_065c1437428d,2023-01-31,0,47964.73,7.25,17371.56,9.839,36,<1y,9.91,east,A
ln_a125d5aaed58,2022-11-30,0,58063.25,31.05,26078.65,15.694,36,3-5y,16.02,south,A
ln_2fefd580c5cf,2023-04-30,0,86419.79,26.22,11775.14,16.636,36,1-3y,11.98,west,A
ln_a68092c383e0,2023-03-31,0,54549.57,14.44,10916.53,15.329,36,<1y,6.66,east,B
ln_f903878236d7,2022-02-28,0,27807.91,0.5,22580.99,4.264,36,5-10y,12.44,west,A
ln_ba10446f1cd5,2023-02-28,0,21286.4,17.16,10658.4,12.89,60,3-5y,7.55,west,A
ln_098a0956cce7,2023-12-31,1,71582.74,32.82,6936.14,11.339,36,3-5y,20.5,north,A
ln_d781951d0e3c,2023-03-31,0,82051.8,24.45,20123.83,16.296,36,5-10y,13.95,south,A
ln_787764e69849,2023-05-31,0,91900.28,20.78,10302.51,12.083,36,1-3y,6.63,south,A
ln_dcd4285863ce,2022-11-30,0,70275.54,24.0,10332.68,13.499,60,<1y,6.05,east,B
ln_d4c85d525fef,2023-09-30,0,46289.27,27.86,5504.98,14.808,60,10y+,15.37,east,B
ln_5f21fff819e7,2023-08-31,0,44465.23,17.49,11545.66,9.478,60,1-3y,5.69,south,A
ln_318bfc674858,2022-09-30,0,136787.85,20.92,17198.97,12.419,36,10y+,22.82,south,B
ln_11e7a7890d38,2023-10-31,0,22306.78,33.34,25644.43,13.087,36,1-3y,15.37,south,A
ln_caeb405e0a70,2023-03-31,0,80119.24,21.89,6365.65,10.116,36,3-5y,16.82,east,B
ln_d0524104b13c,2022-12-31,0,92569.6,36.94,13923.26,13.711,36,1-3y,14.15,north,A
ln_3ef7c7adfece,2023-04-30,0,24775.47,26.14,15222.66,13.872,36,10y+,21.11,east,A
ln_ae0e77e49188,2022-08-31,0,50554.62,19.64,15010.62,10.709,36,<1y,16.09,west,B
ln_0d0872c90252,2023-05-31,0,63324.2,13.22,4530.13,10.095,36,3-5y,7.02,north,B
ln_6713ef8bbfe3,2023-01-31,1,110128.29,28.44,9316.96,16.875,36,1-3y,5.88,north,A
ln_9a965015decf,2022-04-30,0,51644.29,24.93,9395.64,12.566,36,1-3y,18.82,south,B
ln_4b40ec6abc3f,2023-08-31,0,56906.04,32.8,30680.99,16.909,36,10y+,16.16,south,B
ln_c8b9c2450048,2022-07-31,0,85093.5,19.4,1836.62,13.956,36,1-3y,11.42,south,B
ln_c4a97b258305,2023-11-30,0,46737.93,15.45,65085.66,7.699,36,10y+,12.31,north,A
ln_ac99bf72c7d0,2023-11-30,0,45908.64,20.43,15307.91,7.742,36,3-5y,10.85,west,B
ln_64e9af0e7689,2023-03-31,0,58226.8,16.42,8897.48,11.166,36,1-3y,8.52,east,A
ln_61cee6a82bd1,2022-07-31,0,105432.37,20.28,4943.28,12.703,36,1-3y,9.36,north,B
ln_b645e0cb9a81,2023-03-31,0,76361.36,20.25,14865.29,13.225,36,1-3y,18.72,south,A
ln_8dc0ac2b2c1b,2022-07-31,0,59042.91,29.07,10323.86,15.292,60,1-3y,12.88,west,B
ln_13b3aa12faab,2022-12-31,0,77911.85,12.74,37225.16,8.667,60,<1y,22.99,south,A
ln_df1eb21e7d9d,2022-12-31,0,57214.62,35.42,20871.31,16.424,36,<1y,8.06,south,B
ln_eab1b28346d0,2022-12-31,0,99141.21,14.3,11990.34,10.124,60,3-5y,7.58,south,B
ln_3cb578cb0cd1,2022-07-31,0,50235.22,17.35,24985.57,12.675,36,1-3y,7.95,east,A
ln_badeec85e3d0,2023-02-28,0,99183.67,21.0,9504.23,11.49,36,10y+,10.02,north,A
ln_b97afeeb7125,2022-06-30,0,104408.76,16.66,11972.31,13.332,60,3-5y,11.75,west,A
ln_8039e55139fd,2023-07-31,0,40514.47,22.18,16729.11,12.627,36,1-3y,9.37,north,B
ln_2120ffa154a5,2022-09-30,0,77004.9,14.82,20858.02,9.189,36,5-10y,17.64,north,A
ln_614399828b6d,2022-05-31,0,44177.97,27.93,21131.74,14.533,36,10y+,16.76,south,A
ln_50629c834a7d,2022-09-30,0,107509.32,28.16,8022.37,16.246,60,3-5y,11.65,west,B
ln_816cfa73b89d,2022-03-31,0,35773.18,26.49,25210.57,16.057,36,1-3y,9.34,north,A
ln_c62a5abd80c0,2023-04-30,0,125072.24,0.5,19408.51,5.97,36,5-10y,6.5,south,A
ln_b82d7eb078d3,2023-02-28,0,27984.61,28.68,3671.95,12.9,36,1-3y,21.45,south,B
ln_e7373be18d84,2022-11-30,0,50375.54,24.51,9338.78,11.73,36,<1y,14.02,west,B
ln_0fa99fb1d5cf,2022-10-31,0,46370.02,23.64,22212.37,14.28,36,<1y,5.86,east,B
ln_dd6bdf3f6d2d,2022-04-30,0,52921.73,4.18,12101.13,3.5,36,5-10y,11.16,west,B
ln_84f5767f1333,2023-02-28,0,24854.99,10.55,3970.67,7.803,36,1-3y,10.71,south,A
ln_624f24996a9d,2023-07-31,1,39398.53,42.23,4210.89,16.422,36,5-10y,15.08,south,B
ln_eb79d05c7d14,2023-11-30,0,39719.7,24.2,25563.84,13.792,36,1-3y,10.28,west,A
ln_1a476680e189,2023-06-30,0,48166.57,17.7,5094.45,11.886,36,1-3y,12.56,south,A
ln_f24c1ce843c3,2023-09-30,0,50540.72,19.64,12603.86,15.077,60,3-5y,10.24,north,A
ln_92bb3951949e,2023-11-30,0,121302.74,12.88,7377.72,9.292,36,3-5y,12.4,south,A
ln_caace8886e2a,2022-02-28,0,59366.17,34.09,5904.44,15.054,36,5-10y,21.53,north,A
ln_0035c09eddcc,2022-08-31,0,98008.93,13.64,13700.44,12.45,60,<1y,6.54,north,A
ln_4ae71a0d2e2e,2023-02-28,0,45505.27,32.26,20421.85,19.509,36,1-3y,7.54,north,A
ln_3d4459ca4423,2022-02-28,0,86050.9,21.23,10539.09,10.887,36,10y+,16.24,east,B
ln_537985e5f108,2023-12-31,0,60469.45,18.02,20239.03,4.792,36,5-10y,15.31,east,A
ln_e8b5ff368c3d,2023-10-31,0,155428.89,32.26,14498.06,13.427,36,5-10y,15.39,south,A
ln_cb5dbe10b74c,2023-10-31,0,106478.89,24.62,31002.0,11.914,36,1-3y,11.37,east,B
ln_23452415be1f,2022-11-30,0,47841.85,11.7,12027.72,10.133,36,3-5y,15.06,south,A
ln_87ff01ac84cd,2023-03-31,0,45136.71,25.18,22436.07,10.665,36,3-5y,9.5,east,B
ln_81ddc4272f90,2023-07-31,0,84897.14,12.87,12314.01,8.704,36,1-3y,16.05,north,A
ln_65d58f9202f2,2022-02-28,0,72848.17,21.09,16912.94,13.221,60,5-10y,14.42,east,B
ln_8a2f0709a905,2023-01-31,0,126227.36,32.53,14069.05,15.202,36,3-5y,19.57,north,B
ln_2016a4ad19ce,2022-02-28,0,48983.14,32.71,47352.14,10.381,60,5-10y,20.2,south,A
ln_794481406a0a,2023-12-31,0,47166.26,27.01,5058.95,14.186,36,1-3y,5.23,north,A
ln_92d6e49af9ea,2022-05-31,0,48801.02,24.47,16869.26,10.087,60,1-3y,24.26,west,A
ln_0d8bce3cba68,2022-03-31,0,43734.12,33.17,9962.69,20.899,36,1-3y,10.11,east,A
ln_0894978cfeaf,2023-03-31,0,75132.95,16.63,13025.11,11.573,36,1-3y,17.21,north,A
ln_f1f88c0814e4,2023-04-30,0,45988.54,39.07,14007.56,20.784,36,5-10y,12.22,west,B
ln_a303582d321f,2023-12-31,0,235072.95,27.6,20748.03,11.684,36,10y+,10.76,south,A
ln_72d44c3b2b0d,2022-05-31,0,55099.77,8.83,17610.44,6.602,36,1-3y,9.3,west,B
ln_39cd03568d18,2023-02-28,0,167928.93,34.21,8518.88,21.283,60,3-5y,9.37,north,A
ln_10c44ec60305,2022-07-31,0,90735.88,22.99,7981.85,14.53,36,10y+,11.72,south,B
ln_9ebadd37a1ef,2023-10-31,0,64407.12,18.29,14775.8,9.624,36,1-3y,13.24,south,B
ln_bff59a490fe0,2023-02-28,0,66777.79,27.58,10896.76,17.132,36,1-3y,10.97,south,B
ln_3149be0c5cad,2023-04-30,0,59901.85,24.2,31631.71,15.716,36,5-10y,15.65,north,B
ln_51ae89c0e028,2022-12-31,0,46863.65,24.12,16581.75,14.153,36,<1y,10.31,south,A
ln_4ca0c6b41654,2023-05-31,1,86231.79,29.33,13086.99,15.469,36,3-5y,10.89,west,A
ln_dfd3cd19d3c3,2023-12-31,0,56268.14,14.04,26198.53,10.81,36,3-5y,10.98,east,B
ln_5090b13415e3,2023-05-31,0,100252.35,28.95,25775.29,11.788,60,<1y,11.15,south,A
ln_c8745999a21b,2022-07-31,0,78284.13,22.25,5389.82,13.275,36,1-3y,7.16,west,B
ln_da82c3b0f693,2022-07-31,0,78606.79,21.87,19713.05,13.411,60,3-5y,13.97,south,B
ln_5358f68a7e92,2023-09-30,0,56025.13,10.39,14597.4,7.878,36,1-3y,14.21,north,A
ln_36ffb3d8745d,2023-05-31,0,67905.34,26.18,12509.08,12.444,36,10y+,16.31,north,B
ln_1eac363ac8dd,2023-09-30,0,117274.07,10.67,15384.52,7.492,36,5-10y,25.48,south,A
ln_cf49bc83c82f,2022-04-30,0,89858.07,14.37,11871.98,10.25,36,<1y,10.34,west,A
ln_ade2ed1e6737,2022-09-30,0,67263.82,35.37,11460.87,12.378,36,10y+,16.15,south,B
ln_685aa48091df,2022-08-31,1,37463.52,37.67,9687.57,17.176,36,5-10y,10.45,south,A
ln_fb6ef3c95f58,2022-08-31,0,54086.45,32.12,22779.42,14.903,36,3-5y,13.98,south,A
ln_95e0c0bff7bd,2022-07-31,0,59968.83,17.64,25782.85,12.573,36,1-3y,9.26,west,B
ln_584781045131,2023-10-31,0,65272.68,16.23,10819.52,12.89,36,1-3y,4.15,north,A
ln_9d2386e7a78c,2023-04-30,0,62422.41,15.4,6797.21,14.654,60,10y+,14.03,east,B
ln_6f2f64fae7b3,2022-11-30,0,43568.94,24.27,6754.32,11.208,60,<1y,7.67,west,A
ln_6b5b07da9748,2022-07-31,1,42557.66,34.13,10453.09,17.345,60,1-3y,16.99,north,B
ln_9b5cf7df88ce,2022-03-31,0,97055.51,28.06,12329.39,14.321,36,1-3y,10.86,west,B
ln_292db78693e1,2022-02-28,0,43237.0,16.77,26485.79,12.351,36,10y+,18.11,south,A
ln_6a568236fb70,2023-11-30,0,30074.89,11.36,11009.31,8.844,60,10y+,14.67,west,B
ln_a8e39bd7c3c0,2023-05-31,0,54776.88,11.7,12716.94,11.028,36,<1y,8.62,south,A
ln_9644718bd0bf,2023-04-30,0,34431.48,27.1,10037.43,16.671,60,5-10y,14.06,south,B
ln_46b3c509bf59,2023-04-30,0,43490.75,16.23,20111.94,13.703,36,5-10y,8.94,east,A
ln_3308d1e25779,2023-02-28,0,64674.78,27.62,11573.26,12.731,36,<1y,17.08,south,B
ln_ffec9acbfe38,2022-07-31,0,37795.76,32.35,4739.98,13.729,36,5-10y,11.78,west,A
ln_cce001afb730,2023-05-31,0,86609.48,36.14,19304.57,17.196,60,5-10y,19.07,west,B
ln_83586b45f498,2023-03-31,0,83221.7,5.03,13498.4,6.569,36,10y+,11.14,west,B
ln_5ac898ff9829,2023-06-30,0,108617.83,5.64,8913.48,10.217,36,1-3y,10.96,west,A
ln_4324542e452b,2023-10-31,0,27484.95,21.31,7466.3,11.302,36,<1y,11.6,north,A
ln_e9a59fb1d36c,2023-04-30,0,100301.88,7.73,7786.52,6.693,36,10y+,17.31,south,B
ln_d1f7cbffde4a,2023-07-31,0,47682.45,10.51,8436.5,11.271,36,5-10y,11.38,north,B
ln_da0e27cd8dd3,2023-05-31,0,77866.15,3.49,13883.78,8.118,60,3-5y,7.42,east,A
ln_e7664ae723b9,2023-04-30,0,58810.31,16.73,9415.49,8.102,60,3-5y,14.51,north,B
ln_b1951c3af82f,2023-05-31,0,43710.66,15.49,11095.03,10.75,60,1-3y,7.89,south,A
ln_df20b8c5acd6,2022-03-31,0,93951.61,30.39,4369.47,16.306,36,10y+,25.3,east,B
ln_178471f58c33,2022-08-31,0,103363.57,13.3,13986.44,11.586,36,10y+,24.83,north,A
ln_d12222060495,2023-12-31,0,40725.74,20.67,11233.78,10.963,60,3-5y,9.32,west,B
ln_1ccbd42e300c,2023-04-30,0,73079.29,7.87,16305.94,11.388,36,1-3y,11.17,west,A
ln_d56a09211302,2022-03-31,0,52414.74,19.82,21116.6,11.348,36,5-10y,20.14,west,B
ln_a01ac2285ae7,2022-12-31,0,43685.96,18.04,14981.91,11.911,60,<1y,16.18,west,A
ln_a00c6f796706,2022-01-31,0,45610.17,20.01,17620.82,9.553,36,1-3y,13.15,south,B
ln_21b53c6bfb3d,2022-08-31,0,54177.52,30.99,6916.48,15.137,36,3-5y,11.64,east,A
ln_bcce79d1299e,2022-05-31,0,79555.54,27.64,18020.74,14.717,36,1-3y,6.8,south,A
ln_1ab885faa224,2023-10-31,0,101684.14,23.6,9411.37,10.917,60,1-3y,23.21,west,A
ln_8b446fb359e2,2022-05-31,0,26413.1,42.32,10899.95,22.867,36,3-5y,8.63,north,B
ln_a6f97ac728d7,2022-07-31,1,59153.35,31.13,3499.75,18.234,60,5-10y,9.33,east,B
ln_4b81aa94b5ce,2022-05-31,0,75935.11,24.39,19597.65,10.557,36,3-5y,14.17,west,A
ln_b6965cd5e97a,2022-02-28,1,53487.78,18.87,10527.96,10.505,60,1-3y,10.7,south,A
ln_0dc5865606ea,2022-05-31,0,62475.78,37.95,9170.64,16.813,36,5-10y,9.69,west,A
ln_60e2ec18c940,2023-02-28,0,46488.37,30.26,22798.63,15.433,60,1-3y,17.35,north,A
ln_47c9e5a6ca6d,2023-01-31,0,88427.15,13.01,11276.34,6.245,36,5-10y,11.92,west,A
ln_c5f1706dc5a5,2023-07-31,1,36248.67,17.74,6845.49,9.637,36,1-3y,15.55,south,B
ln_c620950d8b82,2023-01-31,0,65197.38,30.34,20540.99,15.004,36,5-10y,15.23,south,B
ln_bcee41f58f86,2023-01-31,0,67913.83,9.83,20852.91,3.5,36,10y+,20.82,south,A
ln_24e2cc94eac9,2022-03-31,0,102396.26,23.42,14713.16,12.987,36,5-10y,16.1,west,B
ln_20bcfdbe0a6b,2023-11-30,0,45986.23,27.43,39391.89,13.066,36,3-5y,13.5,east,B
ln_50a8bd54e608,2023-01-31,0,114307.83,3.56,24658.7,6.215,36,5-10y,9.17,east,B
ln_33d427d6dc8f,2022-09-30,0,32422.05,20.9,17697.36,11.589,36,10y+,11.48,north,A
ln_e505bb8a1ffc,2022-06-30,0,48438.87,31.59,19162.89,14.96,60,1-3y,7.86,west,A
ln_0ecdc9cfaec2,2022-10-31,0,71158.18,24.58,8097.15,11.913,36,1-3y,10.34,east,B
ln_15b601607a5a,2023-06-30,0,47416.67,24.08,25593.08,14.646,36,1-3y,13.51,east,B
ln_008e8e94e144,2022-07-31,1,45951.72,33.5,18627.86,14.995,60,5-10y,10.76,east,B
ln_ac6b917b3df9,2023-10-31,0,105115.62,27.74,10730.3,15.005,36,1-3y,16.26,west,B
ln_c1c08f57ed98,2023-02-28,0,39059.19,24.79,12394.13,13.941,36,10y+,11.64,west,A
ln_8fcc5fd37350,2023-08-31,0,72039.75,20.29,27276.46,10.755,36,1-3y,8.24,west,A
ln_032d4afd2768,2022-05-31,0,74018.93,22.82,12563.46,10.938,36,10y+,16.16,south,A
ln_fa2235882935,2022-10-31,0,94134.82,23.44,10394.9,8.456,36,1-3y,7.5,south,A
ln_ed9e60708bad,2022-12-31,0,130933.53,26.52,13820.46,16.237,36,5-10y,13.5,south,B
ln_fc8f6b1df4b1,2022-06-30,0,34053.15,15.43,22829.73,7.059,36,5-10y,11.93,south,B
ln_2200068c42da,2022-07-31,0,35635.32,24.17,11436.56,12.703,36,3-5y,11.8,west,B
ln_03814960a44b,2022-02-28,1,48410.32,39.47,18911.88,17.642,36,5-10y,9.91,north,A
ln_69d4991e6d7e,2023-03-31,0,222183.81,5.08,42566.01,6.5,36,<1y,21.45,south,B
ln_c101d12b0e60,2023-09-30,0,47755.94,14.01,9097.97,8.853,36,5-10y,11.9,south,A
ln_09e5ca580340,2022-03-31,0,82849.49,4.8,20801.87,7.883,36,3-5y,7.83,east,B
ln_fb4652e29d98,2023-04-30,0,105642.79,9.62,9981.65,9.008,36,1-3y,17.23,west,B
ln_f1f669b54c66,2022-09-30,0,27530.95,27.85,16616.95,13.349,36,10y+,10.84,east,A
ln_7051fe20c7bd,2022-06-30,0,77105.6,9.59,10672.07,7.875,36,5-10y,18.88,south,A
ln_bb9c4efbfbd2,2023-01-31,0,20056.82,23.92,18283.1,10.058,60,10y+,22.86,east,B
ln_3f60d3c529f0,2022-04-30,0,53195.61,17.07,6272.97,9.89,60,1-3y,4.89,north,B
ln_1da984040140,2022-01-31,0,117772.0,23.32,16895.81,11.629,36,10y+,20.14,west,A
ln_8c988fa69af5,2022-11-30,0,62548.05,17.17,9607.62,12.331,60,3-5y,17.57,west,A
ln_53f2a8a62f3e,2023-07-31,0,44023.08,9.13,13306.01,9.251,60,1-3y,18.12,west,A
ln_534b378baa73,2023-02-28,0,111219.66,0.5,19496.57,6.504,36,10y+,17.12,north,A
ln_b7d9794816b5,2023-02-28,1,19670.66,33.99,21741.36,11.661,36,5-10y,6.12,east,A
ln_c67702cec6d9,2022-10-31,0,55579.67,15.21,31980.75,8.49,36,1-3y,12.33,south,A
ln_67527816e2c7,2022-09-30,0,46992.58,5.53,11182.78,4.697,60,5-10y,12.72,south,A
ln_306d142e7cfe,2022-02-28,0,60504.32,22.96,33668.81,12.532,36,1-3y,4.78,south,B
ln_ebb77fee9d2e,2022-10-31,0,124926.38,14.7,28989.09,10.592,60,<1y,11.1,south,B
ln_ffd808a294e1,2023-01-31,0,70281.51,18.07,7145.12,7.589,36,1-3y,13.37,south,B
ln_284e16d2b8ea,2022-06-30,0,48275.48,22.46,13217.46,12.915,60,10y+,17.33,north,B
ln_b02904ff02fa,2022-01-31,0,70013.65,28.09,8272.82,11.153,36,<1y,9.13,south,A
ln_f261d9078481,2023-06-30,0,71493.55,24.96,10573.94,7.055,36,3-5y,20.14,east,A
ln_2ffc665e694d,2022-03-31,0,43578.63,6.47,12172.42,4.997,36,10y+,14.88,west,A
ln_01a91d0ae63a,2022-01-31,0,63716.13,9.87,11230.87,8.12,36,10y+,15.45,north,A
ln_026560b692da,2022-08-31,0,38893.08,20.46,18701.84,10.465,36,1-3y,8.27,east,B
ln_f573386610f4,2023-05-31,0,43214.55,24.32,57107.1,12.098,36,1-3y,21.86,north,B
ln_62ba8d6a01dd,2023-03-31,0,51610.2,31.64,18587.09,13.528,36,1-3y,16.51,north,A
ln_61ac383a0f0b,2022-10-31,1,39263.6,38.67,16255.33,15.191,36,1-3y,7.09,north,B
ln_db9fce7979a8,2022-07-31,0,59863.05,14.72,18826.56,7.392,36,5-10y,16.57,west,B
ln_887e9750b639,2023-07-31,0,86539.87,22.63,39745.8,10.076,60,3-5y,9.5,west,A
ln_cc6c44f2226e,2022-07-31,0,176347.6,8.03,8968.92,7.419,60,1-3y,15.35,east,B
ln_3d20b81886e5,2022-06-30,0,52000.93,23.65,13941.45,13.825,60,<1y,16.32,east,A
ln_b4e9143bc8f3,2022-10-31,0,57392.09,28.55,33007.29,16.267,36,5-10y,13.65,east,A
ln_e1c3a9977d24,2022-01-31,0,60150.19,31.28,35945.38,15.335,36,3-5y,12.17,west,B
ln_6a8d68893bd6,2023-11-30,0,38955.6,29.64,41682.5,16.334,36,10y+,18.69,west,B
ln_f2da17079ad3,2023-08-31,0,62758.83,24.21,101430.15,14.749,36,1-3y,8.39,south,B
ln_4c21897f7b48,2023-12-31,1,85973.14,19.97,29231.66,18.274,60,1-3y,2.6,west,A
ln_3fb74695a0f3,2022-10-31,0,77369.98,30.64,19149.2,15.039,60,1-3y,11.38,north,A
ln_708f3c05cfc6,2022-11-30,0,78981.29,19.31,14065.48,14.205,36,3-5y,14.01,south,A
ln_f27b25de7ea1,2022-02-28,0,46583.91,11.6,20375.12,11.391,36,10y+,19.38,east,B
ln_289edbc0aa98,2023-06-30,0,89716.79,33.94,24967.93,18.4,60,10y+,14.18,south,A
ln_6dbfd926dfb0,2023-09-30,0,66772.79,20.08,5906.49,12.042,36,5-10y,17.02,west,A
ln_aaa4fb8451bc,2023-06-30,0,48893.64,21.88,5622.37,11.721,36,1-3y,12.29,south,B
ln_421395df8a9f,2023-04-30,0,86844.73,24.76,19249.29,13.683,36,1-3y,14.21,east,B
ln_45c8a493275b,2022-04-30,0,66904.6,14.73,25086.7,10.085,60,10y+,21.83,south,A
ln_a0a18e02f970,2023-08-31,1,34442.61,28.91,7536.99,11.237,36,1-3y,9.0,east,A
ln_5d559253633a,2022-04-30,0,87310.8,10.95,17022.09,11.653,36,3-5y,8.28,west,B
ln_6e5e1c119c26,2023-02-28,0,35985.73,14.8,22337.26,9.424,36,10y+,13.66,south,B
ln_1d55d5581258,2023-04-30,0,39978.65,20.33,22681.45,10.248,60,3-5y,18.51,north,B
ln_b3197721282a,2022-01-31,0,49580.91,18.45,20270.93,10.72,60,5-10y,13.52,west,B
ln_8fefbebb0d36,2023-02-28,0,73540.46,16.96,16584.28,9.963,36,3-5y,11.05,south,B
ln_933791ff7d1f,2022-09-30,0,106879.48,18.19,32163.68,8.349,36,10y+,14.45,east,A
ln_613c1b67875d,2022-11-30,0,20020.19,24.23,18385.45,13.134,60,10y+,13.91,east,A
ln_6b34d5d2ed84,2023-10-31,0,71605.24,29.93,10124.59,17.924,36,1-3y,10.89,west,A
ln_95a4e6af3033,2023-02-28,0,54659.24,14.61,10613.26,11.34,60,3-5y,7.49,south,B
ln_0d7c42e7a38c,2022-02-28,1,31963.25,28.93,11670.21,14.627,36,1-3y,8.2,west,B
ln_9b75d479c7e9,2022-08-31,0,75977.7,25.13,15753.9,8.042,36,1-3y,17.69,north,B
ln_cf5f769d0c95,2022-08-31,1,78133.59,28.77,13392.57,14.505,60,1-3y,5.38,east,A
ln_167bf05c4cd4,2023-03-31,0,54173.8,27.23,6647.56,15.158,36,10y+,11.13,north,B
ln_bd00f0225eb1,2023-03-31,0,51290.18,12.39,45892.18,8.377,36,10y+,11.08,south,B
ln_7483f626c8f6,2023-08-31,0,45104.84,4.14,9773.16,11.727,60,3-5y,9.26,west,A
ln_3ddc7b5d4453,2023-04-30,0,145214.01,25.91,7638.85,15.228,36,5-10y,17.01,east,A
ln_5b1df7513855,2022-04-30,0,71862.65,26.18,47731.32,10.76,36,1-3y,13.39,north,B
ln_1ade18cfcd69,2022-04-30,0,123378.35,19.54,34789.6,10.108,60,5-10y,15.57,south,B
ln_578ae87fa68f,2023-09-30,0,111651.43,21.24,4201.22,15.624,60,5-10y,8.52,south,B
ln_2150746a4a27,2023-05-31,0,94085.36,20.99,6431.52,7.373,36,1-3y,12.78,west,A
ln_5575980ad22b,2023-07-31,0,63467.7,18.54,26948.85,8.815,36,1-3y,12.36,north,A
ln_76b877ada4d5,2023-07-31,0,50195.4,16.0,6441.29,11.123,36,1-3y,6.28,south,A
ln_c66029edd8c6,2022-07-31,0,68841.18,25.46,19811.46,14.363,36,1-3y,14.18,south,B
ln_08e95c65fc5c,2023-02-28,0,57883.88,20.17,5186.7,9.411,36,1-3y,7.14,south,B
ln_6df64cbfb048,2022-07-31,0,48859.89,11.3,8918.22,7.633,60,1-3y,7.71,west,A
ln_91d8a70d2798,2023-04-30,0,32666.54,24.49,13685.07,14.101,36,3-5y,12.93,east,A
ln_d57f06fc6109,2023-10-31,0,42236.62,29.59,18560.64,15.378,36,5-10y,14.51,north,A
ln_00e92d7ac86f,2023-02-28,0,52403.58,15.12,27052.1,11.226,36,3-5y,10.9,south,A
ln_30e7752f5fa0,2022-01-31,0,53410.68,16.12,23137.37,10.191,36,3-5y,9.09,east,A
ln_7e415cabf83a,2022-07-31,0,60451.01,27.13,18303.74,12.659,36,1-3y,9.91,south,A
ln_5474e118ca77,2022-01-31,0,95792.11,16.2,32439.55,9.156,36,1-3y,8.53,south,A
ln_cef03e8b1f34,2022-05-31,0,55359.59,24.55,14910.59,17.325,60,<1y,8.67,west,A
ln_160c3a22626d,2022-05-31,0,75517.45,5.56,22643.89,6.724,36,<1y,11.02,west,A
ln_582a9de4b81d,2022-06-30,0,75633.09,22.68,21597.11,12.129,36,5-10y,7.96,south,A
ln_530aabc4de3a,2022-09-30,0,118575.05,14.15,18893.36,12.699,60,1-3y,11.93,south,B
ln_6929607e57c9,2023-08-31,0,71333.21,24.48,8603.21,10.764,36,5-10y,10.42,east,A
ln_5bcd5ba52804,2022-12-31,0,155590.7,15.15,11627.97,8.086,36,5-10y,17.11,west,B
ln_179a4db3ed2e,2022-03-31,0,59382.5,14.31,17821.09,5.5,36,5-10y,15.56,north,B
ln_2205dc9c0913,2023-07-31,0,85088.53,25.2,12091.06,9.913,36,10y+,13.2,south,B
ln_a06d8af6458f,2022-10-31,1,40527.6,39.19,17383.37,20.09,36,1-3y,7.67,east,A
ln_17d1d3392ea3,2022-09-30,0,83162.07,18.89,23169.75,12.535,60,1-3y,10.85,south,B
ln_cd6675ea8e97,2023-07-31,0,46641.49,22.42,8649.94,13.378,36,5-10y,13.46,north,B
ln_f1e419b41e9b,2022-03-31,0,80515.31,10.46,34788.05,10.103,36,5-10y,12.76,west,B
ln_47f95869eee8,2022-08-31,0,47351.93,21.68,13945.77,14.66,60,5-10y,13.04,south,B
ln_6d3af7807ab1,2022-01-31,0,42464.52,9.84,31860.95,10.142,36,3-5y,11.19,east,B
ln_5cb3b388ab11,2022-03-31,0,48585.19,21.56,16428.72,10.381,36,3-5y,13.05,north,A
ln_1c3e0fa54020,2023-12-31,0,94846.28,22.99,16316.39,10.085,60,3-5y,24.5,west,B
